transaction_id,customer_id,amount,payment_method,failure_reason,customer_lifetime_value,successful_payments,failed_payments,previous_recovery_rate,hour_of_day,days_since_last_payment,subscription_status,checkout_abandoned,retry_count,recovered
TXN_1,CUST_2309,18789.55,UPI,insufficient_funds,190192.15,23,4,0.73,7,28,active,0,4,1
TXN_2,CUST_1178,7885.33,Wallet,insufficient_funds,32042.91,0,1,0.06,6,29,not_applicable,0,4,1
TXN_3,CUST_1407,30095.64,Wallet,card_expired,141906.44,14,4,0.02,0,20,not_applicable,1,2,0
TXN_4,CUST_1569,41638.89,Card,card_expired,43255.48,30,5,0.18,3,11,inactive,0,2,0
TXN_5,CUST_2735,15281.69,NetBanking,authentication_failed,105426.53,8,0,0.43,23,58,not_applicable,0,3,0
TXN_6,CUST_1161,30631.46,NetBanking,customer_abandoned,28759.28,19,5,0.29,18,24,not_applicable,0,0,0
TXN_7,CUST_2354,22857.89,Card,bank_declined,157250.02,2,3,0.2,3,48,inactive,1,2,0
TXN_8,CUST_1333,29661.49,NetBanking,bank_declined,10243.63,6,4,0.61,22,87,not_applicable,0,4,0
TXN_9,CUST_2300,3346.07,Card,authentication_failed,189828.22,23,3,0.97,5,59,inactive,1,4,1
TXN_10,CUST_1449,15300.23,NetBanking,insufficient_funds,20436.75,7,0,0.68,10,51,inactive,0,1,0
TXN_11,CUST_2870,6189.71,NetBanking,card_expired,99540.21,20,7,0.03,12,82,inactive,0,2,1
TXN_12,CUST_1285,13013.12,Card,customer_abandoned,132841.93,17,8,0.31,8,74,inactive,1,2,0
TXN_13,CUST_1449,27380.84,Card,authentication_failed,37786.04,15,1,0.97,1,14,active,0,3,0
TXN_14,CUST_2221,46981.0,UPI,network_error,179070.64,12,7,0.6,16,32,not_applicable,0,0,0
TXN_15,CUST_2396,4515.78,NetBanking,customer_abandoned,40000.59,10,1,0.05,9,55,active,1,0,1
TXN_16,CUST_2953,19495.0,NetBanking,authentication_failed,54998.46,24,2,0.83,16,13,not_applicable,1,4,0
TXN_17,CUST_2247,14118.63,Card,card_expired,108996.52,11,2,0.14,17,67,active,1,3,1
TXN_18,CUST_1039,3820.08,UPI,bank_declined,197390.5,28,4,0.77,7,7,active,0,0,1
TXN_19,CUST_2498,375.55,Wallet,insufficient_funds,163276.82,24,8,0.71,4,16,not_applicable,1,4,1
TXN_20,CUST_1338,38586.39,NetBanking,authentication_failed,15734.89,27,6,0.36,6,69,not_applicable,0,2,0
TXN_21,CUST_1817,43168.86,NetBanking,network_error,125036.33,28,8,0.33,14,15,active,0,0,1
TXN_22,CUST_1692,15618.02,UPI,authentication_failed,65711.48,17,3,0.73,18,28,active,0,0,1
TXN_23,CUST_1468,44371.92,UPI,insufficient_funds,94970.77,27,5,0.12,2,65,active,1,3,1
TXN_24,CUST_1438,38063.17,Card,customer_abandoned,112694.16,29,7,0.77,7,60,inactive,0,0,1
TXN_25,CUST_1198,26184.37,Wallet,bank_declined,86080.66,13,6,0.03,14,6,not_applicable,0,0,0
TXN_26,CUST_1824,1668.32,NetBanking,insufficient_funds,127645.67,7,3,0.31,6,68,inactive,0,3,0
TXN_27,CUST_1375,45387.57,NetBanking,network_error,50609.15,7,1,0.41,14,70,active,0,4,1
TXN_28,CUST_2712,11517.03,UPI,insufficient_funds,16319.0,29,3,0.29,5,52,inactive,1,1,1
TXN_29,CUST_2770,46491.91,Wallet,insufficient_funds,161815.96,5,6,0.63,0,49,inactive,1,2,1
TXN_30,CUST_1866,40203.24,Wallet,card_expired,38127.44,6,4,0.89,6,7,not_applicable,0,2,1
TXN_31,CUST_1117,40391.26,UPI,authentication_failed,179322.17,15,8,0.32,16,20,active,0,1,0
TXN_32,CUST_1140,11473.96,UPI,customer_abandoned,85994.45,27,3,0.82,12,15,not_applicable,0,4,1
TXN_33,CUST_2217,446.91,UPI,authentication_failed,102638.71,2,6,0.42,21,74,not_applicable,1,2,0
TXN_34,CUST_1418,6081.28,NetBanking,card_expired,68185.42,8,6,0.94,4,85,not_applicable,1,3,0
TXN_35,CUST_1647,25987.65,UPI,insufficient_funds,140900.77,14,1,0.36,2,68,active,1,1,0
TXN_36,CUST_2911,48126.12,NetBanking,insufficient_funds,51104.68,28,3,0.5,11,36,active,1,4,1
TXN_37,CUST_2440,14313.54,NetBanking,authentication_failed,8340.5,25,8,0.61,0,85,not_applicable,1,0,0
TXN_38,CUST_2922,2668.79,Card,bank_declined,56450.65,3,1,0.91,23,70,active,1,2,1
TXN_39,CUST_2238,7330.25,Card,customer_abandoned,98401.1,10,3,0.99,21,81,inactive,1,2,1
TXN_40,CUST_2854,33639.56,UPI,insufficient_funds,152562.3,20,6,0.24,8,5,active,1,1,0
TXN_41,CUST_2304,18452.38,NetBanking,card_expired,126828.86,23,7,0.63,17,90,inactive,0,0,0
TXN_42,CUST_1154,4605.46,Card,authentication_failed,167225.2,1,5,0.32,18,70,active,1,1,0
TXN_43,CUST_1085,2134.68,NetBanking,bank_declined,118587.7,28,0,0.68,11,26,not_applicable,0,0,1
TXN_44,CUST_1724,25653.44,Wallet,authentication_failed,46072.66,23,2,0.65,7,20,active,1,0,1
TXN_45,CUST_1367,34577.79,NetBanking,network_error,77960.33,25,3,0.94,8,20,not_applicable,0,3,1
TXN_46,CUST_2786,17119.21,UPI,network_error,23581.23,7,3,0.92,14,44,inactive,0,1,0
TXN_47,CUST_1048,12971.29,Card,network_error,132336.83,10,4,0.82,2,35,inactive,1,4,1
TXN_48,CUST_1678,26529.56,UPI,insufficient_funds,49128.61,28,4,0.09,5,74,inactive,0,0,0
TXN_49,CUST_2221,45030.86,Wallet,bank_declined,126987.19,23,5,0.34,13,77,not_applicable,0,3,0
TXN_50,CUST_2842,36325.19,Card,bank_declined,179524.94,1,6,0.89,0,66,not_applicable,0,2,1
TXN_51,CUST_1883,32137.38,UPI,customer_abandoned,17743.85,29,5,0.16,19,40,not_applicable,0,2,1
TXN_52,CUST_2038,30360.81,NetBanking,customer_abandoned,2830.21,13,5,0.1,12,89,inactive,0,1,1
TXN_53,CUST_1861,352.57,Wallet,customer_abandoned,33000.8,23,2,0.55,19,72,inactive,1,4,1
TXN_54,CUST_2707,32632.87,UPI,bank_declined,45629.59,9,3,0.71,13,74,not_applicable,1,3,0
TXN_55,CUST_1904,16337.44,Wallet,customer_abandoned,149551.79,6,8,0.65,15,21,not_applicable,0,2,1
TXN_56,CUST_2055,32914.88,NetBanking,insufficient_funds,114093.41,26,3,0.09,21,39,active,0,1,1
TXN_57,CUST_1050,13333.6,UPI,card_expired,49553.94,15,1,0.97,14,53,not_applicable,0,3,0
TXN_58,CUST_2012,44613.12,Wallet,card_expired,126596.59,4,0,0.79,3,54,active,0,4,0
TXN_59,CUST_1951,28887.5,UPI,authentication_failed,99011.02,7,1,0.2,14,17,inactive,1,3,0
TXN_60,CUST_2254,14110.54,Wallet,authentication_failed,5838.88,14,2,0.65,23,60,inactive,1,1,0
TXN_61,CUST_2720,47028.88,NetBanking,authentication_failed,190831.79,15,3,0.91,8,56,active,1,1,1
TXN_62,CUST_1556,871.29,NetBanking,bank_declined,185735.39,28,8,0.43,2,17,active,0,3,1
TXN_63,CUST_2421,48184.64,Card,customer_abandoned,170748.88,6,1,0.29,13,52,inactive,1,3,0
TXN_64,CUST_1127,42571.72,Card,network_error,64067.48,12,0,0.17,18,48,inactive,0,2,1
TXN_65,CUST_1611,46814.12,Wallet,network_error,139509.93,17,8,0.57,19,28,inactive,0,2,1
TXN_66,CUST_1892,30788.86,Wallet,insufficient_funds,198020.72,12,5,0.14,21,86,inactive,0,3,0
TXN_67,CUST_2883,43880.92,Card,authentication_failed,148412.95,17,0,0.7,12,75,not_applicable,0,0,0
TXN_68,CUST_2316,18038.61,Wallet,card_expired,59424.78,27,7,0.81,5,6,inactive,1,2,0
TXN_69,CUST_1433,43366.91,Wallet,bank_declined,182734.87,10,6,0.51,8,53,inactive,0,3,0
TXN_70,CUST_1039,39934.93,UPI,bank_declined,130342.82,7,1,0.7,20,5,active,0,1,0
TXN_71,CUST_2718,44511.27,UPI,authentication_failed,68261.04,4,3,0.38,4,60,not_applicable,0,4,0
TXN_72,CUST_2941,28956.18,Card,network_error,8152.51,22,4,0.47,11,21,not_applicable,0,1,1
TXN_73,CUST_2975,14398.41,NetBanking,insufficient_funds,118575.82,18,0,0.03,9,73,not_applicable,1,3,0
TXN_74,CUST_2928,41147.77,Card,insufficient_funds,72677.94,18,3,0.13,3,89,inactive,0,4,0
TXN_75,CUST_2602,38522.68,UPI,bank_declined,43948.38,17,6,0.62,21,47,active,1,0,1
TXN_76,CUST_2739,2678.92,Wallet,network_error,106739.57,3,6,0.54,11,81,inactive,0,3,0
TXN_77,CUST_1360,36331.96,NetBanking,authentication_failed,195194.56,25,8,0.52,15,59,inactive,1,2,0
TXN_78,CUST_2744,39779.79,Card,insufficient_funds,54895.62,8,7,0.44,7,59,not_applicable,1,2,0
TXN_79,CUST_1058,1365.0,Wallet,bank_declined,192567.03,5,7,0.84,6,45,inactive,1,2,1
TXN_80,CUST_2802,20506.75,NetBanking,authentication_failed,35485.57,0,8,0.16,6,10,active,1,3,0
TXN_81,CUST_2137,27506.41,Card,customer_abandoned,143204.59,15,7,0.66,14,2,active,1,1,0
TXN_82,CUST_1828,47747.78,Card,bank_declined,147841.49,21,5,0.55,15,70,not_applicable,1,3,0
TXN_83,CUST_2527,21038.04,NetBanking,bank_declined,50298.47,22,7,0.36,8,39,inactive,0,0,1
TXN_84,CUST_2477,818.24,Card,bank_declined,24098.46,3,8,0.05,22,23,active,0,3,0
TXN_85,CUST_1566,42787.48,NetBanking,insufficient_funds,141027.91,26,3,0.47,9,29,inactive,0,2,1
TXN_86,CUST_1028,24631.63,Card,bank_declined,95220.88,1,0,0.17,17,37,not_applicable,0,3,0
TXN_87,CUST_1210,19985.39,UPI,authentication_failed,123554.17,9,7,0.64,15,56,inactive,0,0,0
TXN_88,CUST_1517,18793.17,Wallet,insufficient_funds,125546.12,26,1,0.5,12,62,active,0,1,0
TXN_89,CUST_1305,32968.81,NetBanking,insufficient_funds,33423.95,7,1,0.07,17,53,not_applicable,0,4,0
TXN_90,CUST_1779,1422.91,Wallet,network_error,117569.34,9,6,0.94,9,72,not_applicable,0,4,0
TXN_91,CUST_2966,19469.68,UPI,card_expired,129014.36,20,3,0.46,8,84,active,0,1,1
TXN_92,CUST_1355,47079.09,UPI,card_expired,77834.42,0,6,0.96,14,88,not_applicable,1,2,1
TXN_93,CUST_1066,9869.98,Card,bank_declined,14802.9,22,4,0.1,22,58,active,0,2,1
TXN_94,CUST_2613,4812.7,Card,network_error,136918.35,3,8,0.07,7,82,active,1,1,1
TXN_95,CUST_1146,42259.28,UPI,card_expired,5631.12,25,4,0.81,19,72,inactive,1,0,1
TXN_96,CUST_1959,5996.42,NetBanking,customer_abandoned,139650.7,12,4,0.63,16,69,inactive,1,0,0
TXN_97,CUST_2224,36780.05,UPI,network_error,160892.71,23,5,0.28,19,32,active,0,1,1
TXN_98,CUST_2969,37555.68,UPI,customer_abandoned,161560.11,26,4,0.99,18,5,active,1,4,1
TXN_99,CUST_2334,18663.7,Wallet,bank_declined,155506.18,5,6,0.34,20,62,active,1,2,1
TXN_100,CUST_1836,42934.8,NetBanking,bank_declined,86369.81,21,1,0.75,5,42,inactive,1,2,0
TXN_101,CUST_2356,5245.88,Wallet,authentication_failed,180608.03,1,7,0.51,2,40,inactive,1,0,1
TXN_102,CUST_2986,16070.48,Wallet,authentication_failed,179209.12,26,0,0.39,21,69,inactive,1,0,0
TXN_103,CUST_1384,45278.56,NetBanking,authentication_failed,19166.05,24,7,0.32,20,56,active,0,2,1
TXN_104,CUST_2124,47535.3,Card,bank_declined,115114.14,14,7,0.63,3,3,not_applicable,0,1,0
TXN_105,CUST_1636,14731.22,UPI,authentication_failed,66404.24,13,1,0.67,7,14,inactive,0,1,1
TXN_106,CUST_2020,39599.79,NetBanking,authentication_failed,158134.01,22,4,0.09,13,61,inactive,0,3,0
TXN_107,CUST_2128,2972.18,Card,network_error,110356.25,6,8,0.44,23,17,active,1,3,1
TXN_108,CUST_1696,17610.66,NetBanking,insufficient_funds,24296.34,9,4,0.14,18,74,not_applicable,1,1,1
TXN_109,CUST_1914,30949.08,Wallet,bank_declined,21123.41,10,8,0.08,17,48,inactive,1,1,1
TXN_110,CUST_2428,3730.87,Card,authentication_failed,164550.15,12,3,0.71,13,5,inactive,1,3,0
TXN_111,CUST_1790,4333.4,Card,network_error,197341.28,30,0,0.37,4,64,not_applicable,1,0,1
TXN_112,CUST_2790,40658.7,Wallet,insufficient_funds,189502.47,16,7,0.99,0,18,inactive,0,0,0
TXN_113,CUST_1961,18875.35,NetBanking,bank_declined,17616.64,19,6,0.78,20,10,inactive,1,2,1
TXN_114,CUST_2283,21268.68,Wallet,authentication_failed,181364.52,1,1,0.11,7,80,not_applicable,1,1,0
TXN_115,CUST_2529,666.55,UPI,network_error,94263.47,3,1,0.06,14,21,not_applicable,1,0,1
TXN_116,CUST_1094,5964.56,NetBanking,insufficient_funds,130192.85,9,5,0.75,11,55,active,0,4,0
TXN_117,CUST_1843,48112.41,Card,card_expired,75599.25,5,1,0.29,19,48,not_applicable,0,3,1
TXN_118,CUST_2869,11257.43,Card,card_expired,192681.29,14,4,0.01,14,32,not_applicable,0,3,1
TXN_119,CUST_2845,2253.68,NetBanking,customer_abandoned,178337.48,17,2,0.53,2,56,inactive,1,3,1
TXN_120,CUST_2413,3782.45,NetBanking,network_error,111217.0,27,4,0.97,6,49,inactive,0,1,1
TXN_121,CUST_1781,31506.99,NetBanking,authentication_failed,139453.99,9,4,0.45,0,84,inactive,1,0,0
TXN_122,CUST_2159,29257.28,UPI,authentication_failed,180330.44,23,7,0.05,9,29,not_applicable,1,1,0
TXN_123,CUST_2303,47525.53,Card,authentication_failed,178162.49,8,2,0.46,20,12,not_applicable,0,2,0
TXN_124,CUST_2615,13941.32,Wallet,insufficient_funds,38436.11,18,5,0.46,23,16,active,1,2,1
TXN_125,CUST_2530,29224.44,Wallet,card_expired,16469.19,6,2,0.97,17,46,not_applicable,1,1,0
TXN_126,CUST_1526,34938.27,Wallet,bank_declined,107683.18,23,5,0.31,3,59,active,0,1,0
TXN_127,CUST_2761,34268.09,Wallet,authentication_failed,33360.77,11,1,0.91,12,1,inactive,0,3,1
TXN_128,CUST_1754,47495.02,NetBanking,authentication_failed,145418.18,12,5,0.61,3,86,active,1,0,0
TXN_129,CUST_2268,46643.15,NetBanking,authentication_failed,173346.71,7,1,0.05,20,59,not_applicable,1,3,0
TXN_130,CUST_1238,18885.52,Card,insufficient_funds,162300.11,30,0,0.99,9,63,active,0,1,1
TXN_131,CUST_2817,29747.12,Card,network_error,76797.28,14,5,0.97,21,89,not_applicable,1,4,0
TXN_132,CUST_2520,41932.6,Card,network_error,94269.94,20,1,0.41,15,78,inactive,1,0,1
TXN_133,CUST_2413,2913.14,NetBanking,card_expired,173079.75,14,7,0.81,7,46,active,1,4,1
TXN_134,CUST_2846,49832.18,NetBanking,insufficient_funds,111530.91,12,4,0.77,6,15,inactive,0,1,0
TXN_135,CUST_2314,42497.4,UPI,insufficient_funds,50222.27,25,5,0.45,7,16,not_applicable,0,0,0
TXN_136,CUST_2699,47707.15,Card,authentication_failed,121628.75,6,3,0.23,10,18,not_applicable,0,2,1
TXN_137,CUST_2758,30944.6,Card,card_expired,72274.38,17,4,0.11,5,14,not_applicable,0,1,0
TXN_138,CUST_1030,26063.35,NetBanking,card_expired,154691.36,18,5,0.52,0,22,inactive,0,1,1
TXN_139,CUST_2519,27640.15,Wallet,authentication_failed,112626.66,3,1,0.88,15,57,inactive,0,3,0
TXN_140,CUST_2031,6787.36,Card,authentication_failed,6727.75,1,8,0.76,9,58,not_applicable,0,0,0
TXN_141,CUST_1980,35233.58,Wallet,network_error,43379.87,21,1,0.14,15,56,active,0,2,1
TXN_142,CUST_2245,17594.32,Card,insufficient_funds,118393.62,4,4,0.39,19,81,not_applicable,1,3,0
TXN_143,CUST_2223,45217.52,NetBanking,network_error,70302.84,16,6,0.51,3,89,active,0,3,1
TXN_144,CUST_1924,19887.48,Card,network_error,124795.25,10,7,0.86,12,53,not_applicable,0,2,0
TXN_145,CUST_1874,7438.97,NetBanking,customer_abandoned,185390.94,8,5,0.49,4,87,inactive,0,0,0
TXN_146,CUST_2703,23010.87,UPI,insufficient_funds,196026.48,13,1,0.49,23,47,active,0,4,1
TXN_147,CUST_2959,31706.7,NetBanking,customer_abandoned,48788.98,3,6,0.08,11,85,inactive,0,2,0
TXN_148,CUST_2229,6489.49,NetBanking,bank_declined,31228.64,3,8,0.14,6,19,not_applicable,1,1,0
TXN_149,CUST_2735,9175.82,UPI,bank_declined,69787.79,27,8,0.9,11,14,inactive,0,3,0
TXN_150,CUST_2730,33411.13,UPI,authentication_failed,35291.65,29,4,0.19,0,23,inactive,1,2,0
TXN_151,CUST_1718,8529.86,UPI,card_expired,56439.48,27,2,0.18,18,84,inactive,0,1,1
TXN_152,CUST_2517,6119.73,UPI,insufficient_funds,92694.97,23,8,0.21,6,48,inactive,1,2,0
TXN_153,CUST_1322,25220.52,NetBanking,bank_declined,138388.57,23,5,0.04,18,76,active,0,1,0
TXN_154,CUST_1322,31432.23,UPI,customer_abandoned,17270.05,2,4,0.87,14,84,inactive,1,4,1
TXN_155,CUST_1905,3147.79,Wallet,bank_declined,56098.65,6,8,0.81,3,44,inactive,0,2,1
TXN_156,CUST_2388,9307.6,Wallet,authentication_failed,42660.52,21,4,0.37,1,28,inactive,0,0,0
TXN_157,CUST_1418,30950.91,NetBanking,card_expired,74413.81,24,2,0.46,8,37,inactive,0,0,0
TXN_158,CUST_2018,1930.49,Wallet,card_expired,51234.95,4,6,0.71,17,90,active,1,0,1
TXN_159,CUST_1813,25632.7,UPI,network_error,106890.58,0,7,0.11,2,40,not_applicable,1,4,0
TXN_160,CUST_1828,26677.6,Wallet,bank_declined,49251.63,3,6,0.27,0,41,active,1,2,0
TXN_161,CUST_1180,1101.55,Wallet,insufficient_funds,65093.75,7,6,0.21,18,51,not_applicable,0,3,0
TXN_162,CUST_2782,6076.13,NetBanking,customer_abandoned,178214.93,10,3,0.59,10,21,active,0,4,1
TXN_163,CUST_2044,39479.64,Card,bank_declined,100190.0,11,2,0.09,7,13,active,1,1,1
TXN_164,CUST_1355,29383.37,Card,customer_abandoned,149342.46,2,2,0.43,20,63,inactive,1,4,0
TXN_165,CUST_2316,14260.42,NetBanking,customer_abandoned,73253.38,10,2,0.65,14,8,inactive,1,2,0
TXN_166,CUST_2630,17869.23,NetBanking,authentication_failed,197316.53,1,5,0.61,16,9,inactive,1,3,0
TXN_167,CUST_1077,5178.95,UPI,bank_declined,31418.97,26,4,0.25,2,82,active,1,3,0
TXN_168,CUST_2188,9409.69,UPI,network_error,57733.94,29,3,0.17,10,77,inactive,0,0,0
TXN_169,CUST_1922,4103.66,UPI,bank_declined,105377.77,22,1,0.41,16,82,active,0,1,0
TXN_170,CUST_2449,5690.74,Wallet,network_error,80173.26,16,8,0.97,19,20,inactive,1,2,0
TXN_171,CUST_1793,40871.9,Wallet,bank_declined,52322.66,21,0,0.17,20,82,inactive,0,2,0
TXN_172,CUST_1193,46475.86,Wallet,bank_declined,111795.82,8,2,0.57,10,10,not_applicable,0,2,0
TXN_173,CUST_1635,38497.7,Wallet,card_expired,38221.71,19,1,0.32,9,71,inactive,1,1,1
TXN_174,CUST_2372,25429.76,UPI,customer_abandoned,49239.54,21,6,0.11,16,46,active,1,2,1
TXN_175,CUST_1369,14502.66,Card,bank_declined,116666.41,30,7,0.15,6,28,active,0,0,1
TXN_176,CUST_1605,26676.21,UPI,authentication_failed,11312.88,24,8,0.34,23,67,active,1,4,0
TXN_177,CUST_1268,3262.41,Wallet,card_expired,198002.09,5,2,0.32,22,79,active,1,0,1
TXN_178,CUST_1841,12806.57,NetBanking,customer_abandoned,136619.04,23,3,0.76,14,78,inactive,1,1,1
TXN_179,CUST_2093,23631.65,Card,bank_declined,82956.34,30,7,0.35,6,47,not_applicable,1,3,1
TXN_180,CUST_2575,41547.91,NetBanking,network_error,193040.36,16,8,0.12,13,20,active,0,2,0
TXN_181,CUST_1106,46923.19,Wallet,bank_declined,37065.38,17,1,0.07,22,66,active,1,0,0
TXN_182,CUST_2562,28766.21,Card,bank_declined,168523.93,14,8,0.14,4,55,active,0,3,1
TXN_183,CUST_2811,10161.2,NetBanking,insufficient_funds,33567.53,13,0,0.16,12,64,inactive,0,3,1
TXN_184,CUST_1167,33293.34,NetBanking,card_expired,105090.02,0,5,0.36,3,83,inactive,0,1,1
TXN_185,CUST_1078,19683.01,NetBanking,network_error,163503.29,22,2,0.44,22,60,inactive,0,0,1
TXN_186,CUST_1038,23187.72,NetBanking,card_expired,60974.2,26,2,0.75,17,77,not_applicable,1,0,1
TXN_187,CUST_2589,11687.41,NetBanking,card_expired,180015.34,9,1,0.38,1,30,inactive,1,0,0
TXN_188,CUST_1227,45332.96,Wallet,authentication_failed,125223.36,17,0,0.12,20,65,not_applicable,0,1,1
TXN_189,CUST_1596,31422.63,Wallet,insufficient_funds,67646.22,19,5,0.14,7,73,inactive,0,0,1
TXN_190,CUST_2072,31041.63,NetBanking,insufficient_funds,107158.76,30,8,0.89,17,64,not_applicable,0,3,1
TXN_191,CUST_2788,7668.58,Wallet,insufficient_funds,63032.69,20,6,0.25,11,32,not_applicable,0,2,1
TXN_192,CUST_2614,1773.27,UPI,bank_declined,114408.05,7,1,0.76,18,42,active,0,2,0
TXN_193,CUST_2118,17169.88,NetBanking,customer_abandoned,164430.2,5,7,0.11,22,61,not_applicable,0,1,1
TXN_194,CUST_1129,6461.68,Wallet,insufficient_funds,80060.17,9,3,0.8,1,25,active,1,2,1
TXN_195,CUST_2055,11539.64,Wallet,authentication_failed,144728.26,15,4,0.72,1,82,active,1,2,1
TXN_196,CUST_2765,34728.03,UPI,customer_abandoned,109002.16,10,4,0.25,3,47,inactive,1,3,0
TXN_197,CUST_2832,9161.73,Wallet,bank_declined,181781.66,5,7,0.58,22,63,inactive,1,0,0
TXN_198,CUST_2489,23154.09,Wallet,insufficient_funds,189509.38,13,2,0.15,17,37,inactive,0,0,1
TXN_199,CUST_1671,25343.85,NetBanking,bank_declined,122679.39,14,6,0.02,5,88,inactive,1,3,1
TXN_200,CUST_1086,46612.7,NetBanking,authentication_failed,113461.5,13,4,0.7,20,7,active,1,2,0
TXN_201,CUST_2050,35391.21,Card,insufficient_funds,31355.27,4,7,0.58,1,16,active,0,2,1
TXN_202,CUST_1741,21264.12,Wallet,authentication_failed,147552.4,1,2,0.93,21,57,inactive,1,3,1
TXN_203,CUST_2562,22596.88,UPI,authentication_failed,23534.37,4,8,0.98,11,50,inactive,1,1,1
TXN_204,CUST_2967,6320.67,UPI,insufficient_funds,184247.53,23,2,0.87,15,66,inactive,0,2,1
TXN_205,CUST_2587,29604.64,NetBanking,customer_abandoned,80401.54,14,3,0.05,19,36,not_applicable,1,1,1
TXN_206,CUST_1251,40162.39,Card,insufficient_funds,1921.77,14,2,0.33,22,56,active,1,2,1
TXN_207,CUST_2453,26916.04,UPI,authentication_failed,184051.27,17,4,0.35,9,20,not_applicable,0,2,0
TXN_208,CUST_2041,36901.31,Card,insufficient_funds,90991.37,6,2,0.22,7,63,active,1,4,0
TXN_209,CUST_2172,7128.77,NetBanking,network_error,36101.01,25,8,0.5,4,78,active,0,2,1
TXN_210,CUST_1815,45750.81,Wallet,authentication_failed,73116.39,13,6,0.58,18,9,active,1,0,1
TXN_211,CUST_1921,753.41,Wallet,customer_abandoned,133043.94,16,5,0.18,4,70,not_applicable,0,1,1
TXN_212,CUST_1886,7518.27,UPI,insufficient_funds,83510.2,16,2,0.09,9,21,active,1,1,0
TXN_213,CUST_1708,25159.53,NetBanking,insufficient_funds,119481.62,8,3,0.07,20,70,inactive,0,2,1
TXN_214,CUST_2258,10574.29,UPI,authentication_failed,179712.8,20,2,0.21,18,74,active,0,4,0
TXN_215,CUST_2475,1923.83,NetBanking,authentication_failed,94941.32,1,0,0.56,2,5,not_applicable,1,1,0
TXN_216,CUST_2570,38798.83,Wallet,authentication_failed,91204.48,20,0,0.52,15,80,not_applicable,1,2,0
TXN_217,CUST_1989,20098.08,Card,customer_abandoned,112368.43,12,4,0.16,14,9,not_applicable,0,1,1
TXN_218,CUST_1900,43103.1,Wallet,network_error,189276.98,14,3,0.37,10,77,active,1,2,1
TXN_219,CUST_2503,32235.58,NetBanking,network_error,82338.1,4,5,0.03,16,71,active,1,1,1
TXN_220,CUST_1955,35827.01,UPI,bank_declined,132125.86,14,3,0.03,4,12,active,1,3,0
TXN_221,CUST_2769,11630.63,Wallet,card_expired,134706.66,30,2,0.02,10,73,not_applicable,1,1,1
TXN_222,CUST_2562,40015.81,Card,network_error,36530.39,16,7,0.65,15,39,inactive,0,0,1
TXN_223,CUST_2935,5062.13,Wallet,authentication_failed,49391.27,14,3,0.72,6,74,inactive,0,0,0
TXN_224,CUST_1576,41527.97,Wallet,authentication_failed,80039.52,28,7,0.67,9,68,active,0,3,0
TXN_225,CUST_1274,14728.07,NetBanking,customer_abandoned,179370.83,11,6,0.01,11,5,inactive,0,4,0
TXN_226,CUST_2150,10473.52,Card,bank_declined,6279.91,17,4,0.18,2,49,not_applicable,1,4,0
TXN_227,CUST_1572,21129.09,UPI,card_expired,178641.67,3,6,0.82,11,43,not_applicable,1,1,0
TXN_228,CUST_1407,13045.23,Wallet,authentication_failed,76558.79,1,0,0.59,1,17,not_applicable,1,3,0
TXN_229,CUST_2063,31245.03,Wallet,card_expired,82472.92,19,8,0.55,4,41,not_applicable,1,1,0
TXN_230,CUST_1804,14793.84,NetBanking,authentication_failed,189742.21,10,8,0.76,16,68,inactive,1,3,0
TXN_231,CUST_2670,43436.55,UPI,bank_declined,97998.81,10,1,0.89,13,74,inactive,0,4,0
TXN_232,CUST_1971,21318.15,NetBanking,customer_abandoned,5471.39,25,3,0.27,23,6,not_applicable,1,1,1
TXN_233,CUST_2073,31710.56,Wallet,card_expired,52319.65,26,3,0.14,1,73,not_applicable,0,1,0
TXN_234,CUST_1038,49221.67,Wallet,bank_declined,105612.35,13,2,0.17,13,88,active,1,4,0
TXN_235,CUST_2587,1017.69,Wallet,customer_abandoned,182945.46,23,0,0.12,22,17,not_applicable,0,4,0
TXN_236,CUST_1665,13775.36,Wallet,authentication_failed,111281.42,12,5,0.65,5,58,not_applicable,1,4,0
TXN_237,CUST_1725,10400.42,NetBanking,authentication_failed,3188.17,15,3,0.14,7,35,not_applicable,1,1,1
TXN_238,CUST_2928,43707.11,NetBanking,bank_declined,119885.21,22,3,0.6,22,90,inactive,1,3,1
TXN_239,CUST_1714,8851.03,NetBanking,bank_declined,182967.98,3,8,0.42,12,50,inactive,0,2,0
TXN_240,CUST_1086,25993.99,NetBanking,customer_abandoned,10346.23,2,5,0.17,14,83,inactive,1,1,0
TXN_241,CUST_1413,4231.65,NetBanking,authentication_failed,121027.27,22,4,0.25,4,13,not_applicable,0,1,0
TXN_242,CUST_1103,14505.82,Card,customer_abandoned,71778.87,7,0,0.72,3,52,inactive,1,0,1
TXN_243,CUST_2395,28363.59,Card,insufficient_funds,95734.03,30,8,0.66,5,52,not_applicable,1,3,1
TXN_244,CUST_2332,36655.35,Card,bank_declined,43773.14,10,4,0.03,20,7,active,0,4,0
TXN_245,CUST_2512,29794.39,UPI,card_expired,11233.74,13,2,0.5,1,50,inactive,0,2,0
TXN_246,CUST_2795,16778.77,UPI,insufficient_funds,154411.53,9,1,0.11,10,36,inactive,1,1,0
TXN_247,CUST_2742,36436.62,Wallet,bank_declined,99602.77,6,1,0.69,10,20,not_applicable,1,2,0
TXN_248,CUST_2471,12395.46,Card,insufficient_funds,164001.36,23,5,0.8,9,72,not_applicable,0,1,0
TXN_249,CUST_2251,13680.04,Wallet,network_error,118455.9,16,5,0.36,2,51,not_applicable,0,1,1
TXN_250,CUST_1287,45873.95,Wallet,bank_declined,28226.91,29,3,0.95,0,33,inactive,0,3,1
TXN_251,CUST_2543,9338.13,NetBanking,bank_declined,108838.29,9,0,0.87,8,83,inactive,0,0,0
TXN_252,CUST_2367,40347.4,UPI,network_error,132097.89,9,2,0.69,12,87,not_applicable,1,0,0
TXN_253,CUST_2308,12558.43,NetBanking,bank_declined,98395.57,19,3,0.22,7,17,inactive,0,3,1
TXN_254,CUST_2531,47208.56,NetBanking,network_error,8845.94,22,8,0.71,15,68,not_applicable,0,1,0
TXN_255,CUST_2393,9110.71,UPI,authentication_failed,114021.1,14,8,0.92,22,46,active,0,0,1
TXN_256,CUST_2697,34901.27,Card,authentication_failed,60172.45,17,2,0.92,5,41,not_applicable,1,0,0
TXN_257,CUST_2393,47218.9,Card,customer_abandoned,95368.63,18,7,0.86,2,65,inactive,0,3,1
TXN_258,CUST_1270,16023.11,Wallet,network_error,165954.18,18,0,0.04,17,59,not_applicable,1,0,1
TXN_259,CUST_1810,11577.44,NetBanking,insufficient_funds,24992.81,23,3,0.08,18,9,active,1,2,1
TXN_260,CUST_2434,17059.76,UPI,authentication_failed,145228.59,1,1,0.07,15,4,inactive,1,1,0
TXN_261,CUST_2574,27020.62,Card,customer_abandoned,158353.91,23,6,0.32,11,48,inactive,1,3,0
TXN_262,CUST_1164,44310.29,Card,customer_abandoned,123556.77,27,5,0.23,3,22,not_applicable,1,4,0
TXN_263,CUST_1260,43517.93,Card,insufficient_funds,5232.61,24,0,0.87,9,59,not_applicable,1,4,1
TXN_264,CUST_1776,46959.48,Card,card_expired,159957.86,14,5,1.0,4,35,active,0,0,1
TXN_265,CUST_2657,38382.7,Wallet,authentication_failed,80984.25,24,0,0.48,7,26,active,0,4,1
TXN_266,CUST_1068,43696.49,Wallet,authentication_failed,196832.61,21,0,0.77,7,5,inactive,1,1,1
TXN_267,CUST_2105,21125.71,Card,insufficient_funds,147778.88,4,8,0.24,9,29,not_applicable,1,4,0
TXN_268,CUST_2224,17795.65,NetBanking,card_expired,58160.56,9,2,0.3,21,66,active,1,2,0
TXN_269,CUST_1563,2200.45,UPI,authentication_failed,4556.91,30,2,0.99,20,86,inactive,1,0,1
TXN_270,CUST_2991,19277.9,NetBanking,customer_abandoned,136249.81,21,6,0.22,16,40,not_applicable,1,3,1
TXN_271,CUST_1305,39338.62,NetBanking,network_error,18792.79,5,8,0.42,15,30,active,1,1,0
TXN_272,CUST_2650,47242.13,Wallet,insufficient_funds,94012.9,17,6,0.61,13,71,not_applicable,0,3,0
TXN_273,CUST_1497,49559.31,NetBanking,card_expired,47102.67,10,1,0.94,14,47,active,0,0,1
TXN_274,CUST_1549,30426.07,Wallet,customer_abandoned,103025.01,19,0,0.23,2,24,not_applicable,0,3,0
TXN_275,CUST_1427,11102.26,NetBanking,bank_declined,38101.21,30,0,0.78,6,24,not_applicable,0,3,1
TXN_276,CUST_2872,2986.35,Card,customer_abandoned,193851.42,19,3,0.88,12,30,not_applicable,1,2,0
TXN_277,CUST_1779,49745.9,Wallet,authentication_failed,35605.15,20,5,0.4,9,33,inactive,1,3,0
TXN_278,CUST_1201,34831.43,Wallet,bank_declined,31625.29,29,3,0.82,11,40,inactive,0,4,1
TXN_279,CUST_2769,11268.5,Card,customer_abandoned,107857.91,4,0,0.59,8,70,not_applicable,1,2,0
TXN_280,CUST_1312,4665.19,Card,bank_declined,175614.71,7,6,0.27,18,31,inactive,1,2,0
TXN_281,CUST_2563,44448.53,Wallet,customer_abandoned,191174.65,20,7,0.86,14,21,not_applicable,1,1,0
TXN_282,CUST_1286,32796.57,Wallet,card_expired,110620.62,29,8,0.09,20,7,not_applicable,0,0,0
TXN_283,CUST_2935,18697.16,UPI,insufficient_funds,52691.0,13,2,0.72,20,29,active,0,0,1
TXN_284,CUST_1447,4144.21,Wallet,bank_declined,44816.46,1,7,0.68,21,62,active,0,4,0
TXN_285,CUST_2129,42575.23,Wallet,insufficient_funds,99534.16,0,8,0.48,23,35,not_applicable,1,0,0
TXN_286,CUST_2028,41251.58,Wallet,card_expired,70214.03,3,1,0.68,16,19,active,0,4,0
TXN_287,CUST_2078,13424.71,NetBanking,bank_declined,175847.37,8,6,0.8,2,47,inactive,1,4,0
TXN_288,CUST_1498,42544.03,Card,bank_declined,173591.55,21,1,0.71,20,83,active,0,3,0
TXN_289,CUST_1776,34903.83,Wallet,authentication_failed,136348.01,15,0,0.62,20,1,not_applicable,0,0,1
TXN_290,CUST_2023,8014.39,Wallet,customer_abandoned,176293.28,25,5,0.87,18,12,not_applicable,0,1,1
TXN_291,CUST_1432,41308.26,Wallet,bank_declined,26645.1,1,1,0.34,21,35,not_applicable,0,1,1
TXN_292,CUST_2902,8121.92,NetBanking,insufficient_funds,163775.44,30,3,0.83,18,18,not_applicable,1,0,1
TXN_293,CUST_1612,418.65,Card,authentication_failed,58120.59,7,6,0.62,21,69,inactive,1,1,1
TXN_294,CUST_2618,31627.49,UPI,authentication_failed,52700.91,23,5,0.63,1,12,inactive,0,0,0
TXN_295,CUST_1697,39014.29,Wallet,bank_declined,22289.15,0,4,0.76,14,62,active,1,4,1
TXN_296,CUST_2927,48153.3,Wallet,network_error,69032.56,5,6,0.63,2,79,inactive,0,0,1
TXN_297,CUST_1168,5215.24,NetBanking,card_expired,187508.47,12,2,0.69,23,49,inactive,1,0,1
TXN_298,CUST_1187,15118.08,UPI,bank_declined,141926.25,14,5,0.07,8,13,active,0,1,0
TXN_299,CUST_1882,17359.56,Wallet,authentication_failed,124562.19,17,8,0.05,13,13,active,0,2,1
TXN_300,CUST_2135,48677.1,UPI,authentication_failed,193806.69,19,5,0.75,12,1,inactive,1,3,0
TXN_301,CUST_2595,37937.33,UPI,customer_abandoned,5892.8,28,8,0.02,7,73,not_applicable,0,3,0
TXN_302,CUST_1347,24483.3,Card,bank_declined,154311.08,9,4,0.68,15,18,active,0,3,0
TXN_303,CUST_1565,13753.97,Wallet,bank_declined,199427.78,15,1,0.43,11,32,active,1,4,0
TXN_304,CUST_2262,8264.83,Card,network_error,159167.1,3,2,0.69,9,0,inactive,1,4,0
TXN_305,CUST_1778,4210.81,NetBanking,network_error,136419.36,10,6,0.65,20,76,active,1,2,1
TXN_306,CUST_2235,47548.09,Card,network_error,31060.52,10,2,0.43,12,40,inactive,1,4,0
TXN_307,CUST_2601,21044.39,Card,bank_declined,128066.66,12,4,0.4,12,46,active,0,4,0
TXN_308,CUST_2117,49200.48,Card,customer_abandoned,82457.47,24,8,0.89,0,59,not_applicable,0,3,0
TXN_309,CUST_2633,10733.92,NetBanking,customer_abandoned,7195.68,2,6,0.65,21,63,active,1,1,0
TXN_310,CUST_1517,43231.48,Card,customer_abandoned,95168.77,13,6,0.97,2,57,not_applicable,1,4,0
TXN_311,CUST_1820,43444.3,Wallet,authentication_failed,155542.77,1,5,0.77,22,68,not_applicable,0,0,1
TXN_312,CUST_2574,38075.1,Card,customer_abandoned,125617.84,21,5,0.13,5,82,not_applicable,0,4,0
TXN_313,CUST_2321,46050.31,Wallet,bank_declined,123713.41,30,6,0.8,3,1,active,1,1,1
TXN_314,CUST_2045,5953.68,Card,network_error,25911.97,11,6,0.69,14,86,not_applicable,0,2,1
TXN_315,CUST_1050,10106.18,Wallet,insufficient_funds,98827.31,9,6,0.06,2,14,not_applicable,0,2,0
TXN_316,CUST_1638,13522.77,NetBanking,network_error,159714.26,25,3,0.31,16,61,inactive,1,0,1
TXN_317,CUST_1897,679.86,Wallet,bank_declined,15416.93,2,4,0.39,1,90,active,0,2,1
TXN_318,CUST_2327,30041.03,UPI,customer_abandoned,59040.85,25,2,0.69,23,31,not_applicable,0,4,1
TXN_319,CUST_1327,39014.56,NetBanking,authentication_failed,8884.15,13,7,0.48,7,51,not_applicable,0,1,0
TXN_320,CUST_2311,12178.05,Wallet,network_error,197345.86,0,3,0.14,14,75,inactive,1,0,1
TXN_321,CUST_2443,30945.97,Card,card_expired,140790.53,8,1,0.56,18,13,not_applicable,0,2,0
TXN_322,CUST_1667,16390.42,Card,network_error,104024.62,3,4,0.09,21,62,not_applicable,1,4,0
TXN_323,CUST_1795,1756.84,Wallet,authentication_failed,16637.12,3,5,0.4,11,58,not_applicable,0,2,0
TXN_324,CUST_2881,28420.29,UPI,customer_abandoned,138203.53,4,5,0.8,3,30,inactive,0,1,0
TXN_325,CUST_1764,8457.38,Card,authentication_failed,21809.0,12,6,0.64,19,17,not_applicable,1,3,0
TXN_326,CUST_1380,1676.15,Wallet,customer_abandoned,187306.24,17,2,0.05,17,21,inactive,1,1,1
TXN_327,CUST_1383,35482.12,NetBanking,network_error,174322.86,19,0,0.71,11,1,inactive,0,1,1
TXN_328,CUST_2669,17038.56,Wallet,authentication_failed,163150.2,16,7,0.08,13,87,inactive,1,3,1
TXN_329,CUST_2000,27424.86,Card,insufficient_funds,163642.26,18,0,0.45,7,37,active,1,1,1
TXN_330,CUST_2101,26367.49,NetBanking,card_expired,146586.31,24,7,0.08,18,63,not_applicable,0,4,0
TXN_331,CUST_1233,12430.45,NetBanking,authentication_failed,32749.39,26,5,0.87,17,5,not_applicable,1,4,0
TXN_332,CUST_1447,48795.68,Wallet,insufficient_funds,68042.26,23,3,0.18,9,4,inactive,1,2,0
TXN_333,CUST_2765,32969.52,UPI,network_error,100140.95,27,1,0.56,7,26,not_applicable,1,4,0
TXN_334,CUST_2295,11499.89,Wallet,card_expired,199270.45,19,2,0.97,6,26,active,1,4,0
TXN_335,CUST_1575,10057.17,Card,bank_declined,136365.42,22,4,0.07,9,73,inactive,0,1,1
TXN_336,CUST_2971,12958.38,Wallet,insufficient_funds,93061.97,8,2,0.87,22,16,active,0,2,1
TXN_337,CUST_2696,37161.06,Card,customer_abandoned,85673.17,12,7,0.35,4,73,not_applicable,1,3,0
TXN_338,CUST_1768,49383.71,Wallet,insufficient_funds,8981.73,20,1,0.87,12,65,not_applicable,1,2,1
TXN_339,CUST_1931,21986.91,Wallet,bank_declined,145326.27,18,0,0.49,23,11,not_applicable,1,2,0
TXN_340,CUST_2741,45045.02,UPI,authentication_failed,84922.46,12,3,0.28,13,27,inactive,1,2,1
TXN_341,CUST_2696,45626.93,NetBanking,bank_declined,42921.78,17,2,0.62,18,62,inactive,0,0,0
TXN_342,CUST_1203,36682.34,Wallet,insufficient_funds,27181.97,3,2,0.72,14,58,active,1,1,0
TXN_343,CUST_2410,9066.19,Card,customer_abandoned,48271.12,9,2,0.97,8,11,not_applicable,1,2,1
TXN_344,CUST_1168,42733.82,NetBanking,customer_abandoned,98963.29,28,2,0.25,1,50,not_applicable,1,1,0
TXN_345,CUST_1879,22320.73,UPI,customer_abandoned,103448.65,3,0,0.36,6,61,active,0,4,0
TXN_346,CUST_1463,8259.84,Wallet,insufficient_funds,78825.23,0,5,0.97,3,54,not_applicable,0,3,0
TXN_347,CUST_1145,32871.16,Card,network_error,65712.82,2,1,0.77,3,40,inactive,1,1,1
TXN_348,CUST_1783,48494.07,Card,customer_abandoned,91304.12,21,2,0.24,2,67,not_applicable,0,4,0
TXN_349,CUST_2331,8570.92,Card,network_error,104435.02,11,3,0.34,20,19,inactive,1,1,0
TXN_350,CUST_1177,21601.29,UPI,card_expired,50494.14,24,1,0.62,18,49,inactive,1,2,0
TXN_351,CUST_2620,8435.39,Card,card_expired,34356.22,8,1,0.04,7,70,not_applicable,1,0,1
TXN_352,CUST_2736,33223.85,NetBanking,card_expired,95451.54,16,8,0.84,6,50,inactive,0,1,0
TXN_353,CUST_2013,29309.18,Wallet,insufficient_funds,173785.98,7,7,0.21,20,76,active,0,2,0
TXN_354,CUST_2912,13560.51,NetBanking,card_expired,12360.28,12,6,0.53,11,69,not_applicable,0,3,1
TXN_355,CUST_2954,2063.24,UPI,insufficient_funds,25299.87,18,1,0.45,0,33,active,0,0,0
TXN_356,CUST_2942,15876.19,Wallet,authentication_failed,101939.73,9,8,0.04,13,54,not_applicable,1,0,0
TXN_357,CUST_2311,49332.84,Card,bank_declined,193058.62,2,4,0.0,2,65,active,0,4,1
TXN_358,CUST_1669,31992.08,Wallet,authentication_failed,173715.74,20,1,0.45,9,89,inactive,0,0,1
TXN_359,CUST_1500,24493.44,UPI,network_error,133705.99,3,7,0.14,19,77,active,1,1,1
TXN_360,CUST_1244,15465.7,UPI,customer_abandoned,141231.47,4,0,0.2,5,63,inactive,1,1,1
TXN_361,CUST_1761,48498.61,Card,customer_abandoned,19686.24,24,4,0.67,23,15,active,1,3,0
TXN_362,CUST_1557,43420.3,UPI,bank_declined,36252.81,22,1,0.69,15,58,not_applicable,1,0,0
TXN_363,CUST_2023,47236.25,Card,bank_declined,136966.36,5,4,0.5,3,73,not_applicable,0,1,1
TXN_364,CUST_2517,43458.36,UPI,insufficient_funds,114551.34,27,0,0.03,7,5,inactive,1,3,1
TXN_365,CUST_2884,34507.38,Card,card_expired,135626.16,29,0,0.22,17,83,inactive,0,2,0
TXN_366,CUST_1508,19753.83,Wallet,customer_abandoned,130595.36,10,4,0.11,2,73,inactive,0,4,1
TXN_367,CUST_2378,49970.74,UPI,card_expired,10594.2,7,8,0.98,1,51,active,1,2,0
TXN_368,CUST_2584,43550.6,NetBanking,bank_declined,156694.71,2,8,0.57,14,1,inactive,0,2,1
TXN_369,CUST_2154,43937.93,NetBanking,customer_abandoned,81423.92,19,3,0.33,14,47,not_applicable,1,1,0
TXN_370,CUST_2500,40411.51,Card,card_expired,152694.74,0,6,0.8,0,29,not_applicable,1,0,0
TXN_371,CUST_2947,40909.93,NetBanking,insufficient_funds,24921.6,24,6,0.54,23,39,active,0,4,0
TXN_372,CUST_1487,16296.83,Wallet,network_error,73925.85,30,0,0.4,4,35,active,0,1,1
TXN_373,CUST_2837,19489.05,Wallet,customer_abandoned,90290.03,28,5,0.24,14,10,not_applicable,0,4,0
TXN_374,CUST_1273,11440.75,Wallet,insufficient_funds,15565.99,18,0,0.6,13,84,active,0,2,1
TXN_375,CUST_1534,31012.57,NetBanking,network_error,93235.31,22,5,0.38,10,57,inactive,0,0,0
TXN_376,CUST_2932,26002.18,Card,card_expired,96357.19,24,1,0.03,4,13,active,1,3,0
TXN_377,CUST_1643,19071.76,Wallet,insufficient_funds,80365.73,17,5,0.58,6,57,inactive,1,2,1
TXN_378,CUST_2745,30434.46,UPI,insufficient_funds,153211.77,5,4,0.81,22,89,not_applicable,0,1,0
TXN_379,CUST_2711,47780.63,NetBanking,card_expired,4628.28,2,3,0.2,11,50,not_applicable,0,2,0
TXN_380,CUST_1532,32408.99,Card,insufficient_funds,179708.08,30,6,0.24,14,71,not_applicable,0,0,1
TXN_381,CUST_1946,3107.34,UPI,card_expired,186952.77,3,0,0.35,1,28,active,0,3,0
TXN_382,CUST_1762,24345.0,UPI,authentication_failed,52098.54,18,4,0.28,2,2,active,0,3,0
TXN_383,CUST_2657,40170.99,Card,insufficient_funds,108293.09,28,5,0.31,3,5,inactive,0,1,1
TXN_384,CUST_2892,35835.92,Wallet,customer_abandoned,55252.18,12,7,0.41,0,48,not_applicable,1,1,0
TXN_385,CUST_1724,9139.35,Card,card_expired,136542.45,8,4,0.18,14,19,active,0,2,1
TXN_386,CUST_2021,35481.41,Wallet,authentication_failed,22268.51,15,0,0.57,2,35,inactive,0,3,0
TXN_387,CUST_1408,48150.05,Card,customer_abandoned,97225.58,25,8,0.81,0,48,not_applicable,1,3,0
TXN_388,CUST_2115,2266.29,Wallet,bank_declined,126997.12,29,8,0.95,10,49,inactive,0,0,0
TXN_389,CUST_1653,40977.52,Card,insufficient_funds,176957.09,28,4,0.23,1,60,not_applicable,1,4,0
TXN_390,CUST_1476,30587.95,Card,insufficient_funds,82794.67,7,3,0.84,8,68,not_applicable,0,1,0
TXN_391,CUST_2179,17735.73,Wallet,bank_declined,48137.24,29,2,0.78,5,30,not_applicable,1,2,1
TXN_392,CUST_2871,41148.45,UPI,customer_abandoned,85323.91,22,5,0.67,18,72,active,0,3,0
TXN_393,CUST_2110,31230.58,NetBanking,card_expired,90901.77,15,0,0.59,2,7,active,0,0,1
TXN_394,CUST_2078,36870.0,Wallet,insufficient_funds,172696.62,10,3,0.22,4,43,not_applicable,0,2,1
TXN_395,CUST_1121,1279.57,UPI,card_expired,128752.33,18,2,0.61,3,67,inactive,0,2,1
TXN_396,CUST_2442,11674.16,Wallet,authentication_failed,78790.29,3,5,0.59,9,41,active,0,3,0
TXN_397,CUST_2621,49390.5,Wallet,customer_abandoned,28151.51,10,2,0.7,22,71,not_applicable,1,1,1
TXN_398,CUST_2363,21467.16,Card,network_error,143801.96,9,4,0.69,4,22,not_applicable,0,4,1
TXN_399,CUST_1801,6506.88,UPI,card_expired,21717.82,19,5,0.72,19,28,not_applicable,0,3,0
TXN_400,CUST_1288,13780.62,NetBanking,customer_abandoned,16804.45,2,3,0.09,11,40,active,0,2,1
TXN_401,CUST_1914,9674.18,UPI,bank_declined,65350.94,6,3,0.23,22,8,inactive,1,0,0
TXN_402,CUST_2475,3564.25,UPI,insufficient_funds,104292.9,12,7,0.07,23,53,active,1,3,1
TXN_403,CUST_2805,11762.23,Wallet,bank_declined,108462.37,17,6,0.88,3,61,not_applicable,0,1,0
TXN_404,CUST_1924,26694.59,UPI,insufficient_funds,65542.42,9,0,0.33,10,33,active,0,2,0
TXN_405,CUST_1348,49707.55,Wallet,card_expired,132706.0,23,1,0.56,17,11,inactive,1,0,0
TXN_406,CUST_1883,23313.76,Card,authentication_failed,12968.33,28,6,0.56,5,6,active,1,1,1
TXN_407,CUST_2995,8847.62,Card,network_error,138310.97,22,8,0.2,23,69,inactive,1,2,1
TXN_408,CUST_1486,4924.15,UPI,insufficient_funds,90623.82,12,8,0.76,15,19,active,1,0,1
TXN_409,CUST_1875,33279.1,UPI,bank_declined,159294.54,26,7,0.93,6,12,active,0,1,1
TXN_410,CUST_2307,20025.86,NetBanking,insufficient_funds,31330.79,15,1,0.99,9,50,inactive,1,2,0
TXN_411,CUST_1186,27043.86,Wallet,card_expired,168564.63,11,6,0.52,11,23,inactive,0,2,1
TXN_412,CUST_1900,4547.31,Wallet,bank_declined,151298.81,7,4,0.13,18,7,active,0,0,0
TXN_413,CUST_2368,39123.2,NetBanking,authentication_failed,142040.19,13,3,0.04,17,7,inactive,1,4,0
TXN_414,CUST_2407,13229.32,Wallet,authentication_failed,72667.15,28,3,0.09,15,38,active,1,0,0
TXN_415,CUST_2028,27734.73,Card,insufficient_funds,61799.34,30,7,0.4,5,21,active,0,1,1
TXN_416,CUST_1087,30069.66,Wallet,insufficient_funds,103620.21,21,6,0.92,6,80,active,1,2,1
TXN_417,CUST_2865,49608.68,UPI,insufficient_funds,170433.57,12,8,0.21,12,70,inactive,1,4,1
TXN_418,CUST_1938,5906.68,UPI,customer_abandoned,163672.49,19,8,0.38,13,14,inactive,0,1,1
TXN_419,CUST_2160,43416.03,UPI,insufficient_funds,161379.15,18,1,0.79,9,68,inactive,1,2,1
TXN_420,CUST_1784,4137.87,Wallet,authentication_failed,81193.06,19,7,0.17,1,22,inactive,1,1,1
TXN_421,CUST_2266,17370.38,Wallet,insufficient_funds,195146.43,12,5,0.64,22,30,active,1,2,0
TXN_422,CUST_2837,6712.98,NetBanking,insufficient_funds,172540.88,10,4,0.92,9,35,inactive,0,1,1
TXN_423,CUST_1275,30352.02,NetBanking,customer_abandoned,153197.15,14,5,0.17,8,53,not_applicable,0,1,0
TXN_424,CUST_1904,19993.29,Card,network_error,30128.42,23,7,0.37,16,47,active,0,0,1
TXN_425,CUST_1637,1388.01,Wallet,card_expired,27898.09,24,8,0.96,18,3,active,0,1,1
TXN_426,CUST_2714,48294.53,UPI,card_expired,87067.08,1,7,0.31,1,46,not_applicable,0,2,0
TXN_427,CUST_1754,22031.63,Wallet,authentication_failed,22027.27,12,1,0.64,21,3,active,1,3,0
TXN_428,CUST_2216,31017.44,Wallet,card_expired,130390.02,30,7,0.15,18,70,inactive,1,1,0
TXN_429,CUST_2715,39060.0,NetBanking,customer_abandoned,92500.28,26,1,0.06,9,3,inactive,0,1,0
TXN_430,CUST_2748,2983.25,Card,card_expired,139312.01,20,3,0.98,21,26,inactive,1,4,0
TXN_431,CUST_1041,7198.24,UPI,network_error,25155.6,29,2,0.3,20,22,not_applicable,0,1,1
TXN_432,CUST_1516,34638.85,NetBanking,customer_abandoned,13396.07,30,4,0.51,13,48,inactive,1,2,0
TXN_433,CUST_1446,40717.12,Wallet,bank_declined,123428.67,21,8,0.31,19,50,not_applicable,0,0,1
TXN_434,CUST_2047,26399.37,NetBanking,authentication_failed,85790.59,20,4,0.13,9,87,active,1,0,0
TXN_435,CUST_1688,22544.25,NetBanking,customer_abandoned,39729.88,10,4,0.37,8,83,not_applicable,1,1,1
TXN_436,CUST_1307,41394.14,Card,insufficient_funds,146989.26,25,6,0.77,21,40,not_applicable,0,0,1
TXN_437,CUST_2342,20866.08,Wallet,bank_declined,96787.49,8,6,0.02,12,49,not_applicable,0,4,0
TXN_438,CUST_2450,38038.46,Card,bank_declined,28284.83,23,3,0.54,21,68,not_applicable,1,2,1
TXN_439,CUST_2038,704.83,NetBanking,card_expired,48999.09,26,8,0.98,5,37,active,1,1,0
TXN_440,CUST_2517,47982.87,NetBanking,customer_abandoned,98082.95,25,8,0.11,5,87,inactive,0,1,0
TXN_441,CUST_1727,22773.43,Card,customer_abandoned,169027.06,27,4,0.1,13,42,inactive,1,4,0
TXN_442,CUST_1602,7587.43,Wallet,insufficient_funds,65610.51,15,0,0.74,20,74,not_applicable,0,3,1
TXN_443,CUST_2821,18856.83,Card,authentication_failed,79500.78,3,6,0.46,16,38,inactive,0,1,0
TXN_444,CUST_1281,44615.03,Card,bank_declined,191111.6,13,7,0.79,4,40,not_applicable,0,0,1
TXN_445,CUST_1998,34437.92,NetBanking,customer_abandoned,88083.02,5,5,0.25,20,7,active,1,2,1
TXN_446,CUST_1428,2017.47,Card,authentication_failed,180450.64,24,2,0.46,15,11,active,1,3,1
TXN_447,CUST_1826,33001.76,Wallet,network_error,179128.43,12,0,0.64,1,68,active,1,0,1
TXN_448,CUST_2826,3425.94,NetBanking,authentication_failed,104163.2,6,0,0.15,21,0,not_applicable,0,1,1
TXN_449,CUST_2420,25659.87,NetBanking,bank_declined,136365.33,4,1,0.04,12,64,not_applicable,1,1,0
TXN_450,CUST_1133,35844.54,UPI,bank_declined,15344.78,30,4,0.07,14,66,not_applicable,1,3,0
TXN_451,CUST_2818,47829.42,Card,bank_declined,147764.16,28,7,0.35,11,24,active,1,0,1
TXN_452,CUST_1467,17550.19,Card,customer_abandoned,155156.05,4,3,0.66,23,2,not_applicable,0,0,0
TXN_453,CUST_1750,8788.06,UPI,network_error,20580.73,28,4,0.66,17,79,active,0,0,1
TXN_454,CUST_2338,13325.82,UPI,insufficient_funds,5168.05,22,1,0.08,13,56,inactive,0,4,1
TXN_455,CUST_1517,14842.69,Wallet,customer_abandoned,154075.41,4,3,0.62,22,87,not_applicable,0,2,0
TXN_456,CUST_1861,10363.79,UPI,customer_abandoned,25155.9,16,4,0.62,19,77,not_applicable,0,3,1
TXN_457,CUST_2701,32230.82,UPI,authentication_failed,106530.12,23,1,0.04,9,14,active,1,1,0
TXN_458,CUST_2247,39955.84,Card,bank_declined,59271.59,26,8,0.98,6,45,not_applicable,1,2,0
TXN_459,CUST_1328,29162.89,UPI,authentication_failed,149866.56,15,3,0.81,22,61,inactive,0,0,0
TXN_460,CUST_1026,6491.98,UPI,insufficient_funds,68315.23,26,7,0.93,4,11,not_applicable,0,0,1
TXN_461,CUST_2852,18671.13,NetBanking,customer_abandoned,86983.3,7,7,0.44,9,33,inactive,0,0,0
TXN_462,CUST_2665,47159.48,Card,insufficient_funds,48897.85,27,4,0.12,11,86,inactive,1,0,1
TXN_463,CUST_1194,44357.55,UPI,insufficient_funds,129516.35,27,2,0.29,21,82,active,1,2,0
TXN_464,CUST_2831,43082.36,Wallet,authentication_failed,169456.35,8,1,0.92,11,43,active,0,3,0
TXN_465,CUST_1819,37776.59,Wallet,bank_declined,92647.36,26,6,0.84,22,61,inactive,0,0,0
TXN_466,CUST_1271,38844.73,UPI,card_expired,131576.21,3,6,0.18,18,61,not_applicable,1,1,0
TXN_467,CUST_2251,49235.02,Wallet,bank_declined,187540.23,19,0,0.04,21,16,inactive,1,0,1
TXN_468,CUST_2817,6673.27,Wallet,network_error,145470.0,1,1,0.82,8,83,inactive,0,4,1
TXN_469,CUST_2571,25342.05,Card,customer_abandoned,168299.9,27,5,0.73,16,66,not_applicable,0,3,0
TXN_470,CUST_2355,29558.35,Card,network_error,102163.75,11,6,0.3,4,71,not_applicable,0,0,1
TXN_471,CUST_2317,34475.38,Card,authentication_failed,174791.26,27,7,0.64,15,21,active,1,2,1
TXN_472,CUST_1493,8087.57,NetBanking,bank_declined,92849.94,1,8,0.01,7,70,not_applicable,1,3,0
TXN_473,CUST_2673,36350.44,Card,insufficient_funds,198370.18,14,7,0.1,18,57,active,1,3,0
TXN_474,CUST_1647,40023.54,UPI,network_error,41603.09,23,0,0.56,3,51,inactive,0,4,0
TXN_475,CUST_2124,30837.67,UPI,insufficient_funds,38416.92,25,4,0.36,16,71,active,1,2,0
TXN_476,CUST_1744,27755.9,UPI,card_expired,2040.69,27,7,0.76,10,71,not_applicable,1,2,1
TXN_477,CUST_2466,37312.12,Wallet,insufficient_funds,41293.63,3,3,0.96,0,43,inactive,1,4,0
TXN_478,CUST_2069,16413.89,NetBanking,customer_abandoned,30628.72,3,0,0.31,5,63,active,1,0,1
TXN_479,CUST_1520,49817.08,Card,card_expired,74293.6,3,6,0.45,6,58,active,1,0,1
TXN_480,CUST_2550,44321.17,Wallet,insufficient_funds,119015.82,29,1,0.39,14,58,not_applicable,0,3,0
TXN_481,CUST_1008,34811.35,UPI,authentication_failed,1640.43,29,6,0.62,18,61,not_applicable,0,4,0
TXN_482,CUST_1355,39730.45,Card,insufficient_funds,19505.14,12,5,0.59,16,49,inactive,0,2,0
TXN_483,CUST_1814,32152.04,NetBanking,bank_declined,13905.87,14,2,0.58,4,52,not_applicable,1,4,0
TXN_484,CUST_2762,28076.94,NetBanking,customer_abandoned,121094.05,23,8,0.68,20,27,active,0,4,1
TXN_485,CUST_2463,13564.05,NetBanking,customer_abandoned,165184.83,11,2,0.5,22,83,active,1,0,1
TXN_486,CUST_2558,3021.69,NetBanking,authentication_failed,67513.43,15,6,0.78,21,68,inactive,1,0,1
TXN_487,CUST_2070,39451.89,UPI,insufficient_funds,103936.54,12,2,0.44,1,85,active,0,2,1
TXN_488,CUST_2536,16476.82,Card,bank_declined,87369.85,21,4,0.09,4,7,not_applicable,1,1,1
TXN_489,CUST_2543,29951.44,UPI,bank_declined,147396.96,26,7,1.0,3,78,not_applicable,0,4,1
TXN_490,CUST_1796,32164.0,Card,authentication_failed,84828.36,25,4,0.64,22,85,active,1,3,1
TXN_491,CUST_1853,6004.98,NetBanking,authentication_failed,82571.07,1,0,0.84,23,32,active,1,1,1
TXN_492,CUST_2866,28636.43,NetBanking,authentication_failed,117966.1,17,3,0.18,23,24,inactive,1,1,0
TXN_493,CUST_2398,16792.11,UPI,card_expired,6213.14,30,2,0.02,23,65,active,1,0,0
TXN_494,CUST_1877,13726.23,NetBanking,authentication_failed,104097.67,8,2,0.3,5,74,inactive,0,2,1
TXN_495,CUST_1955,13038.91,Card,insufficient_funds,86501.71,4,5,0.87,19,6,not_applicable,1,3,1
TXN_496,CUST_2617,9386.46,NetBanking,insufficient_funds,160726.02,25,5,0.46,16,28,active,0,4,0
TXN_497,CUST_1326,6760.65,Wallet,authentication_failed,17039.7,17,6,0.73,2,44,active,0,2,1
TXN_498,CUST_1678,21898.85,NetBanking,bank_declined,146172.14,6,8,0.77,15,71,not_applicable,0,0,0
TXN_499,CUST_2369,30550.23,NetBanking,network_error,27935.46,7,3,0.75,1,87,inactive,1,0,1
TXN_500,CUST_1790,47835.07,NetBanking,authentication_failed,14722.65,23,4,0.06,0,66,inactive,1,3,0
TXN_501,CUST_1089,13159.11,NetBanking,customer_abandoned,50148.78,6,5,0.91,16,10,active,0,4,0
TXN_502,CUST_2092,13670.29,UPI,customer_abandoned,152120.25,2,3,0.45,21,80,active,1,0,1
TXN_503,CUST_1421,3361.77,Wallet,customer_abandoned,98026.67,26,1,0.03,23,87,active,0,3,0
TXN_504,CUST_2468,45331.23,NetBanking,insufficient_funds,28709.83,2,1,0.53,1,22,inactive,0,4,0
TXN_505,CUST_2682,17432.43,Card,bank_declined,180066.84,13,6,0.02,14,80,inactive,1,2,1
TXN_506,CUST_1034,48173.38,Wallet,customer_abandoned,112473.47,3,8,0.94,0,82,not_applicable,0,4,0
TXN_507,CUST_1093,20997.79,UPI,bank_declined,52771.4,29,8,0.73,3,37,not_applicable,1,4,1
TXN_508,CUST_1177,12900.85,NetBanking,network_error,131180.75,12,6,0.2,21,3,inactive,0,4,0
TXN_509,CUST_1450,23250.23,Card,customer_abandoned,194429.06,12,8,0.61,9,81,active,1,2,0
TXN_510,CUST_2960,5793.38,UPI,authentication_failed,31098.12,27,8,0.23,4,15,active,0,4,0
TXN_511,CUST_2221,42545.74,Wallet,authentication_failed,112683.33,17,1,0.52,9,26,not_applicable,1,1,0
TXN_512,CUST_1845,43020.97,Card,card_expired,144840.05,5,3,0.07,19,32,active,0,1,1
TXN_513,CUST_2374,27222.56,UPI,authentication_failed,17263.34,14,8,0.46,2,37,not_applicable,0,2,0
TXN_514,CUST_1201,8372.15,Card,customer_abandoned,189193.93,18,7,0.85,10,45,active,0,0,0
TXN_515,CUST_1583,23168.55,UPI,card_expired,82941.34,10,7,0.65,14,42,not_applicable,1,4,0
TXN_516,CUST_1312,3207.43,NetBanking,bank_declined,102988.03,30,6,0.81,5,0,inactive,0,1,1
TXN_517,CUST_2458,2692.63,Wallet,bank_declined,157469.36,26,5,0.2,4,86,not_applicable,1,3,0
TXN_518,CUST_1947,8318.85,Wallet,bank_declined,66712.8,24,4,0.76,15,70,active,0,4,1
TXN_519,CUST_1167,10323.58,NetBanking,card_expired,175688.19,28,8,0.88,6,33,not_applicable,0,0,0
TXN_520,CUST_2827,12015.93,UPI,authentication_failed,90796.63,20,0,0.98,18,74,inactive,0,0,0
TXN_521,CUST_2129,1455.65,NetBanking,authentication_failed,13975.71,28,8,0.46,15,83,active,1,3,1
TXN_522,CUST_1457,26981.22,NetBanking,card_expired,100064.69,14,8,0.11,16,11,inactive,1,4,0
TXN_523,CUST_1021,41122.95,Card,authentication_failed,76703.58,21,2,0.78,16,17,inactive,0,1,0
TXN_524,CUST_2159,10267.95,Card,customer_abandoned,105142.6,23,7,0.29,11,5,active,1,1,1
TXN_525,CUST_1128,28921.91,NetBanking,bank_declined,127281.9,7,0,0.8,21,26,not_applicable,1,3,0
TXN_526,CUST_1961,45762.99,Wallet,insufficient_funds,107072.74,1,5,0.16,3,90,not_applicable,1,2,1
TXN_527,CUST_2185,39683.74,Card,network_error,64035.57,20,6,0.86,11,75,not_applicable,0,4,0
TXN_528,CUST_1515,13917.53,Wallet,card_expired,196720.77,16,6,0.14,11,44,inactive,1,4,0
TXN_529,CUST_1013,9292.82,Card,network_error,178903.95,5,3,0.65,2,65,not_applicable,1,1,1
TXN_530,CUST_1307,22072.14,Card,card_expired,123444.31,11,1,0.08,21,29,inactive,1,0,0
TXN_531,CUST_1986,40199.82,Wallet,network_error,101536.15,6,2,0.97,20,52,active,0,0,1
TXN_532,CUST_1261,49207.1,Card,card_expired,133916.08,20,8,0.63,1,73,active,0,1,0
TXN_533,CUST_1528,44108.2,Card,authentication_failed,86070.45,30,6,0.16,19,72,not_applicable,0,2,0
TXN_534,CUST_2939,28031.81,UPI,card_expired,105952.52,14,7,0.72,15,21,active,1,4,1
TXN_535,CUST_1292,4062.39,Card,authentication_failed,146567.8,21,8,0.19,8,21,not_applicable,1,3,1
TXN_536,CUST_2221,40971.27,UPI,card_expired,108617.96,12,6,0.71,4,13,active,0,4,0
TXN_537,CUST_2760,23611.28,Wallet,card_expired,164505.74,19,1,0.46,5,60,not_applicable,0,4,0
TXN_538,CUST_2030,24761.2,UPI,insufficient_funds,165821.6,15,2,0.34,19,69,active,1,4,1
TXN_539,CUST_1861,35629.5,NetBanking,insufficient_funds,165369.66,22,8,0.1,13,29,inactive,1,2,0
TXN_540,CUST_2206,7184.4,UPI,network_error,70240.34,4,4,0.45,15,29,active,1,4,1
TXN_541,CUST_2795,32592.26,Wallet,bank_declined,124564.78,6,0,0.35,22,0,not_applicable,0,4,1
TXN_542,CUST_1014,23617.23,Wallet,customer_abandoned,195841.88,6,5,0.63,13,46,active,0,3,0
TXN_543,CUST_2334,33841.26,NetBanking,bank_declined,65695.7,27,8,0.69,13,72,inactive,1,3,0
TXN_544,CUST_2546,8826.58,Card,network_error,171291.71,17,8,0.23,15,22,inactive,1,2,0
TXN_545,CUST_1628,14035.88,NetBanking,customer_abandoned,128933.5,12,2,0.69,21,15,not_applicable,0,3,0
TXN_546,CUST_2603,15335.0,Card,insufficient_funds,43316.23,6,8,0.03,12,43,not_applicable,0,1,0
TXN_547,CUST_1796,32692.82,UPI,insufficient_funds,187722.66,26,2,0.87,15,76,inactive,0,0,1
TXN_548,CUST_1538,39443.52,Card,bank_declined,133332.0,2,0,0.26,23,49,inactive,1,4,1
TXN_549,CUST_1117,33569.54,Card,customer_abandoned,112527.69,15,7,0.11,0,25,not_applicable,1,1,0
TXN_550,CUST_1068,23071.88,Card,authentication_failed,173048.16,5,0,0.55,11,30,not_applicable,0,1,0
TXN_551,CUST_1177,48842.34,NetBanking,network_error,23033.4,11,6,0.42,12,75,active,0,0,1
TXN_552,CUST_2882,37021.22,UPI,authentication_failed,183697.23,9,8,0.28,18,44,inactive,1,1,1
TXN_553,CUST_2241,14681.69,Card,network_error,182243.26,29,6,0.75,18,0,inactive,0,3,0
TXN_554,CUST_2036,998.53,UPI,authentication_failed,192599.26,2,8,0.73,9,43,active,1,4,0
TXN_555,CUST_2665,41486.79,NetBanking,customer_abandoned,57022.72,14,6,0.87,18,61,active,1,3,0
TXN_556,CUST_2395,35213.93,Wallet,authentication_failed,108599.0,27,0,0.1,15,14,inactive,0,3,0
TXN_557,CUST_2297,718.96,Card,customer_abandoned,94284.83,22,3,0.3,10,52,inactive,0,2,0
TXN_558,CUST_1508,14932.17,NetBanking,insufficient_funds,60683.9,12,5,0.74,2,70,active,1,2,1
TXN_559,CUST_1724,45154.46,Card,authentication_failed,170600.51,8,2,0.67,23,87,active,1,1,1
TXN_560,CUST_1480,44625.89,Card,bank_declined,37880.71,6,3,0.08,6,31,not_applicable,1,1,0
TXN_561,CUST_2595,39749.46,UPI,insufficient_funds,7899.38,29,1,0.58,21,84,inactive,0,4,1
TXN_562,CUST_2961,42799.24,UPI,network_error,104767.69,11,5,0.06,15,73,inactive,1,1,0
TXN_563,CUST_2565,29989.03,NetBanking,network_error,23871.67,7,2,0.09,1,67,inactive,1,4,1
TXN_564,CUST_1066,33493.09,NetBanking,network_error,166028.07,27,2,0.88,14,15,not_applicable,1,2,1
TXN_565,CUST_2411,25920.57,UPI,insufficient_funds,86655.05,21,3,0.32,12,74,active,1,2,1
TXN_566,CUST_2254,38716.59,NetBanking,card_expired,120782.76,17,4,0.89,7,34,inactive,1,2,1
TXN_567,CUST_1376,30393.77,Wallet,network_error,126630.2,6,6,0.59,22,47,inactive,1,2,1
TXN_568,CUST_1923,11947.93,Card,authentication_failed,102960.39,4,3,0.1,3,34,active,1,3,0
TXN_569,CUST_1401,24434.59,Card,customer_abandoned,130792.63,4,7,0.95,0,22,inactive,1,1,1
TXN_570,CUST_2829,37205.34,NetBanking,network_error,101746.95,9,4,0.63,17,72,active,1,0,1
TXN_571,CUST_2414,12794.14,Card,insufficient_funds,73008.77,6,4,0.47,15,80,active,1,2,1
TXN_572,CUST_1532,7087.2,NetBanking,bank_declined,56086.05,17,8,0.97,8,44,active,1,0,1
TXN_573,CUST_1719,24153.85,Card,authentication_failed,40023.44,18,8,0.61,5,36,inactive,1,4,0
TXN_574,CUST_1998,10428.93,Wallet,insufficient_funds,103797.95,12,4,0.01,14,80,active,0,2,1
TXN_575,CUST_1863,11031.53,Wallet,insufficient_funds,8307.55,2,2,0.11,10,29,inactive,1,2,0
TXN_576,CUST_2454,40149.03,NetBanking,authentication_failed,114837.68,20,6,0.51,8,56,inactive,1,3,0
TXN_577,CUST_1342,46594.51,Card,insufficient_funds,80005.99,4,3,0.09,21,32,not_applicable,0,1,1
TXN_578,CUST_1341,5780.54,Wallet,insufficient_funds,69699.41,3,1,0.51,15,70,active,0,3,1
TXN_579,CUST_2073,24727.97,UPI,insufficient_funds,140749.49,8,2,0.99,2,83,inactive,1,1,1
TXN_580,CUST_1506,13809.1,NetBanking,network_error,79520.64,20,2,0.42,4,67,active,0,0,1
TXN_581,CUST_2358,45389.79,NetBanking,bank_declined,143092.5,27,7,0.61,14,69,inactive,1,1,0
TXN_582,CUST_2985,41207.14,Card,authentication_failed,191057.04,19,7,0.82,20,81,not_applicable,1,4,0
TXN_583,CUST_2310,31856.43,NetBanking,bank_declined,11175.94,15,8,0.26,7,11,inactive,1,2,0
TXN_584,CUST_1844,30229.39,NetBanking,card_expired,137631.39,9,0,0.11,0,66,active,1,2,0
TXN_585,CUST_1960,22866.2,UPI,customer_abandoned,74441.55,29,7,0.12,15,38,active,1,2,0
TXN_586,CUST_2222,37583.78,Card,insufficient_funds,15130.53,17,5,0.08,6,52,not_applicable,1,3,0
TXN_587,CUST_1511,47092.11,Card,customer_abandoned,134045.96,23,6,0.68,12,28,inactive,0,3,0
TXN_588,CUST_2280,29723.67,Card,authentication_failed,3016.11,24,4,0.64,9,83,not_applicable,1,3,1
TXN_589,CUST_1385,30667.42,UPI,card_expired,174866.02,4,4,0.72,3,81,inactive,1,2,1
TXN_590,CUST_2434,45132.42,Wallet,card_expired,14222.33,10,0,0.53,4,6,not_applicable,0,1,1
TXN_591,CUST_2991,684.16,UPI,bank_declined,84984.82,8,2,0.3,22,56,not_applicable,0,1,0
TXN_592,CUST_1184,28902.27,Card,insufficient_funds,9704.08,15,3,0.12,10,53,inactive,1,2,1
TXN_593,CUST_1949,17224.05,UPI,bank_declined,146105.52,2,2,0.65,1,34,inactive,0,4,1
TXN_594,CUST_1962,34655.39,Card,card_expired,86556.28,28,4,0.67,12,1,active,0,3,0
TXN_595,CUST_2579,15385.04,Wallet,card_expired,158008.05,23,0,0.45,6,58,not_applicable,0,4,1
TXN_596,CUST_2363,41138.88,Card,network_error,171654.91,12,4,0.92,10,20,not_applicable,0,4,1
TXN_597,CUST_2066,16011.45,UPI,bank_declined,116857.55,15,4,0.37,6,46,active,0,0,1
TXN_598,CUST_1483,35308.73,Wallet,bank_declined,137992.6,0,2,0.37,8,74,active,1,1,1
TXN_599,CUST_1018,21583.41,UPI,authentication_failed,29376.23,25,7,0.89,22,76,active,1,0,1
TXN_600,CUST_1509,7807.54,Card,network_error,6064.1,2,5,0.65,20,7,active,1,1,0
TXN_601,CUST_2436,17096.15,UPI,card_expired,15270.67,15,3,0.41,10,71,not_applicable,1,3,0
TXN_602,CUST_2501,33888.32,Card,insufficient_funds,121550.07,22,6,0.36,11,17,inactive,0,3,0
TXN_603,CUST_2447,49402.99,Wallet,authentication_failed,91346.32,9,8,0.69,22,62,active,0,4,0
TXN_604,CUST_1712,24330.93,NetBanking,customer_abandoned,6479.81,14,4,0.51,19,70,active,0,4,1
TXN_605,CUST_1317,19271.91,Wallet,bank_declined,8760.21,26,4,0.03,17,46,inactive,0,4,0
TXN_606,CUST_1776,8085.24,Card,insufficient_funds,5647.07,19,5,0.76,19,30,inactive,0,4,0
TXN_607,CUST_2677,14533.31,Wallet,card_expired,180116.55,16,7,0.12,17,19,not_applicable,1,2,1
TXN_608,CUST_1839,15766.94,NetBanking,insufficient_funds,177792.33,3,8,0.6,21,8,active,0,1,1
TXN_609,CUST_2788,49202.26,UPI,card_expired,58392.68,3,7,0.96,6,12,active,1,3,0
TXN_610,CUST_2076,19337.04,NetBanking,insufficient_funds,68737.03,11,3,0.54,19,9,active,0,3,1
TXN_611,CUST_2901,27730.2,UPI,network_error,108799.26,25,0,0.76,11,71,not_applicable,1,2,1
TXN_612,CUST_2626,22078.02,UPI,authentication_failed,61164.32,8,8,0.26,1,9,inactive,0,1,0
TXN_613,CUST_2967,2976.61,UPI,insufficient_funds,69147.15,23,3,0.27,17,49,active,0,4,0
TXN_614,CUST_2345,27929.67,Card,authentication_failed,70108.13,20,2,0.58,17,71,inactive,0,4,0
TXN_615,CUST_1733,22257.78,Wallet,customer_abandoned,125620.63,21,6,0.49,3,21,active,1,4,0
TXN_616,CUST_1691,49693.03,Card,authentication_failed,176182.64,19,7,0.62,11,40,not_applicable,1,2,0
TXN_617,CUST_1844,31070.96,Wallet,customer_abandoned,41061.11,10,3,0.4,18,69,active,1,4,0
TXN_618,CUST_2896,23829.75,NetBanking,bank_declined,109061.89,30,7,0.23,14,50,active,0,2,0
TXN_619,CUST_2220,45481.79,UPI,authentication_failed,144706.5,4,4,0.53,0,38,active,0,2,1
TXN_620,CUST_1044,6619.55,NetBanking,authentication_failed,158311.45,16,8,0.12,18,73,active,0,0,1
TXN_621,CUST_1942,13860.8,NetBanking,card_expired,175541.03,4,4,0.94,11,74,active,0,2,1
TXN_622,CUST_2661,23187.51,NetBanking,insufficient_funds,196216.49,18,6,0.48,18,27,not_applicable,0,2,1
TXN_623,CUST_2623,29477.7,Wallet,card_expired,75690.65,15,1,0.29,19,82,inactive,0,4,0
TXN_624,CUST_1781,38113.73,UPI,insufficient_funds,77921.56,29,5,0.51,11,55,inactive,0,1,0
TXN_625,CUST_2531,28906.22,UPI,customer_abandoned,173249.85,24,6,0.98,1,39,not_applicable,0,2,1
TXN_626,CUST_2105,41393.19,Card,bank_declined,153141.03,16,3,0.57,4,6,not_applicable,1,3,1
TXN_627,CUST_2541,10103.68,UPI,card_expired,22743.58,13,4,0.85,12,18,active,1,0,1
TXN_628,CUST_1974,42363.75,UPI,authentication_failed,178724.95,12,4,0.06,2,51,not_applicable,1,1,1
TXN_629,CUST_2560,22471.12,Card,network_error,102576.07,17,3,0.63,15,50,not_applicable,0,4,0
TXN_630,CUST_2261,1053.89,Card,card_expired,95891.85,2,4,0.69,13,41,not_applicable,0,0,1
TXN_631,CUST_2375,34657.37,Wallet,network_error,27752.59,11,5,0.3,6,41,inactive,0,2,1
TXN_632,CUST_1346,40241.42,NetBanking,authentication_failed,56473.21,26,7,0.21,19,18,inactive,0,1,1
TXN_633,CUST_1408,542.28,NetBanking,card_expired,199566.35,24,1,0.68,3,6,active,0,2,0
TXN_634,CUST_1028,14801.51,NetBanking,customer_abandoned,3848.74,25,1,0.74,9,57,inactive,0,2,0
TXN_635,CUST_1428,37049.76,Card,card_expired,29427.21,17,8,0.75,8,70,inactive,0,0,0
TXN_636,CUST_1771,32961.17,UPI,bank_declined,153457.07,5,0,0.85,9,25,not_applicable,1,0,0
TXN_637,CUST_1952,4521.38,UPI,insufficient_funds,98037.93,12,4,0.08,21,84,inactive,0,0,1
TXN_638,CUST_1599,20414.61,Wallet,card_expired,14135.96,12,8,0.35,22,12,inactive,1,4,0
TXN_639,CUST_2088,40430.94,UPI,card_expired,189589.92,6,8,0.07,14,71,not_applicable,0,0,1
TXN_640,CUST_1506,26176.57,NetBanking,bank_declined,60613.57,15,6,0.08,23,20,active,1,2,1
TXN_641,CUST_1727,39746.33,NetBanking,card_expired,141710.21,16,4,0.05,1,80,inactive,1,0,1
TXN_642,CUST_2933,20203.38,NetBanking,card_expired,59762.81,4,5,0.23,12,84,active,0,3,0
TXN_643,CUST_2066,40193.79,Card,network_error,185916.38,7,2,0.41,13,39,not_applicable,1,3,1
TXN_644,CUST_2110,16142.64,Card,card_expired,95810.96,20,2,0.23,18,69,not_applicable,0,1,0
TXN_645,CUST_1632,48951.16,Card,network_error,121095.13,29,2,0.36,20,72,active,1,0,1
TXN_646,CUST_2141,6233.74,UPI,card_expired,177843.16,10,2,0.5,23,3,inactive,1,3,0
TXN_647,CUST_1621,29334.65,Wallet,customer_abandoned,125331.99,29,4,0.07,4,24,active,0,1,0
TXN_648,CUST_1053,12172.39,NetBanking,authentication_failed,143076.57,18,3,0.82,19,29,active,0,2,0
TXN_649,CUST_1162,27669.8,Wallet,card_expired,104513.81,16,7,0.14,22,83,inactive,0,3,0
TXN_650,CUST_2006,13643.33,Wallet,card_expired,99842.39,5,3,0.28,7,4,inactive,0,2,0
TXN_651,CUST_2946,31514.93,Wallet,card_expired,11812.07,23,3,0.75,6,8,active,1,4,1
TXN_652,CUST_2003,106.72,NetBanking,network_error,102714.7,28,3,0.05,13,51,active,1,2,1
TXN_653,CUST_1807,35378.13,UPI,authentication_failed,13475.23,3,7,0.84,14,5,active,1,0,0
TXN_654,CUST_2142,12416.51,Wallet,authentication_failed,148439.91,24,0,0.32,6,37,inactive,1,2,0
TXN_655,CUST_2584,18075.67,NetBanking,network_error,54808.26,5,6,0.84,9,78,active,0,3,0
TXN_656,CUST_2699,39467.73,Wallet,insufficient_funds,178482.56,23,8,0.43,3,23,not_applicable,0,3,1
TXN_657,CUST_1846,18928.17,NetBanking,network_error,192851.6,0,2,0.09,14,75,not_applicable,0,3,1
TXN_658,CUST_1184,24741.32,NetBanking,bank_declined,78142.11,22,2,0.63,22,15,active,0,3,1
TXN_659,CUST_2298,317.73,NetBanking,insufficient_funds,34223.66,16,6,0.71,23,65,not_applicable,0,3,1
TXN_660,CUST_2127,48305.77,Wallet,insufficient_funds,152446.52,24,2,0.95,10,72,not_applicable,0,1,1
TXN_661,CUST_2779,14972.81,Card,card_expired,21967.62,24,0,0.78,13,39,inactive,1,2,1
TXN_662,CUST_2282,2504.48,Card,insufficient_funds,72650.04,28,2,0.96,6,0,not_applicable,1,0,1
TXN_663,CUST_1939,21693.18,Wallet,network_error,92082.22,17,0,0.21,19,63,active,0,4,1
TXN_664,CUST_2350,18553.68,Wallet,network_error,11418.65,13,7,0.77,2,76,not_applicable,0,1,1
TXN_665,CUST_2806,41126.78,NetBanking,authentication_failed,170219.25,20,8,0.21,6,6,active,0,0,1
TXN_666,CUST_2337,23666.86,NetBanking,insufficient_funds,176151.19,4,0,0.22,21,73,not_applicable,1,2,1
TXN_667,CUST_2884,30426.83,UPI,insufficient_funds,59764.99,3,6,0.14,5,20,not_applicable,1,4,0
TXN_668,CUST_2353,36956.01,Card,network_error,63809.84,23,5,0.64,1,11,inactive,1,2,1
TXN_669,CUST_2838,35689.02,Wallet,insufficient_funds,40643.84,24,6,0.89,17,8,inactive,1,1,1
TXN_670,CUST_1249,18452.52,NetBanking,bank_declined,12560.3,16,6,0.11,16,26,not_applicable,0,4,0
TXN_671,CUST_1119,13452.87,UPI,authentication_failed,167260.56,23,8,0.01,2,61,not_applicable,1,3,0
TXN_672,CUST_2246,16933.54,NetBanking,bank_declined,4846.2,16,5,0.12,4,78,not_applicable,1,4,0
TXN_673,CUST_2493,24693.94,Wallet,network_error,81453.66,25,2,0.53,19,29,not_applicable,1,1,1
TXN_674,CUST_1003,595.2,UPI,insufficient_funds,93354.94,14,1,0.96,23,26,not_applicable,1,3,1
TXN_675,CUST_1093,33909.36,NetBanking,bank_declined,63060.91,17,3,0.77,0,81,active,1,2,1
TXN_676,CUST_2618,26112.67,UPI,bank_declined,195226.75,9,8,0.13,17,41,active,0,2,0
TXN_677,CUST_1699,38530.89,Wallet,customer_abandoned,161623.95,18,0,0.12,5,24,inactive,1,3,0
TXN_678,CUST_2876,975.86,Wallet,insufficient_funds,59368.41,20,2,0.77,15,19,not_applicable,1,4,1
TXN_679,CUST_2834,17469.97,NetBanking,network_error,74976.12,25,6,0.0,23,7,not_applicable,1,4,0
TXN_680,CUST_2484,32358.29,NetBanking,authentication_failed,194864.69,17,0,0.85,6,73,not_applicable,1,2,1
TXN_681,CUST_1135,44938.17,Card,bank_declined,156856.48,26,0,0.78,10,48,not_applicable,0,4,1
TXN_682,CUST_2240,19960.46,Wallet,card_expired,61280.23,19,1,0.07,9,90,inactive,0,2,1
TXN_683,CUST_1847,12405.52,UPI,network_error,97331.34,28,3,0.75,11,57,inactive,0,4,1
TXN_684,CUST_1619,2986.44,Card,insufficient_funds,191600.17,11,0,0.94,6,11,inactive,0,3,0
TXN_685,CUST_2853,49567.26,Card,card_expired,109351.98,10,7,0.96,23,67,inactive,1,1,1
TXN_686,CUST_2575,18347.47,UPI,authentication_failed,45850.87,21,2,0.2,6,4,inactive,1,4,0
TXN_687,CUST_1237,31158.44,UPI,bank_declined,156483.05,29,0,0.58,21,76,active,1,3,0
TXN_688,CUST_2821,40575.08,UPI,insufficient_funds,127554.99,16,4,0.39,0,73,inactive,0,2,0
TXN_689,CUST_1410,13069.26,Card,bank_declined,69693.25,8,8,0.92,10,56,not_applicable,0,2,0
TXN_690,CUST_1305,23552.41,Card,bank_declined,178138.09,3,0,0.71,19,71,not_applicable,0,1,1
TXN_691,CUST_2111,7450.42,NetBanking,authentication_failed,2560.48,10,4,0.63,4,90,inactive,0,1,0
TXN_692,CUST_1145,6800.32,NetBanking,authentication_failed,191628.89,28,5,0.53,17,56,active,0,0,0
TXN_693,CUST_1964,25080.12,UPI,insufficient_funds,136244.45,12,0,0.08,2,54,inactive,0,4,0
TXN_694,CUST_2825,40367.58,Wallet,authentication_failed,92473.31,11,4,0.55,10,25,not_applicable,0,3,0
TXN_695,CUST_2162,2290.61,Card,insufficient_funds,33984.21,26,7,0.45,3,58,inactive,1,3,0
TXN_696,CUST_1474,2593.95,Card,card_expired,168886.28,27,4,0.98,11,50,active,1,2,1
TXN_697,CUST_1928,42703.87,Wallet,insufficient_funds,49153.45,2,7,0.96,3,44,inactive,1,1,0
TXN_698,CUST_1578,47576.35,NetBanking,authentication_failed,198969.04,18,2,0.71,16,13,inactive,0,2,0
TXN_699,CUST_2138,28520.04,UPI,bank_declined,52648.81,17,7,0.44,12,75,inactive,0,4,0
TXN_700,CUST_1499,3746.77,Card,network_error,124846.31,12,1,0.98,10,26,not_applicable,1,3,1
TXN_701,CUST_2161,39650.5,NetBanking,authentication_failed,181671.86,22,3,0.94,5,84,not_applicable,0,4,1
TXN_702,CUST_2713,26120.84,Wallet,insufficient_funds,195484.27,18,7,0.76,10,71,active,1,1,1
TXN_703,CUST_1630,23897.32,Wallet,insufficient_funds,143947.9,19,1,0.25,21,76,inactive,1,3,1
TXN_704,CUST_2320,33363.36,UPI,insufficient_funds,33377.25,6,2,0.57,18,81,active,0,1,0
TXN_705,CUST_1927,24994.89,NetBanking,network_error,3408.52,19,7,0.01,6,26,not_applicable,1,2,1
TXN_706,CUST_2167,46317.08,NetBanking,network_error,46506.68,22,5,0.63,2,74,active,1,1,1
TXN_707,CUST_2745,16151.33,NetBanking,insufficient_funds,169760.38,11,8,0.73,1,0,not_applicable,1,0,1
TXN_708,CUST_2763,21492.23,NetBanking,insufficient_funds,6804.78,7,6,0.48,22,75,inactive,1,3,0
TXN_709,CUST_1831,6013.28,Wallet,network_error,58488.1,17,3,0.4,21,22,inactive,0,1,0
TXN_710,CUST_2137,49663.43,Wallet,bank_declined,9937.35,26,6,0.76,4,36,not_applicable,0,1,1
TXN_711,CUST_1023,19683.66,UPI,customer_abandoned,151098.73,0,2,0.92,23,62,not_applicable,1,1,0
TXN_712,CUST_1173,28898.42,Card,customer_abandoned,72067.11,25,6,0.79,14,89,not_applicable,1,4,0
TXN_713,CUST_1368,28247.29,Wallet,authentication_failed,72357.11,13,8,0.66,14,49,inactive,0,1,0
TXN_714,CUST_1869,9660.49,UPI,authentication_failed,183729.58,15,3,0.1,22,64,inactive,1,4,0
TXN_715,CUST_2180,11120.55,NetBanking,insufficient_funds,8747.06,1,7,0.04,22,47,active,1,0,0
TXN_716,CUST_1290,43351.84,NetBanking,network_error,57213.27,16,1,0.95,16,78,active,0,3,1
TXN_717,CUST_2291,21887.05,UPI,customer_abandoned,116437.68,20,8,0.52,18,39,not_applicable,0,2,1
TXN_718,CUST_2095,14196.55,UPI,network_error,71257.03,14,8,0.89,15,73,not_applicable,1,3,0
TXN_719,CUST_1722,44638.66,NetBanking,bank_declined,84470.15,5,0,0.78,22,76,not_applicable,1,4,0
TXN_720,CUST_1533,24927.24,UPI,customer_abandoned,41731.34,15,2,0.59,18,6,not_applicable,1,4,0
TXN_721,CUST_1055,16645.08,NetBanking,network_error,171151.01,2,2,0.21,16,9,inactive,1,1,1
TXN_722,CUST_2261,3543.48,NetBanking,bank_declined,188216.12,27,4,0.51,0,14,not_applicable,0,4,0
TXN_723,CUST_2513,40562.84,Card,customer_abandoned,167329.36,14,5,0.33,5,33,not_applicable,0,3,0
TXN_724,CUST_1370,38579.03,UPI,bank_declined,131275.49,2,2,0.15,19,19,inactive,1,3,1
TXN_725,CUST_1487,27000.82,Wallet,customer_abandoned,57212.01,20,2,0.43,6,73,not_applicable,1,0,1
TXN_726,CUST_2315,6480.55,NetBanking,insufficient_funds,153343.8,1,2,0.0,14,51,inactive,1,3,0
TXN_727,CUST_2528,26173.26,Card,network_error,11872.25,21,6,0.97,15,33,active,1,0,1
TXN_728,CUST_1591,15279.52,Wallet,network_error,61484.56,21,5,0.23,16,87,active,0,4,0
TXN_729,CUST_2305,36494.31,NetBanking,network_error,193402.25,19,4,0.22,10,34,inactive,0,2,1
TXN_730,CUST_2340,37120.63,Wallet,network_error,169836.65,24,3,0.42,23,86,not_applicable,0,4,1
TXN_731,CUST_1691,16332.23,Card,bank_declined,142811.65,17,0,0.82,21,1,active,0,3,1
TXN_732,CUST_1200,18609.96,UPI,customer_abandoned,180486.1,14,5,0.81,7,36,inactive,0,0,0
TXN_733,CUST_1048,37736.99,UPI,insufficient_funds,79245.85,30,3,0.59,19,81,active,0,0,1
TXN_734,CUST_2753,4014.95,Card,network_error,109354.89,21,2,0.71,3,89,active,1,2,1
TXN_735,CUST_1956,39053.52,UPI,customer_abandoned,117170.78,14,4,0.95,13,88,not_applicable,1,2,1
TXN_736,CUST_1331,13339.77,UPI,bank_declined,120709.22,24,0,0.3,12,49,inactive,0,2,0
TXN_737,CUST_2957,37974.36,NetBanking,card_expired,21400.68,14,1,0.51,15,25,not_applicable,1,1,1
TXN_738,CUST_2321,18527.11,Wallet,insufficient_funds,186652.05,4,8,0.83,13,27,not_applicable,0,3,0
TXN_739,CUST_2465,35744.9,NetBanking,insufficient_funds,92881.51,1,1,0.92,2,73,not_applicable,1,3,1
TXN_740,CUST_1038,36476.15,Wallet,card_expired,172476.49,20,0,0.27,1,85,inactive,1,1,0
TXN_741,CUST_2433,9842.51,NetBanking,network_error,69723.05,18,0,0.34,16,90,inactive,1,3,0
TXN_742,CUST_1827,42841.21,UPI,authentication_failed,140532.8,7,0,0.73,12,88,inactive,0,4,0
TXN_743,CUST_2096,47359.82,NetBanking,bank_declined,99755.49,21,4,0.38,12,7,not_applicable,0,2,1
TXN_744,CUST_2094,39331.66,NetBanking,insufficient_funds,147154.34,26,7,0.38,9,82,active,0,4,0
TXN_745,CUST_1080,41965.97,Wallet,customer_abandoned,3272.18,6,4,0.7,22,49,active,1,3,1
TXN_746,CUST_1173,21939.3,Wallet,customer_abandoned,47759.71,6,2,0.7,1,24,active,0,3,1
TXN_747,CUST_1796,27366.87,UPI,authentication_failed,193440.02,20,4,0.05,15,68,inactive,0,0,1
TXN_748,CUST_1694,35950.85,UPI,bank_declined,172665.45,25,0,0.18,12,15,active,1,4,1
TXN_749,CUST_1305,27680.08,Card,insufficient_funds,79914.18,1,2,0.13,15,83,active,1,4,1
TXN_750,CUST_1093,7947.93,Card,customer_abandoned,62647.78,20,2,0.29,0,22,not_applicable,0,2,0
TXN_751,CUST_2680,33667.88,UPI,network_error,159539.6,19,2,0.25,18,8,active,0,3,1
TXN_752,CUST_2218,28630.12,Card,insufficient_funds,166733.24,25,3,0.91,13,43,not_applicable,1,2,1
TXN_753,CUST_1247,33733.59,Card,bank_declined,11315.32,26,3,0.55,1,75,active,1,0,1
TXN_754,CUST_1247,15408.15,NetBanking,card_expired,71238.74,24,6,0.62,5,89,inactive,0,3,0
TXN_755,CUST_1498,36661.68,UPI,card_expired,81500.95,3,6,0.07,5,2,inactive,0,0,1
TXN_756,CUST_1014,14359.34,Card,insufficient_funds,87120.61,22,4,0.69,13,88,inactive,0,1,1
TXN_757,CUST_1293,2923.62,NetBanking,authentication_failed,75410.29,14,6,0.94,7,22,not_applicable,0,4,0
TXN_758,CUST_1368,33606.81,Wallet,authentication_failed,126824.15,30,1,0.2,20,38,inactive,1,0,0
TXN_759,CUST_2142,37571.9,Card,card_expired,21173.21,3,8,0.28,3,79,inactive,0,3,0
TXN_760,CUST_2577,21657.74,Card,bank_declined,196093.38,1,3,0.07,3,19,not_applicable,1,3,0
TXN_761,CUST_1361,9050.3,Card,customer_abandoned,194164.63,29,0,0.11,1,82,inactive,1,1,1
TXN_762,CUST_1890,36920.46,NetBanking,bank_declined,141206.33,19,7,0.42,1,13,not_applicable,0,4,0
TXN_763,CUST_1360,19940.86,Card,insufficient_funds,53590.98,15,8,0.21,3,9,active,1,4,0
TXN_764,CUST_2187,13499.83,NetBanking,network_error,58204.87,6,5,0.66,7,14,inactive,0,0,1
TXN_765,CUST_1485,30221.5,Wallet,card_expired,16318.91,12,3,0.08,2,60,not_applicable,1,0,0
TXN_766,CUST_2823,14934.81,Wallet,card_expired,19321.33,6,7,0.6,5,49,inactive,0,3,0
TXN_767,CUST_2474,32460.39,Card,customer_abandoned,54213.0,11,4,0.02,6,42,active,0,4,1
TXN_768,CUST_1122,12619.56,NetBanking,card_expired,135529.23,3,7,0.71,14,53,active,1,1,1
TXN_769,CUST_2815,15714.08,NetBanking,authentication_failed,54948.15,5,2,0.6,18,70,active,0,3,1
TXN_770,CUST_2755,47342.01,Wallet,card_expired,22075.26,18,7,0.15,14,35,active,1,1,1
TXN_771,CUST_1507,36853.11,NetBanking,network_error,176715.77,18,3,0.2,18,19,not_applicable,0,3,0
TXN_772,CUST_1090,35086.87,UPI,network_error,136342.27,23,8,0.41,1,54,not_applicable,1,3,0
TXN_773,CUST_2658,29188.01,UPI,network_error,51367.21,15,3,0.45,2,71,active,1,1,0
TXN_774,CUST_1271,20011.86,NetBanking,bank_declined,168120.52,7,1,0.19,0,61,not_applicable,1,1,1
TXN_775,CUST_2440,48852.65,Wallet,authentication_failed,21276.73,23,0,0.01,14,59,active,1,1,1
TXN_776,CUST_2617,4722.01,NetBanking,customer_abandoned,149928.49,14,0,0.91,20,9,inactive,1,4,0
TXN_777,CUST_1066,13009.71,NetBanking,network_error,87446.26,24,4,0.72,22,78,not_applicable,0,0,1
TXN_778,CUST_2270,29513.75,NetBanking,customer_abandoned,123045.05,29,0,0.64,16,86,inactive,0,0,1
TXN_779,CUST_1784,35731.23,NetBanking,network_error,19186.91,19,0,0.2,11,46,active,0,4,0
TXN_780,CUST_2452,36962.29,Card,card_expired,3735.37,10,3,0.25,17,14,not_applicable,1,4,0
TXN_781,CUST_2784,13613.24,Card,customer_abandoned,50264.39,24,3,0.06,10,45,inactive,1,2,1
TXN_782,CUST_1111,36663.4,UPI,bank_declined,121739.61,11,7,0.67,15,64,not_applicable,0,3,0
TXN_783,CUST_2453,47579.39,NetBanking,network_error,167859.87,19,5,0.81,21,88,active,0,3,0
TXN_784,CUST_1178,46642.25,UPI,network_error,109306.54,28,2,0.2,9,9,active,0,2,1
TXN_785,CUST_1229,37169.79,Card,network_error,147845.56,4,3,0.52,16,80,active,1,3,0
TXN_786,CUST_2985,18618.54,Card,network_error,184232.56,11,6,0.58,14,82,active,1,1,1
TXN_787,CUST_1128,13515.79,UPI,card_expired,74321.34,26,8,0.9,20,42,inactive,1,2,0
TXN_788,CUST_1995,39390.61,Wallet,network_error,91414.74,9,2,0.63,9,21,inactive,0,3,0
TXN_789,CUST_1761,35302.5,NetBanking,insufficient_funds,86092.67,4,5,0.44,9,58,active,0,4,0
TXN_790,CUST_1584,46820.4,Card,card_expired,13737.26,26,2,0.82,5,30,active,0,2,1
TXN_791,CUST_2176,22251.58,Card,network_error,5360.75,8,5,0.3,5,26,not_applicable,0,2,0
TXN_792,CUST_1704,2903.19,Card,bank_declined,98728.05,14,8,0.93,5,68,inactive,0,0,1
TXN_793,CUST_1828,38245.59,Wallet,card_expired,82524.54,30,7,0.66,10,19,active,1,2,0
TXN_794,CUST_1970,8058.66,NetBanking,authentication_failed,32932.06,21,2,0.07,18,56,inactive,0,3,0
TXN_795,CUST_2843,33244.55,UPI,card_expired,176456.43,21,8,0.81,3,39,active,1,4,1
TXN_796,CUST_2722,5610.55,Card,network_error,58548.3,11,1,0.31,10,7,not_applicable,0,4,1
TXN_797,CUST_2078,25798.78,Card,bank_declined,107575.21,6,0,0.36,2,68,inactive,0,4,0
TXN_798,CUST_1807,41444.92,Card,network_error,158069.28,10,8,0.31,1,85,inactive,1,1,0
TXN_799,CUST_2466,47645.47,Wallet,bank_declined,66021.77,12,5,0.35,0,36,inactive,1,2,0
TXN_800,CUST_1912,47061.93,UPI,card_expired,175387.57,23,7,0.1,23,53,inactive,1,1,0
TXN_801,CUST_2650,27713.22,Wallet,customer_abandoned,101123.36,28,6,0.19,4,75,not_applicable,0,1,1
TXN_802,CUST_1425,33879.35,NetBanking,network_error,167743.77,27,8,0.86,10,8,not_applicable,1,0,1
TXN_803,CUST_1013,22016.61,Wallet,customer_abandoned,122498.8,29,4,0.16,13,22,not_applicable,1,4,1
TXN_804,CUST_2546,9044.74,Card,card_expired,139095.97,5,6,0.23,9,70,inactive,0,2,0
TXN_805,CUST_2709,8347.7,NetBanking,network_error,1396.43,17,7,0.72,7,3,active,0,2,1
TXN_806,CUST_1614,25795.17,Wallet,insufficient_funds,33111.2,20,4,0.08,13,22,inactive,0,0,1
TXN_807,CUST_1244,8370.83,NetBanking,network_error,178280.25,2,5,0.24,18,61,not_applicable,1,2,0
TXN_808,CUST_2286,5356.74,Wallet,customer_abandoned,45249.9,26,1,0.52,11,65,not_applicable,0,2,0
TXN_809,CUST_1333,12343.08,UPI,card_expired,12488.7,10,7,0.39,22,17,inactive,0,0,0
TXN_810,CUST_1558,11055.74,NetBanking,network_error,192012.7,20,5,0.62,1,37,inactive,0,4,0
TXN_811,CUST_1396,20847.18,Card,insufficient_funds,86359.92,19,2,0.54,17,41,inactive,1,2,0
TXN_812,CUST_2403,35137.09,NetBanking,insufficient_funds,35167.09,17,5,0.5,4,1,active,1,2,1
TXN_813,CUST_2594,43539.3,Wallet,network_error,126652.37,10,2,0.53,3,27,active,0,1,1
TXN_814,CUST_2628,30321.33,UPI,network_error,24323.58,14,1,0.34,3,16,active,1,2,1
TXN_815,CUST_1638,34634.47,NetBanking,card_expired,42044.17,26,7,0.39,19,66,inactive,0,2,1
TXN_816,CUST_1058,10295.39,UPI,card_expired,102053.21,4,2,0.42,22,29,inactive,0,1,0
TXN_817,CUST_1266,39658.63,UPI,network_error,14740.14,22,1,0.47,2,2,inactive,1,0,1
TXN_818,CUST_1402,31458.48,UPI,insufficient_funds,138037.69,25,8,0.25,18,7,inactive,0,2,0
TXN_819,CUST_1088,36199.84,UPI,bank_declined,107595.66,21,0,0.84,3,15,not_applicable,0,4,0
TXN_820,CUST_2845,42181.98,Card,card_expired,97533.84,21,5,0.33,0,11,active,1,4,1
TXN_821,CUST_1712,22619.58,NetBanking,card_expired,37505.0,27,8,0.85,23,78,active,0,0,0
TXN_822,CUST_2678,23368.86,UPI,authentication_failed,16064.25,6,3,0.39,9,21,not_applicable,0,0,1
TXN_823,CUST_2892,45098.52,Card,authentication_failed,41491.08,27,7,0.07,11,89,not_applicable,0,3,1
TXN_824,CUST_2379,19531.31,UPI,card_expired,108810.43,26,5,0.97,12,54,active,0,3,0
TXN_825,CUST_1231,32451.07,NetBanking,insufficient_funds,15746.98,14,1,0.38,16,17,inactive,1,2,0
TXN_826,CUST_2141,21730.26,UPI,insufficient_funds,199439.29,10,7,0.56,3,49,inactive,1,4,0
TXN_827,CUST_2507,11083.56,NetBanking,customer_abandoned,70753.59,26,7,0.37,7,70,inactive,1,3,0
TXN_828,CUST_1386,18541.75,UPI,network_error,93383.47,30,5,0.72,5,1,not_applicable,1,0,1
TXN_829,CUST_1811,35467.41,Wallet,authentication_failed,2664.37,21,1,0.22,3,18,inactive,1,4,0
TXN_830,CUST_1208,24251.07,Card,insufficient_funds,2057.38,11,3,0.8,10,25,not_applicable,1,0,1
TXN_831,CUST_1476,27466.12,Wallet,customer_abandoned,14226.2,15,4,0.77,22,74,not_applicable,1,3,1
TXN_832,CUST_1729,39119.8,Wallet,customer_abandoned,150597.65,19,6,0.8,15,65,inactive,0,3,0
TXN_833,CUST_1221,7102.19,UPI,bank_declined,134560.34,15,7,0.62,7,80,active,0,0,0
TXN_834,CUST_2511,8577.06,UPI,insufficient_funds,39800.06,15,0,0.89,5,48,not_applicable,1,1,1
TXN_835,CUST_1620,45420.6,UPI,insufficient_funds,151984.35,21,8,0.6,15,59,active,1,3,1
TXN_836,CUST_2004,44467.48,NetBanking,authentication_failed,116182.54,10,8,0.63,17,2,active,1,0,0
TXN_837,CUST_1785,23748.67,Wallet,bank_declined,143563.03,27,6,0.27,14,58,active,0,1,1
TXN_838,CUST_2140,15759.96,NetBanking,customer_abandoned,49058.62,5,7,0.21,13,17,inactive,1,3,0
TXN_839,CUST_2564,45401.14,UPI,authentication_failed,101904.87,21,7,0.19,21,70,not_applicable,1,3,0
TXN_840,CUST_2151,34838.19,Card,authentication_failed,77176.95,1,6,0.82,8,63,not_applicable,1,4,0
TXN_841,CUST_2385,39832.45,NetBanking,bank_declined,55117.26,10,0,0.69,0,75,active,0,2,1
TXN_842,CUST_1714,46959.52,UPI,customer_abandoned,127638.48,10,6,0.32,3,54,inactive,1,3,0
TXN_843,CUST_1719,9627.24,UPI,customer_abandoned,139233.55,7,3,0.22,7,82,inactive,0,0,0
TXN_844,CUST_2779,13305.29,NetBanking,insufficient_funds,132731.82,10,2,0.81,0,68,inactive,0,3,0
TXN_845,CUST_2347,38066.48,Wallet,authentication_failed,38356.76,16,6,0.09,8,2,not_applicable,1,4,0
TXN_846,CUST_1045,18480.53,NetBanking,network_error,87036.9,18,6,0.03,10,73,active,1,0,1
TXN_847,CUST_2414,1780.45,Card,bank_declined,175957.97,15,8,0.24,21,43,active,1,2,0
TXN_848,CUST_2985,2045.07,Wallet,card_expired,133702.63,15,1,0.32,17,27,inactive,1,0,0
TXN_849,CUST_1608,44417.1,Wallet,card_expired,65732.83,19,1,0.9,22,74,active,1,2,0
TXN_850,CUST_1137,41288.24,Wallet,network_error,169129.4,6,5,0.25,2,83,inactive,1,3,0
TXN_851,CUST_2358,3456.07,NetBanking,card_expired,19888.67,13,6,1.0,8,79,not_applicable,1,4,0
TXN_852,CUST_1369,37434.38,UPI,customer_abandoned,161526.35,22,8,0.86,5,73,inactive,0,3,1
TXN_853,CUST_1548,12150.67,Wallet,authentication_failed,9029.81,23,0,0.41,16,25,inactive,1,1,0
TXN_854,CUST_1492,1219.05,Card,customer_abandoned,72724.94,21,4,0.78,13,52,inactive,0,1,1
TXN_855,CUST_2732,15707.62,Wallet,bank_declined,131214.06,26,4,0.23,20,20,inactive,0,3,0
TXN_856,CUST_1488,38241.23,UPI,card_expired,125124.87,6,0,0.76,7,39,inactive,1,4,0
TXN_857,CUST_1893,41872.27,Wallet,customer_abandoned,124285.71,28,0,0.56,6,20,inactive,0,0,0
TXN_858,CUST_1529,43235.22,NetBanking,customer_abandoned,117800.36,17,2,0.58,20,5,not_applicable,1,0,0
TXN_859,CUST_1113,37860.84,UPI,bank_declined,89016.47,19,4,0.71,2,52,inactive,0,3,1
TXN_860,CUST_2931,11520.89,Card,card_expired,119773.52,3,8,0.93,3,66,not_applicable,1,3,1
TXN_861,CUST_2811,17161.07,UPI,card_expired,106007.82,19,1,0.21,10,42,not_applicable,1,1,0
TXN_862,CUST_2915,49057.78,Wallet,card_expired,130252.28,4,1,0.8,5,27,inactive,1,3,1
TXN_863,CUST_1520,29698.6,UPI,network_error,11616.25,17,5,0.45,22,14,inactive,1,3,1
TXN_864,CUST_2398,33908.83,Card,bank_declined,75251.4,28,2,0.94,11,60,not_applicable,1,2,1
TXN_865,CUST_1043,25067.94,UPI,customer_abandoned,138485.91,21,0,0.7,22,85,active,1,4,0
TXN_866,CUST_1787,13836.88,NetBanking,customer_abandoned,32085.11,30,5,0.64,21,15,not_applicable,0,3,0
TXN_867,CUST_1795,9049.86,UPI,network_error,141322.69,29,4,0.46,9,11,active,1,1,1
TXN_868,CUST_2760,41884.62,Card,network_error,34775.96,20,5,0.02,20,52,active,1,0,0
TXN_869,CUST_2685,30523.9,Wallet,network_error,140228.27,23,6,0.84,10,54,active,0,2,1
TXN_870,CUST_2036,48049.92,UPI,bank_declined,107651.08,13,8,0.49,23,41,inactive,0,0,0
TXN_871,CUST_2313,7769.18,Card,customer_abandoned,114948.84,14,2,0.28,0,51,active,1,2,0
TXN_872,CUST_2179,29201.22,UPI,insufficient_funds,118975.2,5,3,0.35,16,83,active,1,2,1
TXN_873,CUST_1924,1684.01,Wallet,customer_abandoned,85243.69,4,4,0.08,5,87,not_applicable,1,2,1
TXN_874,CUST_1406,44060.55,UPI,network_error,176700.05,11,2,0.66,12,48,not_applicable,0,0,1
TXN_875,CUST_2941,43163.54,UPI,authentication_failed,177332.59,20,3,0.2,2,59,active,1,1,0
TXN_876,CUST_1101,14397.33,Wallet,authentication_failed,160725.42,13,4,1.0,4,11,inactive,0,4,0
TXN_877,CUST_1240,44878.56,UPI,customer_abandoned,124903.48,16,6,0.97,14,86,inactive,0,1,1
TXN_878,CUST_2461,42384.66,Card,card_expired,13416.42,30,4,0.34,9,63,inactive,0,3,0
TXN_879,CUST_2753,48769.62,Card,authentication_failed,163577.81,6,4,0.85,23,86,active,1,1,0
TXN_880,CUST_1836,4346.66,Card,insufficient_funds,77733.92,9,4,0.07,7,79,inactive,0,2,0
TXN_881,CUST_2193,11545.35,Wallet,insufficient_funds,94352.33,0,7,0.27,4,41,not_applicable,1,1,0
TXN_882,CUST_2460,8457.81,Wallet,customer_abandoned,30307.84,13,4,0.97,2,12,not_applicable,0,0,0
TXN_883,CUST_1681,48391.3,Card,network_error,88508.36,29,5,0.28,19,85,not_applicable,0,0,0
TXN_884,CUST_1519,16380.07,Wallet,bank_declined,60577.29,12,5,0.23,4,71,active,0,2,1
TXN_885,CUST_1347,12897.51,Wallet,bank_declined,71708.63,28,7,0.67,4,11,inactive,1,1,0
TXN_886,CUST_1533,10604.3,UPI,bank_declined,161995.7,1,2,0.15,15,35,not_applicable,1,3,0
TXN_887,CUST_1579,43246.48,NetBanking,authentication_failed,31830.14,26,4,0.08,16,40,inactive,0,2,0
TXN_888,CUST_2509,15190.73,Wallet,card_expired,113118.26,17,7,0.8,1,24,active,0,1,1
TXN_889,CUST_1375,29076.88,UPI,network_error,101596.24,8,2,0.14,22,59,inactive,0,3,1
TXN_890,CUST_1083,13754.66,Wallet,bank_declined,98079.03,22,8,0.08,15,58,inactive,0,1,0
TXN_891,CUST_1253,15392.53,NetBanking,insufficient_funds,164653.86,6,4,0.06,5,21,not_applicable,1,4,0
TXN_892,CUST_2824,22975.73,Card,authentication_failed,145276.21,0,8,0.57,18,23,inactive,0,1,0
TXN_893,CUST_2573,38874.76,Wallet,customer_abandoned,172578.39,3,5,0.31,0,36,not_applicable,0,3,0
TXN_894,CUST_1765,42021.39,UPI,bank_declined,197900.78,4,0,0.89,2,58,not_applicable,1,3,0
TXN_895,CUST_2286,9838.81,NetBanking,authentication_failed,98389.11,21,0,0.74,10,5,not_applicable,1,2,1
TXN_896,CUST_2940,24210.73,Card,card_expired,167807.85,27,0,0.36,20,36,inactive,0,0,0
TXN_897,CUST_2120,20399.56,Wallet,insufficient_funds,66318.39,12,4,0.45,5,30,inactive,0,0,0
TXN_898,CUST_2745,6387.5,Card,card_expired,40087.42,12,6,0.95,9,82,not_applicable,0,0,1
TXN_899,CUST_1611,28429.59,Wallet,network_error,116283.58,23,4,0.49,21,77,active,1,0,1
TXN_900,CUST_2704,11568.35,NetBanking,authentication_failed,110979.79,6,7,0.37,14,49,inactive,1,4,0
TXN_901,CUST_2229,7147.05,Wallet,insufficient_funds,114604.61,24,6,0.19,11,78,active,1,3,0
TXN_902,CUST_1190,11013.62,UPI,authentication_failed,37384.72,10,7,0.83,21,28,not_applicable,0,3,0
TXN_903,CUST_2079,46363.48,UPI,bank_declined,194015.38,14,6,0.57,2,61,inactive,0,1,0
TXN_904,CUST_2401,18789.96,NetBanking,card_expired,159748.72,16,6,0.37,9,72,active,0,0,0
TXN_905,CUST_2051,27883.57,UPI,authentication_failed,169179.05,13,6,0.8,3,59,not_applicable,1,2,0
TXN_906,CUST_1521,33670.95,UPI,authentication_failed,44880.35,0,1,0.22,23,84,inactive,0,1,1
TXN_907,CUST_2726,12558.48,Wallet,insufficient_funds,53386.22,2,6,0.0,22,38,inactive,1,3,1
TXN_908,CUST_2277,39650.48,NetBanking,bank_declined,125838.46,30,2,0.75,6,23,active,1,0,1
TXN_909,CUST_1888,22970.35,UPI,insufficient_funds,70892.66,12,1,0.09,0,21,not_applicable,1,3,0
TXN_910,CUST_2416,46044.91,Wallet,customer_abandoned,8971.76,30,7,0.29,9,79,not_applicable,1,3,0
TXN_911,CUST_2647,11983.52,NetBanking,insufficient_funds,181778.48,4,2,0.47,0,24,active,0,1,1
TXN_912,CUST_2759,38052.72,UPI,card_expired,31743.95,15,2,0.49,20,30,inactive,0,0,1
TXN_913,CUST_1616,29885.84,Wallet,card_expired,199911.98,15,6,0.77,0,14,active,0,3,0
TXN_914,CUST_2973,41394.9,Wallet,network_error,34970.96,0,7,0.03,18,31,active,1,4,0
TXN_915,CUST_2698,17086.54,Wallet,insufficient_funds,102605.57,10,0,0.62,3,80,not_applicable,1,3,1
TXN_916,CUST_2737,25541.72,Wallet,customer_abandoned,100753.85,18,8,0.05,9,4,inactive,1,3,0
TXN_917,CUST_2051,27602.88,Wallet,card_expired,88197.54,22,0,0.84,16,2,inactive,1,4,0
TXN_918,CUST_1130,1346.09,NetBanking,customer_abandoned,90358.71,13,7,0.24,3,63,not_applicable,1,3,0
TXN_919,CUST_2428,36257.45,Wallet,insufficient_funds,23207.01,5,4,0.61,23,24,inactive,1,3,0
TXN_920,CUST_1475,8757.45,Card,authentication_failed,76570.55,29,5,0.8,19,84,inactive,0,2,0
TXN_921,CUST_2480,37563.41,Wallet,network_error,25971.77,26,5,0.77,15,20,not_applicable,0,2,1
TXN_922,CUST_2414,33901.92,UPI,customer_abandoned,113590.53,15,2,0.93,5,25,active,1,0,1
TXN_923,CUST_2625,3401.64,Wallet,network_error,4811.94,9,3,0.83,6,71,active,0,2,1
TXN_924,CUST_2804,38784.68,NetBanking,bank_declined,47650.69,21,2,0.35,5,64,active,0,2,1
TXN_925,CUST_1881,48078.47,UPI,authentication_failed,133905.71,7,1,0.93,17,28,inactive,1,2,0
TXN_926,CUST_2607,30612.03,NetBanking,insufficient_funds,136021.49,24,8,0.32,8,19,not_applicable,0,0,1
TXN_927,CUST_2897,47363.36,Wallet,network_error,177086.17,30,1,0.74,3,78,not_applicable,0,4,1
TXN_928,CUST_1085,14152.64,UPI,card_expired,192708.7,20,1,0.01,6,46,active,1,3,1
TXN_929,CUST_2560,35341.68,Wallet,customer_abandoned,124915.22,27,1,0.99,4,82,inactive,1,1,1
TXN_930,CUST_1251,17064.6,Card,network_error,16708.94,13,0,0.44,7,60,inactive,1,4,1
TXN_931,CUST_1350,17235.0,UPI,bank_declined,167079.79,11,6,0.94,11,80,not_applicable,0,1,1
TXN_932,CUST_2542,18688.2,Wallet,card_expired,185797.48,4,6,0.06,13,52,inactive,1,0,0
TXN_933,CUST_1906,8223.27,Card,insufficient_funds,119447.35,22,8,0.15,2,10,inactive,1,3,1
TXN_934,CUST_2581,22391.05,Card,network_error,100802.07,1,6,0.25,1,84,not_applicable,0,4,0
TXN_935,CUST_1118,33129.49,NetBanking,network_error,150484.25,12,8,0.75,9,40,inactive,0,2,1
TXN_936,CUST_2843,45227.55,Card,customer_abandoned,163664.16,12,7,0.76,20,26,not_applicable,1,2,1
TXN_937,CUST_2817,443.21,Wallet,card_expired,43277.01,28,4,0.66,2,4,not_applicable,1,3,0
TXN_938,CUST_2485,20180.07,Card,authentication_failed,177032.79,17,4,0.9,6,11,not_applicable,1,4,1
TXN_939,CUST_1697,15762.52,Card,insufficient_funds,138520.11,0,8,0.27,18,33,active,1,3,0
TXN_940,CUST_2034,9313.16,UPI,customer_abandoned,69079.42,1,5,0.43,8,80,not_applicable,1,0,1
TXN_941,CUST_1097,6082.57,UPI,network_error,147250.24,9,0,0.53,14,43,active,0,2,1
TXN_942,CUST_1612,24691.7,NetBanking,customer_abandoned,60688.47,25,2,0.6,22,48,not_applicable,0,0,1
TXN_943,CUST_1671,8303.84,Card,bank_declined,24200.03,14,1,0.55,4,54,inactive,0,0,0
TXN_944,CUST_1127,17263.49,Wallet,card_expired,146867.02,15,3,0.66,14,9,inactive,1,4,1
TXN_945,CUST_2144,41066.95,Wallet,bank_declined,113754.45,18,7,0.66,20,54,inactive,1,3,1
TXN_946,CUST_2687,20035.99,Card,card_expired,66032.15,16,2,0.01,15,58,active,0,1,0
TXN_947,CUST_1932,40068.94,Wallet,insufficient_funds,21786.45,23,2,0.58,17,47,active,1,0,1
TXN_948,CUST_1247,6023.58,NetBanking,authentication_failed,196133.08,9,0,0.21,16,19,active,1,2,0
TXN_949,CUST_1766,29782.88,NetBanking,bank_declined,148034.47,15,0,0.03,4,18,not_applicable,1,0,0
TXN_950,CUST_2918,26661.36,NetBanking,bank_declined,21549.74,6,2,0.17,23,62,active,0,4,0
TXN_951,CUST_1714,14888.24,UPI,insufficient_funds,187724.83,13,7,0.82,18,39,not_applicable,1,2,0
TXN_952,CUST_2600,13057.57,Wallet,network_error,193975.0,26,2,0.43,4,64,not_applicable,1,3,1
TXN_953,CUST_2366,2612.44,Wallet,card_expired,11500.29,27,5,0.69,2,79,not_applicable,1,3,0
TXN_954,CUST_1476,11403.43,Wallet,bank_declined,123180.09,17,0,0.25,21,56,not_applicable,1,0,1
TXN_955,CUST_2773,18024.52,Card,customer_abandoned,164886.89,0,4,0.82,17,82,active,0,1,1
TXN_956,CUST_2956,17605.87,UPI,authentication_failed,73149.4,16,3,0.81,15,64,active,0,4,1
TXN_957,CUST_1368,10532.06,UPI,bank_declined,17852.98,25,3,0.47,7,90,not_applicable,1,0,1
TXN_958,CUST_2652,42061.34,NetBanking,network_error,45026.5,18,0,0.38,15,2,inactive,1,1,0
TXN_959,CUST_1849,41198.82,UPI,authentication_failed,77537.6,10,6,0.46,8,11,active,0,4,0
TXN_960,CUST_1344,46634.49,NetBanking,card_expired,24610.11,5,4,0.93,2,19,inactive,1,1,0
TXN_961,CUST_1120,26625.45,NetBanking,card_expired,7499.15,0,0,0.48,9,49,active,1,1,0
TXN_962,CUST_1845,8144.82,NetBanking,bank_declined,131625.51,12,1,0.97,1,25,active,0,3,1
TXN_963,CUST_2041,35766.19,Wallet,insufficient_funds,14621.64,8,0,0.42,10,59,not_applicable,1,0,0
TXN_964,CUST_1991,30678.51,UPI,network_error,187757.95,20,3,0.66,0,34,not_applicable,0,1,1
TXN_965,CUST_2562,17797.84,Card,bank_declined,110582.01,18,6,0.4,14,10,not_applicable,0,1,1
TXN_966,CUST_1764,40752.08,Card,card_expired,122754.37,17,6,0.37,17,57,active,0,3,0
TXN_967,CUST_2968,5383.13,NetBanking,customer_abandoned,71624.64,5,0,0.41,1,61,inactive,1,3,0
TXN_968,CUST_1719,32942.18,Card,authentication_failed,14951.52,26,8,0.4,9,5,active,0,2,0
TXN_969,CUST_1183,7924.95,Wallet,customer_abandoned,165633.13,3,2,0.04,23,71,inactive,1,1,0
TXN_970,CUST_2250,8493.36,NetBanking,customer_abandoned,175986.71,30,5,0.56,20,33,not_applicable,1,2,0
TXN_971,CUST_1503,25171.12,NetBanking,bank_declined,146565.79,6,7,0.96,19,42,active,0,0,1
TXN_972,CUST_2246,44320.47,Wallet,insufficient_funds,186926.52,28,0,0.92,21,22,inactive,1,3,0
TXN_973,CUST_2102,31528.05,UPI,customer_abandoned,81238.92,20,1,0.75,17,3,not_applicable,1,0,1
TXN_974,CUST_1722,33904.16,Wallet,authentication_failed,86263.12,11,6,0.73,5,89,active,0,3,1
TXN_975,CUST_1758,7407.17,Card,network_error,166753.01,0,3,0.54,23,2,inactive,1,1,0
TXN_976,CUST_1184,21621.96,NetBanking,customer_abandoned,76429.06,7,3,0.92,15,46,active,1,3,0
TXN_977,CUST_2852,42226.2,Card,insufficient_funds,97320.09,6,6,0.51,3,35,not_applicable,1,1,0
TXN_978,CUST_2130,28694.81,Card,customer_abandoned,65717.03,23,2,0.04,2,75,active,0,1,1
TXN_979,CUST_1531,418.31,Card,authentication_failed,195692.6,23,4,0.97,6,86,active,1,4,1
TXN_980,CUST_2808,36445.71,Wallet,insufficient_funds,69815.41,30,6,0.67,20,86,not_applicable,0,2,1
TXN_981,CUST_1885,47343.14,Wallet,bank_declined,80642.24,3,8,0.78,14,63,inactive,0,1,0
TXN_982,CUST_1096,49517.58,NetBanking,network_error,6128.15,17,7,0.6,10,0,inactive,0,2,0
TXN_983,CUST_1167,34433.47,UPI,customer_abandoned,24957.13,7,6,0.94,2,31,active,0,2,0
TXN_984,CUST_1636,31175.39,UPI,customer_abandoned,45312.54,20,1,0.31,0,61,inactive,0,4,0
TXN_985,CUST_2632,20917.95,NetBanking,bank_declined,32884.89,7,1,0.17,15,30,inactive,0,2,0
TXN_986,CUST_2064,37888.42,Card,insufficient_funds,179694.96,24,7,0.08,3,80,inactive,0,0,0
TXN_987,CUST_2995,5102.25,UPI,insufficient_funds,4301.9,12,5,0.66,22,8,active,0,3,1
TXN_988,CUST_1112,8234.65,NetBanking,authentication_failed,47528.75,20,6,0.02,2,13,not_applicable,0,4,0
TXN_989,CUST_1106,48737.06,NetBanking,network_error,27956.45,12,1,0.23,19,52,active,0,3,0
TXN_990,CUST_1786,46330.54,Wallet,network_error,84505.85,28,1,0.05,10,83,not_applicable,0,3,1
TXN_991,CUST_2059,28740.1,NetBanking,authentication_failed,79186.13,6,1,0.03,3,1,not_applicable,0,4,0
TXN_992,CUST_2616,664.0,Card,authentication_failed,157687.02,4,8,0.31,8,45,inactive,1,4,0
TXN_993,CUST_1910,29458.78,Card,card_expired,80139.2,4,0,0.97,1,16,inactive,1,4,0
TXN_994,CUST_2965,13834.44,NetBanking,bank_declined,142178.33,18,8,0.27,4,18,inactive,1,4,1
TXN_995,CUST_1702,18798.63,NetBanking,bank_declined,110423.84,0,8,0.05,18,84,not_applicable,0,0,0
TXN_996,CUST_1486,41634.94,UPI,network_error,161324.11,11,3,0.22,6,81,active,0,2,1
TXN_997,CUST_1387,40883.54,Wallet,customer_abandoned,186149.29,22,7,0.1,19,88,inactive,1,4,0
TXN_998,CUST_1613,16938.97,Wallet,bank_declined,174267.0,5,1,0.08,14,5,inactive,0,0,0
TXN_999,CUST_2308,37648.17,Card,customer_abandoned,11207.48,7,7,0.49,19,27,active,1,2,0
TXN_1000,CUST_2653,16786.62,Wallet,card_expired,79519.89,12,2,0.53,0,46,active,0,2,1
TXN_1001,CUST_1061,28642.59,UPI,card_expired,161281.03,9,7,0.76,6,80,not_applicable,1,0,0
TXN_1002,CUST_2997,7547.55,UPI,card_expired,54366.7,6,4,0.36,5,28,inactive,0,2,0
TXN_1003,CUST_2735,34016.89,Card,card_expired,12279.41,6,0,0.03,5,33,active,0,1,0
TXN_1004,CUST_1776,34888.47,UPI,bank_declined,39493.63,29,3,0.64,9,58,active,1,2,1
TXN_1005,CUST_2353,44315.7,Card,authentication_failed,179242.3,25,6,0.3,22,8,active,0,1,0
TXN_1006,CUST_2627,20624.07,Card,card_expired,48865.79,17,6,0.67,22,47,inactive,1,1,1
TXN_1007,CUST_2886,33687.3,UPI,authentication_failed,165045.74,18,3,0.4,17,37,active,1,1,1
TXN_1008,CUST_1109,36923.75,NetBanking,card_expired,72734.43,27,8,0.67,18,62,active,0,3,0
TXN_1009,CUST_2619,4153.36,UPI,card_expired,198523.78,16,6,0.16,20,65,inactive,1,4,1
TXN_1010,CUST_1950,48866.27,Card,bank_declined,158969.8,22,5,0.66,16,88,inactive,1,3,0
TXN_1011,CUST_1549,43318.47,Wallet,customer_abandoned,58598.46,29,0,0.47,6,28,active,1,1,1
TXN_1012,CUST_1810,20618.4,Card,bank_declined,86069.8,13,6,0.33,18,20,inactive,1,4,0
TXN_1013,CUST_1173,42543.67,Card,insufficient_funds,41104.15,9,7,0.93,16,45,active,0,3,1
TXN_1014,CUST_2049,41181.33,NetBanking,network_error,111681.95,14,7,0.78,13,52,inactive,1,2,1
TXN_1015,CUST_1559,40937.18,Wallet,insufficient_funds,8987.63,5,7,0.89,7,33,not_applicable,0,2,1
TXN_1016,CUST_2846,14773.97,UPI,bank_declined,42853.39,26,8,0.77,16,69,not_applicable,0,2,1
TXN_1017,CUST_2897,43291.56,Card,insufficient_funds,21465.68,3,1,0.13,11,4,not_applicable,0,2,1
TXN_1018,CUST_1402,33724.56,NetBanking,bank_declined,169530.56,9,4,0.32,6,90,not_applicable,0,4,0
TXN_1019,CUST_2868,29752.67,NetBanking,insufficient_funds,121026.87,24,4,0.68,9,44,inactive,1,4,1
TXN_1020,CUST_2551,21510.21,UPI,network_error,55908.62,20,8,0.77,4,50,active,0,1,1
TXN_1021,CUST_1971,34648.48,Card,authentication_failed,47433.23,18,8,0.63,14,59,inactive,0,2,1
TXN_1022,CUST_2732,11013.82,Card,network_error,12928.72,24,6,0.13,6,56,inactive,0,2,0
TXN_1023,CUST_1284,42487.38,Card,bank_declined,9954.37,30,0,0.73,15,84,inactive,1,1,1
TXN_1024,CUST_1858,23978.57,Wallet,customer_abandoned,185843.05,24,6,0.33,22,68,inactive,1,4,0
TXN_1025,CUST_1047,782.75,UPI,card_expired,17238.15,4,5,0.26,18,80,not_applicable,1,3,0
TXN_1026,CUST_1418,31605.63,Wallet,insufficient_funds,85853.27,17,6,0.55,6,60,active,1,4,0
TXN_1027,CUST_2970,14867.01,Wallet,customer_abandoned,133101.07,28,4,0.97,2,21,active,0,0,1
TXN_1028,CUST_2692,44530.18,Wallet,insufficient_funds,115799.36,5,3,0.56,2,49,inactive,0,1,1
TXN_1029,CUST_1596,3562.76,UPI,network_error,18885.49,1,5,0.6,16,1,active,1,3,0
TXN_1030,CUST_1800,45871.68,Card,insufficient_funds,81911.52,4,8,0.14,13,61,not_applicable,0,3,0
TXN_1031,CUST_2956,14738.34,Card,card_expired,105568.59,27,3,0.7,9,55,not_applicable,1,1,0
TXN_1032,CUST_2236,39630.34,NetBanking,authentication_failed,135595.85,6,8,0.68,22,87,inactive,1,1,1
TXN_1033,CUST_1015,14861.62,Card,network_error,1221.31,2,6,0.27,19,31,not_applicable,1,4,0
TXN_1034,CUST_2800,33125.55,Wallet,network_error,127108.61,14,0,0.59,23,11,inactive,1,2,1
TXN_1035,CUST_2434,36466.02,NetBanking,network_error,65382.55,19,2,0.67,13,31,active,1,3,1
TXN_1036,CUST_1787,17202.27,Card,customer_abandoned,27780.68,18,1,0.09,12,89,active,0,1,0
TXN_1037,CUST_1560,45928.04,NetBanking,customer_abandoned,130307.82,29,1,0.1,22,27,inactive,1,4,0
TXN_1038,CUST_1248,36474.07,NetBanking,insufficient_funds,156184.36,24,1,0.12,16,41,inactive,1,1,1
TXN_1039,CUST_1517,35635.64,Card,authentication_failed,71962.64,1,7,0.25,0,9,not_applicable,1,3,0
TXN_1040,CUST_1703,27060.94,Wallet,card_expired,170379.0,12,0,0.96,0,32,active,0,2,1
TXN_1041,CUST_2372,25771.62,Wallet,network_error,17926.22,14,1,0.55,2,70,not_applicable,0,3,1
TXN_1042,CUST_1287,30396.05,Wallet,bank_declined,78356.54,26,2,0.24,5,2,not_applicable,0,1,1
TXN_1043,CUST_1602,15814.43,UPI,authentication_failed,20232.32,23,6,0.18,5,9,not_applicable,0,2,1
TXN_1044,CUST_1314,22260.77,Wallet,bank_declined,106842.48,5,3,0.87,22,4,not_applicable,0,3,1
TXN_1045,CUST_2426,29177.45,UPI,customer_abandoned,162682.29,25,8,0.33,20,84,not_applicable,0,3,0
TXN_1046,CUST_2413,20194.92,NetBanking,network_error,134828.95,1,0,0.68,1,48,active,0,2,1
TXN_1047,CUST_2861,6747.18,Card,card_expired,126846.86,2,0,0.13,13,3,active,1,1,1
TXN_1048,CUST_2392,34701.76,UPI,card_expired,140421.69,30,1,0.75,21,21,not_applicable,0,0,0
TXN_1049,CUST_1851,25047.95,UPI,bank_declined,146319.59,10,8,0.62,20,24,not_applicable,0,4,0
TXN_1050,CUST_1809,1381.91,Wallet,insufficient_funds,57623.74,7,3,0.44,3,45,inactive,0,0,1
TXN_1051,CUST_1823,42512.97,NetBanking,insufficient_funds,40052.9,12,3,0.13,14,28,active,1,4,0
TXN_1052,CUST_1755,5491.42,UPI,insufficient_funds,96219.72,28,3,0.59,13,38,not_applicable,1,0,1
TXN_1053,CUST_2459,4393.0,Card,bank_declined,12348.36,30,1,0.11,19,41,not_applicable,1,1,1
TXN_1054,CUST_1680,27262.81,Card,customer_abandoned,47514.42,24,5,0.64,21,61,active,1,0,1
TXN_1055,CUST_2246,2174.79,Wallet,network_error,100127.86,16,3,0.69,16,75,not_applicable,0,1,1
TXN_1056,CUST_1043,15457.77,UPI,bank_declined,123113.94,7,6,0.9,7,79,active,0,1,0
TXN_1057,CUST_1767,29198.2,Wallet,bank_declined,146314.12,6,2,0.36,12,26,not_applicable,0,1,1
TXN_1058,CUST_2891,23362.46,Wallet,customer_abandoned,38797.29,28,5,0.7,4,35,inactive,0,4,0
TXN_1059,CUST_2621,17995.22,Wallet,customer_abandoned,182356.5,26,4,0.02,0,29,not_applicable,1,2,1
TXN_1060,CUST_1496,2938.38,Card,authentication_failed,153538.94,1,3,0.7,21,89,not_applicable,0,4,0
TXN_1061,CUST_2787,33815.58,Wallet,authentication_failed,79791.51,10,2,0.76,14,80,active,0,3,1
TXN_1062,CUST_1143,20672.76,Card,insufficient_funds,187011.25,20,2,0.25,6,16,active,0,4,1
TXN_1063,CUST_2124,29268.7,Card,card_expired,193895.04,16,1,0.38,13,59,inactive,0,1,1
TXN_1064,CUST_1501,17031.33,Wallet,card_expired,101680.4,19,3,0.16,9,36,not_applicable,1,1,0
TXN_1065,CUST_1556,49887.69,Wallet,insufficient_funds,90896.16,30,5,0.35,12,48,active,1,3,0
TXN_1066,CUST_1865,5845.79,Wallet,card_expired,176771.45,26,7,0.41,0,48,inactive,0,2,0
TXN_1067,CUST_2218,33018.54,Card,authentication_failed,88964.65,23,2,0.65,8,48,inactive,1,3,0
TXN_1068,CUST_1580,40704.79,Wallet,authentication_failed,188160.29,19,7,0.65,2,42,active,1,1,1
TXN_1069,CUST_1316,7656.47,Card,insufficient_funds,96005.82,0,8,0.6,23,47,inactive,1,3,0
TXN_1070,CUST_2925,20132.94,Wallet,customer_abandoned,68278.8,11,6,0.13,15,39,not_applicable,0,3,0
TXN_1071,CUST_2812,8216.77,UPI,insufficient_funds,147138.77,12,2,0.21,6,55,inactive,1,4,0
TXN_1072,CUST_2452,27663.07,Wallet,customer_abandoned,119450.72,22,5,0.87,22,7,not_applicable,1,3,0
TXN_1073,CUST_2506,17339.49,Card,card_expired,160799.36,15,0,0.54,11,80,not_applicable,0,1,1
TXN_1074,CUST_1535,28335.94,Wallet,customer_abandoned,181695.69,4,4,0.4,7,77,not_applicable,0,0,0
TXN_1075,CUST_1239,7259.13,UPI,customer_abandoned,31137.66,22,6,0.43,12,90,not_applicable,0,4,0
TXN_1076,CUST_2863,4122.71,Card,network_error,187974.15,5,6,0.76,8,88,inactive,1,4,0
TXN_1077,CUST_1630,41439.09,Wallet,customer_abandoned,16957.16,27,1,0.48,3,81,not_applicable,1,1,0
TXN_1078,CUST_1550,41449.78,Card,customer_abandoned,156910.44,12,4,0.28,0,21,inactive,0,0,0
TXN_1079,CUST_1143,6304.86,Wallet,authentication_failed,175151.59,13,4,0.97,23,55,active,0,2,1
TXN_1080,CUST_1381,36131.1,Card,card_expired,9016.82,15,2,0.41,16,14,inactive,0,1,1
TXN_1081,CUST_1411,29074.2,UPI,customer_abandoned,187251.51,5,3,0.67,8,52,inactive,0,1,0
TXN_1082,CUST_1163,40502.78,NetBanking,insufficient_funds,190156.03,12,1,0.02,8,8,inactive,0,4,1
TXN_1083,CUST_1480,4397.99,Wallet,network_error,163062.97,21,1,0.28,0,7,inactive,0,4,1
TXN_1084,CUST_2616,22048.8,UPI,insufficient_funds,129147.36,6,8,0.38,0,48,not_applicable,1,3,0
TXN_1085,CUST_1969,30013.11,NetBanking,authentication_failed,180578.25,13,5,0.38,11,87,inactive,1,1,0
TXN_1086,CUST_2927,22184.61,NetBanking,customer_abandoned,10624.18,12,6,0.82,19,7,inactive,1,0,0
TXN_1087,CUST_1006,29441.22,Wallet,customer_abandoned,71267.47,12,2,0.8,0,77,active,1,1,1
TXN_1088,CUST_1754,41314.02,Wallet,authentication_failed,126660.3,21,7,0.78,16,52,not_applicable,0,0,1
TXN_1089,CUST_2306,20765.64,NetBanking,insufficient_funds,191631.23,20,5,0.54,1,41,not_applicable,1,1,1
TXN_1090,CUST_2242,11102.33,Wallet,network_error,125504.51,23,1,0.57,11,54,inactive,0,3,1
TXN_1091,CUST_1601,3073.4,Card,customer_abandoned,121267.5,4,8,0.76,18,64,active,0,3,0
TXN_1092,CUST_2631,11415.95,UPI,bank_declined,133637.87,26,8,0.08,14,21,inactive,0,3,0
TXN_1093,CUST_2357,8252.0,Card,card_expired,37707.35,6,2,0.2,21,89,active,0,3,0
TXN_1094,CUST_2465,2652.4,UPI,card_expired,80160.89,29,5,0.51,12,35,active,1,3,0
TXN_1095,CUST_2948,19200.93,UPI,customer_abandoned,167990.18,4,8,0.15,20,62,active,1,1,0
TXN_1096,CUST_2908,3195.87,UPI,customer_abandoned,15159.98,10,6,0.57,22,48,not_applicable,1,1,0
TXN_1097,CUST_1457,43913.87,NetBanking,insufficient_funds,112016.86,9,1,0.96,3,11,inactive,0,0,1
TXN_1098,CUST_2173,4990.58,NetBanking,card_expired,9769.11,27,5,0.19,12,73,not_applicable,0,2,0
TXN_1099,CUST_1126,32314.05,Card,network_error,10071.45,13,5,0.95,11,86,active,0,0,1
TXN_1100,CUST_1809,14900.96,UPI,authentication_failed,16360.32,27,7,0.17,10,18,inactive,0,3,0
TXN_1101,CUST_2392,6251.86,Wallet,card_expired,104193.78,19,4,0.25,4,85,not_applicable,0,4,0
TXN_1102,CUST_1655,49476.32,NetBanking,authentication_failed,137178.54,22,1,0.95,8,90,not_applicable,1,1,1
TXN_1103,CUST_2013,19168.76,NetBanking,customer_abandoned,111391.63,30,6,0.08,1,42,active,0,1,0
TXN_1104,CUST_2434,33554.67,UPI,card_expired,128722.08,27,7,0.41,23,50,inactive,0,0,0
TXN_1105,CUST_2122,20830.61,Wallet,bank_declined,5777.0,13,7,0.34,11,50,inactive,0,4,0
TXN_1106,CUST_2488,5011.37,NetBanking,bank_declined,191387.37,22,3,0.6,22,70,inactive,0,1,0
TXN_1107,CUST_1662,15836.65,UPI,customer_abandoned,79236.28,9,7,0.24,20,20,not_applicable,0,3,0
TXN_1108,CUST_2425,9033.68,Wallet,bank_declined,159705.3,28,2,0.68,6,27,not_applicable,0,0,1
TXN_1109,CUST_1741,23806.98,UPI,customer_abandoned,184564.42,25,2,0.07,12,54,not_applicable,0,0,1
TXN_1110,CUST_1196,17561.9,NetBanking,network_error,156702.74,5,0,0.99,3,65,not_applicable,1,4,1
TXN_1111,CUST_1888,43727.94,Card,customer_abandoned,166293.93,23,6,0.22,7,4,active,0,3,0
TXN_1112,CUST_2000,20542.68,NetBanking,customer_abandoned,195665.91,19,2,0.18,20,48,not_applicable,0,3,1
TXN_1113,CUST_2771,16776.22,Wallet,bank_declined,146443.2,20,7,0.42,11,1,active,0,0,0
TXN_1114,CUST_1249,41647.33,Wallet,customer_abandoned,161028.95,21,8,0.87,7,2,not_applicable,1,2,1
TXN_1115,CUST_2420,34633.32,UPI,authentication_failed,28857.49,5,6,0.42,15,82,not_applicable,1,2,0
TXN_1116,CUST_2170,20196.7,Card,insufficient_funds,104402.72,10,1,1.0,22,68,active,1,0,1
TXN_1117,CUST_1806,33805.26,Wallet,insufficient_funds,79804.19,16,8,0.13,22,83,active,0,0,1
TXN_1118,CUST_1370,47468.73,Card,insufficient_funds,176040.7,17,7,0.91,10,15,active,0,4,0
TXN_1119,CUST_1422,10494.94,Card,insufficient_funds,71732.43,17,4,0.67,1,10,active,1,2,1
TXN_1120,CUST_2978,20977.64,Card,network_error,72204.44,30,0,0.59,7,38,active,1,4,1
TXN_1121,CUST_1911,8156.75,Card,authentication_failed,94876.23,15,5,0.55,16,45,not_applicable,0,0,0
TXN_1122,CUST_2357,10584.35,UPI,card_expired,148712.01,1,3,0.03,4,38,active,0,4,0
TXN_1123,CUST_2130,39032.61,Card,authentication_failed,113214.69,11,4,0.26,4,79,inactive,0,4,0
TXN_1124,CUST_1522,28412.81,NetBanking,network_error,159452.48,20,2,0.74,12,58,active,1,3,1
TXN_1125,CUST_2925,24460.07,Card,authentication_failed,27503.24,6,1,0.26,20,34,not_applicable,0,2,0
TXN_1126,CUST_2154,30005.03,Card,network_error,103227.86,26,2,0.29,10,55,inactive,0,4,1
TXN_1127,CUST_1506,24862.34,UPI,bank_declined,57839.57,3,8,0.73,3,87,not_applicable,1,0,0
TXN_1128,CUST_1674,29282.91,UPI,bank_declined,188353.37,29,5,0.17,8,18,active,1,0,1
TXN_1129,CUST_1200,4661.96,Wallet,card_expired,125510.7,12,1,0.55,3,22,not_applicable,1,4,0
TXN_1130,CUST_2682,26116.71,Wallet,insufficient_funds,179418.36,16,5,0.2,22,73,inactive,1,4,0
TXN_1131,CUST_1202,43097.08,UPI,card_expired,115846.3,10,6,0.89,5,44,not_applicable,1,3,0
TXN_1132,CUST_2213,40527.04,Card,bank_declined,86505.0,0,8,0.75,22,19,not_applicable,0,1,1
TXN_1133,CUST_1775,28648.94,NetBanking,insufficient_funds,36976.24,29,5,0.27,22,31,not_applicable,1,3,0
TXN_1134,CUST_1374,12418.17,Wallet,bank_declined,61976.67,25,7,0.56,16,36,inactive,1,4,0
TXN_1135,CUST_2928,21382.34,Card,bank_declined,123468.74,20,1,0.08,9,52,inactive,0,0,1
TXN_1136,CUST_1157,8674.29,Card,insufficient_funds,104097.42,5,0,0.21,2,36,not_applicable,1,0,0
TXN_1137,CUST_2970,20075.61,Wallet,customer_abandoned,162561.36,16,2,0.01,15,63,not_applicable,0,3,0
TXN_1138,CUST_1028,33476.94,Card,customer_abandoned,159932.5,0,6,0.93,22,68,not_applicable,1,1,0
TXN_1139,CUST_2513,7773.81,UPI,authentication_failed,177348.09,14,2,0.46,21,67,active,0,0,1
TXN_1140,CUST_1751,33185.06,Card,authentication_failed,136134.25,11,0,0.93,13,63,inactive,0,2,0
TXN_1141,CUST_2986,36035.86,UPI,bank_declined,58157.02,29,3,0.88,17,15,inactive,1,3,1
TXN_1142,CUST_1601,11630.93,NetBanking,card_expired,179579.76,0,6,0.26,6,39,not_applicable,0,3,0
TXN_1143,CUST_2827,6992.45,Wallet,insufficient_funds,171963.24,11,0,0.5,19,58,inactive,1,2,0
TXN_1144,CUST_1219,12029.41,UPI,bank_declined,151850.04,28,2,0.76,12,45,active,0,3,1
TXN_1145,CUST_2007,20593.06,Card,insufficient_funds,42728.37,16,8,0.98,4,52,active,1,0,1
TXN_1146,CUST_1318,46733.74,NetBanking,card_expired,61373.72,15,6,0.78,11,38,inactive,1,1,0
TXN_1147,CUST_2098,34613.62,NetBanking,insufficient_funds,193162.16,14,7,0.39,5,17,inactive,1,0,0
TXN_1148,CUST_1735,33618.27,Card,insufficient_funds,146132.65,6,4,0.58,1,17,inactive,1,2,0
TXN_1149,CUST_2845,25272.35,UPI,card_expired,63125.76,21,3,0.43,15,85,inactive,0,3,0
TXN_1150,CUST_2001,37286.22,Wallet,customer_abandoned,47212.71,22,2,0.41,10,51,not_applicable,1,1,1
TXN_1151,CUST_1224,10011.72,UPI,insufficient_funds,156894.06,4,2,0.91,11,64,active,0,0,1
TXN_1152,CUST_2389,37588.82,NetBanking,network_error,179502.06,19,0,0.85,13,61,inactive,1,3,1
TXN_1153,CUST_1169,47818.96,Wallet,card_expired,75958.61,19,2,0.34,23,65,active,0,2,1
TXN_1154,CUST_2570,24360.07,UPI,bank_declined,22693.71,22,3,0.25,21,54,active,1,0,1
TXN_1155,CUST_2435,40460.43,Card,card_expired,175222.24,27,2,0.3,7,15,active,1,0,0
TXN_1156,CUST_1560,42875.82,Card,card_expired,153165.54,13,0,0.15,19,25,active,0,3,1
TXN_1157,CUST_1834,47256.7,NetBanking,customer_abandoned,136825.56,20,3,0.33,7,43,inactive,1,0,1
TXN_1158,CUST_2044,32321.68,Wallet,customer_abandoned,102603.51,1,4,0.12,3,34,inactive,1,2,0
TXN_1159,CUST_2457,40139.56,Wallet,card_expired,172422.19,10,0,0.14,5,5,active,0,2,0
TXN_1160,CUST_1434,16508.25,NetBanking,network_error,132800.43,8,1,0.75,13,23,inactive,1,2,0
TXN_1161,CUST_1684,47292.91,NetBanking,insufficient_funds,63270.99,3,0,0.86,21,70,active,1,2,1
TXN_1162,CUST_2518,35281.54,NetBanking,customer_abandoned,148653.57,24,8,0.68,19,47,active,1,1,0
TXN_1163,CUST_2196,43664.85,Wallet,insufficient_funds,34602.83,28,1,0.05,4,80,not_applicable,0,0,0
TXN_1164,CUST_2201,23826.24,Card,card_expired,169970.51,22,7,0.38,3,9,not_applicable,1,2,0
TXN_1165,CUST_2485,41838.47,Wallet,card_expired,110233.02,17,2,0.19,1,16,active,1,4,1
TXN_1166,CUST_2457,25604.57,NetBanking,authentication_failed,121258.28,11,5,0.46,14,80,not_applicable,0,3,0
TXN_1167,CUST_1138,41495.18,Wallet,network_error,142168.38,16,8,0.11,0,21,not_applicable,1,1,0
TXN_1168,CUST_1593,33583.55,UPI,authentication_failed,139707.81,1,3,0.36,23,50,inactive,0,1,1
TXN_1169,CUST_1896,36296.04,Wallet,authentication_failed,23405.5,24,6,0.41,12,77,inactive,0,1,1
TXN_1170,CUST_1007,2455.12,Card,authentication_failed,192321.91,6,0,0.68,16,58,not_applicable,1,2,0
TXN_1171,CUST_2745,13600.91,Card,bank_declined,50509.57,22,4,0.94,17,15,active,0,0,1
TXN_1172,CUST_2092,38797.71,Card,bank_declined,79231.24,1,2,0.14,8,17,inactive,0,1,0
TXN_1173,CUST_2686,27258.44,Card,authentication_failed,195179.98,3,0,0.37,20,44,not_applicable,1,2,0
TXN_1174,CUST_1170,17270.17,NetBanking,customer_abandoned,104588.22,4,6,0.44,19,37,inactive,0,0,1
TXN_1175,CUST_2687,25325.49,NetBanking,card_expired,102043.81,23,4,0.14,5,32,active,0,3,1
TXN_1176,CUST_2936,12573.65,NetBanking,customer_abandoned,15599.45,20,8,0.66,6,56,active,1,2,1
TXN_1177,CUST_1417,20815.77,Wallet,card_expired,85016.25,14,3,0.79,23,55,inactive,0,3,0
TXN_1178,CUST_1191,41030.64,Wallet,card_expired,130100.68,14,2,0.42,5,24,not_applicable,1,1,1
TXN_1179,CUST_2326,12906.7,NetBanking,insufficient_funds,150670.75,9,2,0.51,5,50,not_applicable,0,0,0
TXN_1180,CUST_1293,29842.9,UPI,network_error,199151.16,7,7,0.44,20,51,active,0,0,0
TXN_1181,CUST_2235,17316.34,UPI,network_error,11891.81,12,0,0.2,3,1,not_applicable,0,1,1
TXN_1182,CUST_1508,11059.78,UPI,bank_declined,1045.18,4,0,0.92,0,13,not_applicable,1,0,0
TXN_1183,CUST_1414,37140.38,Card,network_error,34395.1,24,7,0.12,5,39,inactive,1,1,1
TXN_1184,CUST_1499,36229.06,UPI,authentication_failed,185832.78,22,4,0.43,20,69,active,0,0,1
TXN_1185,CUST_1210,25668.4,NetBanking,insufficient_funds,70417.55,16,6,0.37,4,0,active,0,1,0
TXN_1186,CUST_1874,35964.03,Wallet,card_expired,23010.12,11,4,0.04,7,87,inactive,0,3,1
TXN_1187,CUST_1347,11713.14,UPI,card_expired,11712.27,3,4,0.19,11,9,not_applicable,1,0,0
TXN_1188,CUST_1738,19651.36,UPI,insufficient_funds,160677.96,19,2,0.34,5,54,not_applicable,1,4,0
TXN_1189,CUST_1371,33811.78,Wallet,card_expired,102269.92,28,4,0.86,19,36,inactive,0,2,0
TXN_1190,CUST_2876,594.54,Wallet,customer_abandoned,155831.21,11,4,0.46,22,9,active,0,1,0
TXN_1191,CUST_1655,24213.28,Card,network_error,197392.29,14,7,0.75,2,14,not_applicable,1,2,1
TXN_1192,CUST_1296,26965.91,UPI,bank_declined,198434.99,4,2,0.86,12,45,inactive,1,3,0
TXN_1193,CUST_1985,35347.96,Wallet,authentication_failed,69770.34,25,5,0.01,4,83,active,1,3,0
TXN_1194,CUST_2125,11814.25,Wallet,authentication_failed,163954.98,17,7,0.34,17,68,active,1,0,1
TXN_1195,CUST_2189,129.84,Wallet,authentication_failed,62256.01,18,3,0.24,22,11,active,1,0,1
TXN_1196,CUST_1416,3502.51,UPI,bank_declined,38237.73,17,7,0.56,4,14,active,1,2,1
TXN_1197,CUST_2738,20928.0,Card,bank_declined,75996.51,14,2,0.88,17,53,active,0,1,0
TXN_1198,CUST_1114,24698.55,Card,insufficient_funds,66701.03,30,2,0.11,12,3,not_applicable,1,2,0
TXN_1199,CUST_1110,3105.32,UPI,customer_abandoned,60232.41,18,1,0.3,15,76,active,0,1,1
TXN_1200,CUST_1748,8297.91,Card,insufficient_funds,156849.12,7,1,0.12,0,72,inactive,0,1,1
TXN_1201,CUST_1962,6279.92,Card,customer_abandoned,15036.59,16,4,0.91,15,52,not_applicable,1,3,0
TXN_1202,CUST_2600,41080.38,UPI,bank_declined,109381.54,3,2,0.08,1,82,active,0,4,1
TXN_1203,CUST_1328,12423.36,UPI,network_error,172069.42,26,6,0.17,21,58,not_applicable,1,4,1
TXN_1204,CUST_2027,760.12,NetBanking,customer_abandoned,102844.31,7,6,0.77,5,34,active,1,1,1
TXN_1205,CUST_2521,45469.19,Card,network_error,164105.35,19,0,0.89,7,50,active,0,3,1
TXN_1206,CUST_1977,14280.8,NetBanking,customer_abandoned,58504.74,20,6,0.38,12,21,active,1,3,0
TXN_1207,CUST_1398,27273.31,NetBanking,insufficient_funds,32816.07,3,1,0.69,11,77,inactive,0,1,0
TXN_1208,CUST_1577,15584.39,Card,authentication_failed,101165.68,3,1,0.8,6,76,active,1,1,0
TXN_1209,CUST_2129,32312.16,Card,customer_abandoned,31998.88,29,0,0.55,7,34,active,0,4,0
TXN_1210,CUST_2618,18930.42,Wallet,insufficient_funds,83289.79,1,5,0.04,2,39,active,1,2,0
TXN_1211,CUST_2963,47786.91,Wallet,authentication_failed,190772.89,6,5,0.35,12,45,active,0,2,0
TXN_1212,CUST_1834,9036.84,UPI,authentication_failed,79051.34,25,2,0.95,0,75,inactive,1,4,0
TXN_1213,CUST_2779,38199.44,UPI,bank_declined,22627.83,5,2,0.98,21,59,active,0,1,1
TXN_1214,CUST_2811,38784.2,Card,customer_abandoned,69175.63,20,2,0.63,22,20,not_applicable,1,3,0
TXN_1215,CUST_2608,7386.45,Card,bank_declined,187674.76,9,5,0.92,19,55,active,1,1,0
TXN_1216,CUST_1427,31309.13,UPI,card_expired,161845.37,18,7,0.07,3,1,active,1,4,0
TXN_1217,CUST_2776,15753.79,UPI,network_error,127493.42,3,7,0.36,10,21,inactive,0,0,0
TXN_1218,CUST_1573,29863.71,NetBanking,bank_declined,163062.4,2,1,0.38,5,90,inactive,1,3,0
TXN_1219,CUST_1524,9914.74,Wallet,customer_abandoned,48259.18,29,2,0.3,3,72,inactive,0,2,0
TXN_1220,CUST_2759,30087.18,NetBanking,network_error,139519.89,13,2,0.36,14,46,not_applicable,1,2,0
TXN_1221,CUST_1170,10283.97,Wallet,authentication_failed,94339.11,14,4,0.8,21,5,not_applicable,0,1,1
TXN_1222,CUST_2433,5582.17,UPI,card_expired,176853.11,27,1,0.34,9,48,active,1,0,0
TXN_1223,CUST_1456,1364.9,Wallet,network_error,138319.33,21,1,0.32,11,59,inactive,1,0,1
TXN_1224,CUST_1175,30529.66,Card,customer_abandoned,48919.96,3,6,0.39,13,25,inactive,1,0,0
TXN_1225,CUST_1649,7443.45,NetBanking,authentication_failed,60297.47,15,3,0.09,22,60,active,1,3,1
TXN_1226,CUST_1078,401.75,Card,network_error,97288.18,4,3,0.12,10,72,active,1,0,1
TXN_1227,CUST_2917,46310.37,NetBanking,network_error,33177.22,15,3,0.97,1,27,active,1,2,1
TXN_1228,CUST_1516,37104.15,Card,insufficient_funds,109788.78,4,1,0.88,8,51,active,1,3,0
TXN_1229,CUST_2784,26774.51,Wallet,authentication_failed,39896.14,6,4,0.17,5,6,active,1,2,1
TXN_1230,CUST_2972,16459.13,NetBanking,card_expired,75044.37,6,5,0.76,13,61,inactive,0,3,0
TXN_1231,CUST_1726,47607.92,Wallet,insufficient_funds,147847.63,17,3,0.6,2,85,not_applicable,0,2,0
TXN_1232,CUST_2360,2575.33,NetBanking,insufficient_funds,52155.48,4,7,0.47,4,63,inactive,0,3,0
TXN_1233,CUST_1538,37220.87,UPI,network_error,183922.4,30,2,0.42,20,57,not_applicable,0,0,1
TXN_1234,CUST_1447,48081.38,Card,network_error,89525.63,22,8,0.49,5,76,inactive,0,2,1
TXN_1235,CUST_1429,45486.47,Card,customer_abandoned,114222.14,18,0,0.76,11,46,active,1,2,0
TXN_1236,CUST_2028,17158.27,UPI,customer_abandoned,87305.17,15,7,0.85,13,52,inactive,1,4,0
TXN_1237,CUST_1872,39717.36,NetBanking,insufficient_funds,188257.47,29,2,0.62,14,54,inactive,0,4,1
TXN_1238,CUST_2218,40274.36,Card,authentication_failed,169162.89,13,6,0.4,9,84,not_applicable,1,2,0
TXN_1239,CUST_2437,20153.63,UPI,insufficient_funds,135077.49,25,1,0.45,2,83,active,1,0,1
TXN_1240,CUST_2016,17913.42,UPI,customer_abandoned,127314.08,14,8,0.19,18,4,not_applicable,1,3,0
TXN_1241,CUST_1433,27330.23,Card,network_error,41608.81,17,6,0.29,3,25,inactive,0,2,0
TXN_1242,CUST_2981,24181.8,Wallet,network_error,43990.26,29,6,0.97,0,47,active,1,2,1
TXN_1243,CUST_2801,47861.03,NetBanking,bank_declined,85993.9,26,6,0.48,21,30,active,1,0,0
TXN_1244,CUST_1031,26299.96,UPI,card_expired,141748.5,25,5,0.25,16,76,inactive,1,1,0
TXN_1245,CUST_2964,6260.15,Wallet,card_expired,41990.03,17,6,0.0,6,78,not_applicable,1,0,0
TXN_1246,CUST_2641,48866.46,Wallet,card_expired,49228.39,30,6,0.66,23,22,inactive,1,4,1
TXN_1247,CUST_1324,27577.96,Wallet,card_expired,31475.76,3,2,0.73,16,15,not_applicable,1,2,0
TXN_1248,CUST_2714,36589.4,Card,bank_declined,154179.58,6,1,0.98,2,3,inactive,0,4,0
TXN_1249,CUST_1313,17147.89,UPI,authentication_failed,130044.45,22,8,0.07,2,73,inactive,0,1,1
TXN_1250,CUST_1929,6057.11,NetBanking,card_expired,66240.72,7,3,0.82,9,24,not_applicable,0,3,0
TXN_1251,CUST_2577,19742.41,NetBanking,customer_abandoned,95213.7,1,4,0.85,2,18,not_applicable,0,4,0
TXN_1252,CUST_2775,43495.52,UPI,insufficient_funds,18538.75,14,1,0.78,3,18,inactive,1,1,0
TXN_1253,CUST_1190,9172.7,UPI,network_error,86638.96,27,5,0.17,6,50,active,1,0,0
TXN_1254,CUST_1847,26813.85,UPI,network_error,127429.35,30,1,0.2,6,87,inactive,1,2,1
TXN_1255,CUST_2297,2170.72,Wallet,card_expired,65091.44,5,4,0.56,0,22,not_applicable,0,0,1
TXN_1256,CUST_2998,33379.68,NetBanking,bank_declined,87643.87,15,8,0.95,0,20,not_applicable,1,0,0
TXN_1257,CUST_1394,46515.24,UPI,authentication_failed,105990.01,0,8,0.26,16,19,active,1,0,0
TXN_1258,CUST_2840,36331.63,Card,insufficient_funds,25139.3,10,2,0.3,7,10,not_applicable,0,2,1
TXN_1259,CUST_1560,28264.39,Wallet,card_expired,120516.06,30,1,0.17,11,90,not_applicable,1,3,0
TXN_1260,CUST_2526,30897.99,Wallet,network_error,193993.95,16,6,0.73,6,32,active,0,2,0
TXN_1261,CUST_2969,38134.38,Wallet,insufficient_funds,118751.68,18,4,0.19,5,26,not_applicable,1,3,1
TXN_1262,CUST_2808,31206.64,Wallet,network_error,120891.36,19,4,0.49,10,79,active,1,3,1
TXN_1263,CUST_1409,16788.68,NetBanking,bank_declined,104343.23,28,1,0.2,14,21,active,1,4,1
TXN_1264,CUST_1839,9370.27,NetBanking,authentication_failed,17908.29,26,8,0.44,11,50,active,0,1,1
TXN_1265,CUST_2656,21942.07,NetBanking,network_error,56074.07,25,2,0.56,11,31,active,0,2,1
TXN_1266,CUST_1761,46650.1,Card,bank_declined,184606.38,3,0,0.5,10,88,active,1,1,1
TXN_1267,CUST_1953,36882.91,NetBanking,card_expired,8305.88,17,1,0.47,12,36,not_applicable,0,4,0
TXN_1268,CUST_1445,46034.74,UPI,authentication_failed,3388.6,8,1,0.55,18,82,inactive,1,2,1
TXN_1269,CUST_2665,24302.4,NetBanking,card_expired,17995.2,6,0,0.97,15,63,active,1,3,0
TXN_1270,CUST_1244,30747.89,UPI,network_error,48085.35,5,5,0.48,18,49,active,0,2,1
TXN_1271,CUST_1036,3837.3,UPI,network_error,22125.91,9,2,0.84,12,4,not_applicable,0,2,1
TXN_1272,CUST_2320,9828.42,UPI,insufficient_funds,101477.38,15,1,0.77,13,38,inactive,1,2,1
TXN_1273,CUST_1819,28882.72,UPI,authentication_failed,24722.88,24,5,0.04,15,78,active,1,2,0
TXN_1274,CUST_2426,41724.79,Wallet,network_error,24476.52,27,1,0.05,11,79,active,0,1,1
TXN_1275,CUST_1097,42215.27,UPI,card_expired,53219.27,3,5,0.42,22,55,active,0,0,0
TXN_1276,CUST_1391,22509.02,NetBanking,authentication_failed,115945.0,0,0,0.57,8,5,active,0,2,0
TXN_1277,CUST_1153,15845.11,NetBanking,bank_declined,22218.1,22,6,0.37,8,89,active,0,4,0
TXN_1278,CUST_1943,38353.14,UPI,card_expired,193288.59,10,2,0.97,18,52,not_applicable,1,0,0
TXN_1279,CUST_2068,30079.53,Card,authentication_failed,140472.27,15,7,0.29,8,41,not_applicable,1,1,0
TXN_1280,CUST_1188,22836.91,NetBanking,bank_declined,96921.45,22,1,0.76,11,71,active,0,0,1
TXN_1281,CUST_1153,15970.18,Wallet,insufficient_funds,185003.72,6,0,0.06,21,27,inactive,1,1,0
TXN_1282,CUST_1998,45648.76,UPI,bank_declined,122462.24,6,8,0.55,16,40,inactive,1,1,0
TXN_1283,CUST_2736,17229.45,UPI,card_expired,170557.63,7,5,0.56,12,57,not_applicable,0,3,0
TXN_1284,CUST_1384,5069.03,UPI,bank_declined,4189.6,13,2,0.96,21,39,not_applicable,0,1,1
TXN_1285,CUST_1944,30200.33,UPI,customer_abandoned,16863.3,3,3,0.68,0,58,active,1,0,1
TXN_1286,CUST_1975,28825.7,Wallet,bank_declined,26096.95,8,1,0.58,17,10,inactive,1,1,1
TXN_1287,CUST_1308,20380.19,Wallet,authentication_failed,176087.71,13,8,0.65,10,6,inactive,1,2,1
TXN_1288,CUST_1200,31212.92,UPI,customer_abandoned,27126.31,12,6,0.31,6,37,active,1,1,0
TXN_1289,CUST_2216,45450.44,NetBanking,authentication_failed,152319.61,19,7,0.68,16,55,active,0,1,0
TXN_1290,CUST_2963,9283.83,UPI,card_expired,151533.77,3,0,0.47,1,73,inactive,0,0,0
TXN_1291,CUST_2089,30869.44,UPI,bank_declined,9026.44,7,6,0.33,12,50,active,0,2,0
TXN_1292,CUST_2014,7483.12,Card,card_expired,196946.24,25,3,0.21,11,81,inactive,1,0,1
TXN_1293,CUST_1193,10256.39,Card,authentication_failed,154043.17,29,7,0.43,23,39,not_applicable,0,1,0
TXN_1294,CUST_1645,1148.36,UPI,card_expired,7851.83,5,5,0.45,14,18,active,1,3,0
TXN_1295,CUST_1684,44273.42,UPI,card_expired,18254.61,8,1,0.54,5,86,active,1,3,1
TXN_1296,CUST_2194,19459.84,UPI,network_error,166083.6,27,3,0.13,15,14,active,0,4,0
TXN_1297,CUST_2392,37596.02,NetBanking,card_expired,188325.54,16,8,0.68,5,18,active,0,2,0
TXN_1298,CUST_2646,46915.24,NetBanking,network_error,55837.79,15,5,0.33,17,32,not_applicable,1,2,0
TXN_1299,CUST_1746,38289.28,Wallet,insufficient_funds,185951.29,26,5,0.2,9,90,inactive,1,0,1
TXN_1300,CUST_1552,36953.45,UPI,card_expired,13695.12,13,3,0.39,21,18,inactive,1,0,1
TXN_1301,CUST_1500,15294.07,Wallet,bank_declined,196606.43,6,1,0.64,6,48,not_applicable,0,2,1
TXN_1302,CUST_2796,48833.22,Wallet,authentication_failed,76063.15,5,4,0.8,21,44,inactive,1,4,0
TXN_1303,CUST_1854,43489.73,NetBanking,bank_declined,36950.85,6,0,0.95,18,66,not_applicable,1,4,0
TXN_1304,CUST_1251,16378.4,Wallet,network_error,151482.25,18,5,0.39,9,14,active,1,1,1
TXN_1305,CUST_1955,22284.22,Card,authentication_failed,148731.62,30,4,0.23,19,71,not_applicable,0,2,0
TXN_1306,CUST_1997,15066.48,NetBanking,insufficient_funds,95387.42,25,4,0.17,0,58,active,0,2,1
TXN_1307,CUST_2690,20059.15,UPI,insufficient_funds,12420.98,15,4,0.58,0,55,inactive,0,0,0
TXN_1308,CUST_1514,7671.97,Card,bank_declined,119963.79,28,4,0.66,16,85,not_applicable,0,0,1
TXN_1309,CUST_2460,35084.77,NetBanking,card_expired,82735.58,23,3,0.5,13,74,active,1,1,1
TXN_1310,CUST_1065,34616.83,Wallet,bank_declined,132607.19,7,6,0.04,13,51,active,1,2,0
TXN_1311,CUST_2222,48953.69,NetBanking,card_expired,84726.58,18,6,0.5,21,41,not_applicable,0,1,1
TXN_1312,CUST_1512,35891.37,Card,network_error,116831.96,17,3,0.8,9,39,active,1,4,0
TXN_1313,CUST_2898,22898.71,Wallet,authentication_failed,95546.56,5,6,0.39,13,12,active,1,2,1
TXN_1314,CUST_2031,34888.6,NetBanking,network_error,17561.39,11,6,0.86,14,53,inactive,1,0,1
TXN_1315,CUST_2868,3530.82,UPI,network_error,110393.73,2,2,0.42,19,38,active,1,1,0
TXN_1316,CUST_2271,10279.33,NetBanking,insufficient_funds,165466.46,24,6,0.56,4,51,not_applicable,0,3,0
TXN_1317,CUST_2653,48595.08,Wallet,insufficient_funds,103010.43,2,0,0.29,8,83,active,1,4,0
TXN_1318,CUST_1199,42907.1,NetBanking,authentication_failed,61675.72,15,5,0.19,1,15,not_applicable,0,1,0
TXN_1319,CUST_2057,14963.18,Card,authentication_failed,156229.57,23,7,0.47,4,28,not_applicable,0,2,0
TXN_1320,CUST_2286,8392.63,NetBanking,customer_abandoned,67213.17,29,0,0.94,15,79,not_applicable,0,0,1
TXN_1321,CUST_1137,49407.39,UPI,card_expired,97560.86,19,1,0.18,16,12,active,0,0,0
TXN_1322,CUST_1970,23071.73,UPI,authentication_failed,142224.6,14,6,0.98,1,15,inactive,1,3,0
TXN_1323,CUST_1376,4925.06,Card,authentication_failed,144370.89,8,7,0.28,21,78,active,1,1,0
TXN_1324,CUST_2302,2064.16,UPI,card_expired,5347.5,4,3,0.77,5,65,not_applicable,0,3,0
TXN_1325,CUST_1983,23439.26,NetBanking,bank_declined,121573.47,21,1,0.43,18,63,inactive,1,3,0
TXN_1326,CUST_1790,39196.72,UPI,network_error,3092.13,13,6,0.76,4,3,inactive,1,0,0
TXN_1327,CUST_2155,21698.71,Wallet,insufficient_funds,107572.95,18,4,0.48,1,82,not_applicable,1,0,1
TXN_1328,CUST_2859,44382.48,NetBanking,card_expired,178892.77,14,7,0.34,8,1,active,1,4,0
TXN_1329,CUST_2752,46352.69,Card,bank_declined,192449.64,28,8,0.51,12,65,active,0,1,1
TXN_1330,CUST_1720,14006.85,NetBanking,network_error,191815.5,22,2,0.14,8,84,inactive,1,0,1
TXN_1331,CUST_2876,14199.26,Wallet,network_error,56522.65,30,7,0.4,19,84,active,1,1,0
TXN_1332,CUST_2429,2842.82,NetBanking,authentication_failed,116129.82,30,5,0.08,18,79,inactive,0,0,0
TXN_1333,CUST_1060,22034.19,Card,card_expired,102581.57,3,1,0.26,15,86,inactive,1,1,0
TXN_1334,CUST_2580,4439.65,Card,insufficient_funds,61340.74,28,2,0.97,23,49,inactive,0,0,0
TXN_1335,CUST_2253,16810.43,NetBanking,insufficient_funds,114599.93,1,1,0.91,14,47,not_applicable,0,1,1
TXN_1336,CUST_1657,40553.11,UPI,customer_abandoned,189725.54,14,6,0.09,4,81,not_applicable,0,1,0
TXN_1337,CUST_1517,48041.24,Wallet,network_error,107970.49,21,4,0.01,7,25,not_applicable,0,3,1
TXN_1338,CUST_2666,22552.19,Card,insufficient_funds,138888.87,18,0,0.73,20,85,active,0,0,0
TXN_1339,CUST_2658,14446.81,Card,insufficient_funds,108105.8,11,6,0.53,18,69,active,1,1,1
TXN_1340,CUST_2397,8541.18,Wallet,card_expired,195513.86,26,3,0.85,18,60,not_applicable,1,2,1
TXN_1341,CUST_2266,30201.95,Card,insufficient_funds,46224.95,14,6,0.54,20,48,active,0,1,0
TXN_1342,CUST_2602,25806.83,NetBanking,insufficient_funds,198066.75,3,7,0.61,7,6,not_applicable,1,0,0
TXN_1343,CUST_1458,38630.39,NetBanking,bank_declined,34922.04,12,5,0.38,2,20,inactive,0,4,0
TXN_1344,CUST_2178,21647.17,Card,authentication_failed,156574.19,29,8,0.48,9,51,not_applicable,0,4,0
TXN_1345,CUST_2428,28866.8,UPI,authentication_failed,69071.82,15,4,0.81,20,3,active,1,3,1
TXN_1346,CUST_1534,11296.71,Card,bank_declined,101396.08,28,0,0.26,4,26,not_applicable,1,0,1
TXN_1347,CUST_1482,32450.05,Wallet,insufficient_funds,102707.67,25,0,0.45,11,9,inactive,0,4,1
TXN_1348,CUST_1980,28602.84,Card,bank_declined,172822.88,23,0,0.14,3,4,inactive,0,2,1
TXN_1349,CUST_1883,43412.18,Wallet,bank_declined,117038.05,25,3,0.72,0,7,active,0,4,1
TXN_1350,CUST_2245,4713.23,Wallet,customer_abandoned,92122.16,21,0,0.39,17,61,active,1,3,1
TXN_1351,CUST_2424,12275.37,Card,network_error,193380.11,22,6,0.96,17,17,active,1,0,1
TXN_1352,CUST_2837,17467.79,NetBanking,bank_declined,179215.59,6,5,0.97,13,7,active,0,0,1
TXN_1353,CUST_2205,16117.75,UPI,card_expired,105692.71,13,8,0.69,18,5,active,0,0,0
TXN_1354,CUST_1156,36850.01,UPI,card_expired,11279.81,14,2,0.05,9,5,inactive,1,4,0
TXN_1355,CUST_2341,17738.31,Card,bank_declined,63811.01,4,6,0.49,15,84,active,0,0,0
TXN_1356,CUST_1512,9693.67,Card,network_error,62584.44,22,5,0.97,7,56,not_applicable,1,2,1
TXN_1357,CUST_2597,22291.17,NetBanking,customer_abandoned,115732.45,7,8,0.98,8,40,not_applicable,0,0,0
TXN_1358,CUST_1709,34095.98,Wallet,customer_abandoned,143480.95,30,7,0.61,8,10,active,0,4,0
TXN_1359,CUST_1472,33875.93,NetBanking,customer_abandoned,13754.85,17,3,0.6,3,47,not_applicable,0,0,0
TXN_1360,CUST_1481,10627.4,Wallet,customer_abandoned,168482.78,24,7,0.03,3,2,inactive,0,2,1
TXN_1361,CUST_1569,23070.42,Wallet,bank_declined,44300.0,26,1,0.13,1,35,not_applicable,1,3,1
TXN_1362,CUST_1038,3726.01,Wallet,network_error,40619.59,14,0,0.35,7,26,inactive,0,3,0
TXN_1363,CUST_2090,27285.57,UPI,customer_abandoned,26003.05,9,0,0.29,17,44,active,1,2,0
TXN_1364,CUST_2659,10755.79,Card,insufficient_funds,82817.72,10,6,0.7,13,7,active,1,2,1
TXN_1365,CUST_2758,18397.28,Wallet,network_error,78792.57,18,8,0.98,8,20,inactive,1,1,0
TXN_1366,CUST_1270,40026.87,UPI,bank_declined,49090.13,25,4,0.07,2,31,not_applicable,1,2,1
TXN_1367,CUST_2169,13413.05,Wallet,insufficient_funds,101679.23,19,4,0.78,11,34,not_applicable,1,4,0
TXN_1368,CUST_1025,42258.72,UPI,bank_declined,72575.44,18,5,0.69,8,22,inactive,1,0,0
TXN_1369,CUST_1900,3139.19,UPI,network_error,140611.49,1,5,0.01,15,81,not_applicable,0,3,0
TXN_1370,CUST_1119,16536.03,UPI,bank_declined,138982.13,28,8,0.77,10,8,inactive,0,2,1
TXN_1371,CUST_2568,40600.19,NetBanking,bank_declined,59489.44,27,7,0.45,4,29,not_applicable,0,1,1
TXN_1372,CUST_2784,34676.72,UPI,card_expired,197486.33,3,0,0.23,5,87,not_applicable,1,4,0
TXN_1373,CUST_1649,30523.13,UPI,authentication_failed,183104.59,22,3,0.16,1,33,inactive,0,2,1
TXN_1374,CUST_2106,28456.6,UPI,authentication_failed,55658.51,7,5,0.47,3,9,not_applicable,1,0,0
TXN_1375,CUST_2046,29007.74,UPI,card_expired,177911.12,6,5,0.57,18,47,not_applicable,1,0,0
TXN_1376,CUST_2314,25985.52,Wallet,bank_declined,11181.94,4,0,0.23,10,77,inactive,1,3,0
TXN_1377,CUST_2837,15580.74,NetBanking,network_error,37170.96,30,4,0.5,19,3,active,1,0,1
TXN_1378,CUST_1595,12979.57,Card,authentication_failed,93333.1,0,1,0.13,19,27,inactive,1,1,1
TXN_1379,CUST_1775,43398.33,UPI,customer_abandoned,141816.5,23,2,0.11,12,83,active,0,1,0
TXN_1380,CUST_2157,40417.07,Wallet,authentication_failed,153785.16,23,1,0.11,16,6,not_applicable,1,4,0
TXN_1381,CUST_2065,41732.81,Wallet,bank_declined,115893.33,8,3,0.65,18,37,active,1,1,1
TXN_1382,CUST_2636,26482.5,NetBanking,card_expired,7840.99,14,5,0.64,23,14,not_applicable,0,3,0
TXN_1383,CUST_2500,21807.23,Wallet,bank_declined,59238.36,2,5,0.55,17,64,active,1,3,0
TXN_1384,CUST_2239,34613.01,Card,network_error,159207.3,25,6,0.16,7,72,active,0,3,0
TXN_1385,CUST_2380,7361.22,Card,authentication_failed,175548.38,8,4,0.53,10,40,active,0,3,0
TXN_1386,CUST_1862,5424.92,Card,authentication_failed,130261.65,15,3,0.87,5,58,active,0,0,0
TXN_1387,CUST_1857,31340.13,NetBanking,authentication_failed,15980.46,22,7,0.11,23,12,active,0,3,0
TXN_1388,CUST_1049,12948.21,Card,insufficient_funds,27996.63,4,8,0.26,16,49,inactive,1,1,0
TXN_1389,CUST_1823,47154.84,Card,customer_abandoned,122464.84,9,1,0.83,10,43,not_applicable,0,0,0
TXN_1390,CUST_1151,5713.91,NetBanking,network_error,147448.16,29,6,0.28,20,57,not_applicable,1,2,0
TXN_1391,CUST_2551,17114.0,Wallet,customer_abandoned,199536.78,4,2,0.26,23,75,not_applicable,0,1,0
TXN_1392,CUST_2834,46540.55,UPI,authentication_failed,5904.24,18,5,0.7,21,83,inactive,1,2,1
TXN_1393,CUST_1898,41835.29,Card,authentication_failed,194913.42,23,4,0.98,3,29,inactive,1,2,1
TXN_1394,CUST_1098,41109.78,Wallet,bank_declined,129615.68,10,6,0.65,10,22,active,0,1,1
TXN_1395,CUST_1881,32544.34,NetBanking,authentication_failed,196514.03,28,5,0.91,3,44,inactive,0,0,0
TXN_1396,CUST_1589,2093.4,NetBanking,network_error,73096.4,14,3,0.83,5,36,inactive,0,1,1
TXN_1397,CUST_2364,23021.25,NetBanking,card_expired,11965.21,3,3,0.43,17,65,active,0,4,0
TXN_1398,CUST_2848,46434.92,UPI,authentication_failed,128576.13,17,3,0.31,0,62,active,1,1,1
TXN_1399,CUST_1577,3396.16,Wallet,customer_abandoned,194541.08,14,8,0.36,4,58,inactive,0,0,0
TXN_1400,CUST_1910,17828.67,Wallet,network_error,136819.83,8,1,0.66,4,35,not_applicable,0,2,0
TXN_1401,CUST_2645,13480.35,UPI,customer_abandoned,63818.03,25,3,0.13,23,9,inactive,0,4,1
TXN_1402,CUST_1686,2085.88,NetBanking,network_error,119938.78,20,8,0.87,21,9,not_applicable,1,0,0
TXN_1403,CUST_1887,22506.98,UPI,customer_abandoned,92401.43,25,8,0.08,10,24,not_applicable,0,0,1
TXN_1404,CUST_1503,41080.85,Card,authentication_failed,49686.36,12,3,0.42,21,25,inactive,1,1,1
TXN_1405,CUST_1992,43868.31,Card,customer_abandoned,49392.82,15,4,0.55,4,25,not_applicable,0,4,0
TXN_1406,CUST_2755,5183.75,Card,insufficient_funds,182312.98,13,1,0.82,15,71,not_applicable,0,1,1
TXN_1407,CUST_1079,2533.44,Wallet,customer_abandoned,168902.03,8,6,0.44,20,74,active,1,3,0
TXN_1408,CUST_2086,27369.17,Card,bank_declined,19179.3,26,3,0.76,9,85,inactive,1,3,0
TXN_1409,CUST_2224,9410.85,NetBanking,authentication_failed,38458.21,15,4,0.18,3,28,active,1,3,0
TXN_1410,CUST_2985,29431.14,Wallet,bank_declined,168229.29,7,6,0.02,3,22,inactive,1,0,0
TXN_1411,CUST_1711,28681.24,Wallet,customer_abandoned,164079.64,4,7,0.33,15,76,inactive,0,0,0
TXN_1412,CUST_1595,29857.69,NetBanking,authentication_failed,55568.36,6,6,0.03,1,71,inactive,1,2,0
TXN_1413,CUST_1842,31319.93,Wallet,network_error,116570.44,13,6,0.74,8,6,inactive,1,1,1
TXN_1414,CUST_1695,10373.51,UPI,bank_declined,71143.73,14,6,0.13,7,73,active,0,0,1
TXN_1415,CUST_2941,33842.17,NetBanking,card_expired,171861.42,19,8,0.96,0,2,inactive,0,2,0
TXN_1416,CUST_2868,9286.66,NetBanking,authentication_failed,22024.42,2,0,0.81,16,26,inactive,0,1,1
TXN_1417,CUST_2716,30952.42,Wallet,customer_abandoned,156510.96,7,4,0.7,5,47,inactive,1,1,0
TXN_1418,CUST_2132,2905.07,Card,insufficient_funds,149756.61,1,0,0.85,16,13,not_applicable,1,3,0
TXN_1419,CUST_1086,32058.32,Card,bank_declined,63518.25,9,0,0.96,7,80,not_applicable,0,0,1
TXN_1420,CUST_1557,29031.66,UPI,network_error,34134.21,20,6,0.71,4,34,active,0,0,1
TXN_1421,CUST_2033,11845.62,Wallet,insufficient_funds,99379.79,0,8,0.91,19,19,active,1,1,1
TXN_1422,CUST_2702,7297.58,NetBanking,bank_declined,152036.39,13,8,0.5,23,2,inactive,1,3,1
TXN_1423,CUST_1415,7416.07,UPI,bank_declined,129539.65,20,7,0.23,12,37,inactive,0,1,0
TXN_1424,CUST_2980,34203.13,Wallet,authentication_failed,119143.24,8,7,0.75,9,89,not_applicable,0,3,0
TXN_1425,CUST_1035,22453.79,Wallet,customer_abandoned,81688.86,12,5,0.98,17,13,inactive,0,4,0
TXN_1426,CUST_2997,14811.38,UPI,network_error,71555.09,24,3,0.56,14,47,inactive,0,2,1
TXN_1427,CUST_1680,45772.97,Card,customer_abandoned,53871.43,2,1,0.9,17,21,active,1,4,0
TXN_1428,CUST_1511,32862.48,UPI,card_expired,181490.12,12,7,0.17,16,72,active,0,3,1
TXN_1429,CUST_1516,22698.88,Wallet,bank_declined,189197.31,23,5,0.68,4,4,inactive,1,0,0
TXN_1430,CUST_1549,9496.3,Card,authentication_failed,61443.27,25,7,0.09,17,63,inactive,0,2,0
TXN_1431,CUST_1944,5322.56,Wallet,authentication_failed,85165.77,17,1,0.8,3,54,not_applicable,0,3,0
TXN_1432,CUST_1260,6602.99,UPI,card_expired,129042.36,16,1,0.2,5,25,inactive,0,0,1
TXN_1433,CUST_2813,8425.74,Wallet,network_error,184822.55,5,8,0.82,15,17,not_applicable,1,3,0
TXN_1434,CUST_1018,32825.46,NetBanking,insufficient_funds,107917.86,13,4,0.68,23,86,inactive,1,4,1
TXN_1435,CUST_2821,31473.83,NetBanking,authentication_failed,53954.17,20,2,0.04,4,37,not_applicable,0,4,0
TXN_1436,CUST_2949,44559.6,NetBanking,authentication_failed,114329.95,19,4,0.83,15,59,active,1,1,0
TXN_1437,CUST_1336,8264.45,Wallet,insufficient_funds,138663.75,10,6,0.67,5,19,inactive,0,0,1
TXN_1438,CUST_1638,49281.48,Card,card_expired,137649.04,22,1,0.24,17,58,inactive,0,0,0
TXN_1439,CUST_2279,5440.75,Wallet,authentication_failed,156359.16,5,1,0.91,11,81,not_applicable,0,2,0
TXN_1440,CUST_2287,31568.7,UPI,card_expired,86598.4,8,4,0.44,13,74,not_applicable,1,2,0
TXN_1441,CUST_2278,38130.27,Wallet,bank_declined,187299.14,17,8,0.94,20,84,active,0,4,0
TXN_1442,CUST_1312,43749.71,UPI,customer_abandoned,147748.86,6,4,0.25,5,33,not_applicable,0,1,0
TXN_1443,CUST_2632,13473.06,Wallet,bank_declined,182529.44,18,4,0.63,23,78,not_applicable,1,1,0
TXN_1444,CUST_1344,12931.9,UPI,card_expired,144158.24,6,1,0.03,19,18,active,0,3,0
TXN_1445,CUST_2791,31374.99,UPI,bank_declined,30073.22,2,0,0.82,4,65,inactive,1,3,0
TXN_1446,CUST_1669,32648.83,NetBanking,authentication_failed,81634.23,24,1,0.6,7,71,inactive,1,3,0
TXN_1447,CUST_2446,943.95,Wallet,bank_declined,182003.32,9,8,0.27,10,67,active,0,1,1
TXN_1448,CUST_2936,49967.58,NetBanking,customer_abandoned,43074.82,4,6,0.27,17,56,inactive,1,0,0
TXN_1449,CUST_2142,48275.89,Wallet,customer_abandoned,183247.06,11,2,0.5,0,46,inactive,1,3,1
TXN_1450,CUST_1437,6873.72,Card,network_error,195510.2,11,2,0.96,23,1,active,1,2,1
TXN_1451,CUST_2077,15041.21,Card,insufficient_funds,20930.84,18,4,0.27,10,12,inactive,1,4,1
TXN_1452,CUST_2887,18977.95,UPI,authentication_failed,18591.0,8,0,0.34,20,35,not_applicable,1,3,1
TXN_1453,CUST_1089,31521.21,NetBanking,bank_declined,83816.03,20,0,0.17,18,3,not_applicable,1,4,1
TXN_1454,CUST_2294,41060.37,Wallet,network_error,57013.98,5,7,0.07,23,82,not_applicable,0,0,0
TXN_1455,CUST_1756,6106.87,UPI,authentication_failed,116572.95,28,2,0.93,22,22,active,0,3,1
TXN_1456,CUST_2708,42162.98,UPI,insufficient_funds,89731.44,14,0,0.71,10,12,not_applicable,1,1,1
TXN_1457,CUST_2341,8780.79,UPI,bank_declined,72882.0,26,5,0.64,22,21,not_applicable,1,4,0
TXN_1458,CUST_1029,18140.86,Wallet,network_error,107425.09,26,0,1.0,2,24,not_applicable,0,2,1
TXN_1459,CUST_1171,40821.23,Card,network_error,86981.39,1,4,0.8,19,25,not_applicable,1,1,1
TXN_1460,CUST_2301,44341.11,UPI,bank_declined,82777.57,8,8,0.6,11,15,inactive,1,4,0
TXN_1461,CUST_2712,20927.41,UPI,authentication_failed,29718.1,29,7,0.09,2,14,active,0,0,0
TXN_1462,CUST_1380,43689.36,NetBanking,authentication_failed,48058.51,20,0,0.21,5,1,active,1,3,1
TXN_1463,CUST_1166,16068.8,Card,bank_declined,101702.89,26,3,0.16,23,16,inactive,0,3,1
TXN_1464,CUST_2445,42593.91,NetBanking,card_expired,172894.13,8,2,0.41,18,40,inactive,0,1,1
TXN_1465,CUST_1558,7279.42,Card,card_expired,2715.18,9,4,0.02,22,56,inactive,0,3,0
TXN_1466,CUST_1727,22824.21,NetBanking,bank_declined,104085.05,24,8,0.01,14,80,not_applicable,0,0,0
TXN_1467,CUST_2944,35931.6,Wallet,card_expired,89096.05,17,3,0.73,22,55,inactive,1,1,1
TXN_1468,CUST_1700,40675.79,NetBanking,insufficient_funds,118097.82,16,3,0.21,8,27,inactive,1,0,1
TXN_1469,CUST_2888,31438.72,UPI,authentication_failed,166157.98,21,2,0.42,15,17,inactive,1,2,0
TXN_1470,CUST_2154,43363.88,Wallet,customer_abandoned,134184.39,18,0,0.45,10,89,active,1,0,1
TXN_1471,CUST_1325,10292.4,Wallet,network_error,125733.72,10,5,0.36,20,12,active,1,2,0
TXN_1472,CUST_1333,24061.16,Wallet,authentication_failed,97691.24,5,0,0.57,14,78,inactive,1,3,1
TXN_1473,CUST_1969,40060.82,Card,bank_declined,90774.88,23,5,0.72,19,43,inactive,1,2,1
TXN_1474,CUST_1082,24669.12,Card,authentication_failed,39270.84,3,6,0.46,13,34,not_applicable,1,4,0
TXN_1475,CUST_1058,45750.62,Card,authentication_failed,67745.96,5,4,0.95,19,89,not_applicable,0,4,0
TXN_1476,CUST_2539,31614.06,Card,card_expired,109045.15,21,5,0.13,1,11,inactive,0,2,0
TXN_1477,CUST_1939,5047.39,Wallet,card_expired,124967.85,14,0,0.45,21,18,active,0,2,0
TXN_1478,CUST_1629,11101.48,UPI,card_expired,33748.65,7,3,0.41,13,11,not_applicable,0,1,1
TXN_1479,CUST_2402,35550.05,NetBanking,insufficient_funds,84365.8,15,2,0.52,11,12,inactive,1,1,1
TXN_1480,CUST_2869,49230.34,Wallet,customer_abandoned,133615.05,12,7,0.29,22,31,active,1,1,1
TXN_1481,CUST_1651,5563.17,Card,network_error,193201.5,24,5,0.17,9,86,not_applicable,1,4,1
TXN_1482,CUST_1806,12348.18,UPI,bank_declined,143794.72,15,0,0.78,7,77,active,0,2,1
TXN_1483,CUST_1741,30763.52,NetBanking,authentication_failed,178601.35,26,0,0.08,19,76,inactive,0,1,0
TXN_1484,CUST_1282,12489.55,Wallet,card_expired,197614.78,1,3,0.39,9,55,active,1,3,1
TXN_1485,CUST_2339,34267.79,Card,network_error,43204.17,4,4,0.24,9,49,not_applicable,1,0,1
TXN_1486,CUST_1534,20615.25,Wallet,card_expired,47630.69,5,6,0.02,21,66,active,1,0,1
TXN_1487,CUST_1709,48283.93,UPI,customer_abandoned,68972.51,27,6,0.34,0,20,inactive,0,4,0
TXN_1488,CUST_2038,34044.51,Wallet,customer_abandoned,165262.54,14,0,0.15,15,83,not_applicable,1,3,0
TXN_1489,CUST_2579,39525.15,UPI,bank_declined,123641.86,13,4,0.04,23,81,active,1,4,1
TXN_1490,CUST_1763,15514.99,Wallet,customer_abandoned,74376.31,10,8,0.77,11,14,active,1,4,1
TXN_1491,CUST_2555,20077.8,Wallet,customer_abandoned,189483.43,2,2,0.41,0,43,not_applicable,1,1,1
TXN_1492,CUST_2054,24245.48,Wallet,network_error,179608.93,1,7,0.91,9,5,active,1,3,0
TXN_1493,CUST_1751,46831.02,UPI,authentication_failed,165281.43,21,5,0.79,8,54,inactive,1,0,0
TXN_1494,CUST_2111,40275.45,NetBanking,card_expired,170176.41,9,5,0.29,13,2,inactive,1,2,1
TXN_1495,CUST_2302,2588.02,UPI,authentication_failed,30831.94,3,5,0.54,23,4,not_applicable,1,1,0
TXN_1496,CUST_1358,32292.99,UPI,authentication_failed,4376.86,3,2,0.96,23,18,not_applicable,1,3,0
TXN_1497,CUST_2828,7238.79,NetBanking,bank_declined,3788.89,14,3,0.57,23,67,not_applicable,1,0,0
TXN_1498,CUST_1156,33330.76,NetBanking,bank_declined,164708.84,1,2,0.01,19,81,active,1,4,0
TXN_1499,CUST_2485,23032.19,UPI,bank_declined,100294.62,29,4,0.07,13,51,active,0,2,1
TXN_1500,CUST_2477,25210.7,UPI,network_error,153264.62,30,1,0.49,6,73,inactive,1,4,1
TXN_1501,CUST_2052,32448.02,Card,customer_abandoned,35304.89,25,0,0.87,11,73,inactive,0,3,1
TXN_1502,CUST_1562,7944.47,Card,bank_declined,192505.27,16,0,0.52,19,51,active,1,2,1
TXN_1503,CUST_1010,31378.96,Wallet,card_expired,51386.58,0,6,0.8,21,16,inactive,1,3,1
TXN_1504,CUST_2226,48949.47,NetBanking,insufficient_funds,100872.04,7,3,0.45,0,90,inactive,0,0,1
TXN_1505,CUST_2252,6710.29,NetBanking,customer_abandoned,109836.19,22,7,0.55,18,53,not_applicable,1,4,0
TXN_1506,CUST_1796,20957.41,Wallet,authentication_failed,170803.67,0,5,0.86,10,40,inactive,1,1,0
TXN_1507,CUST_1946,4626.97,Wallet,card_expired,53276.4,17,2,0.87,21,49,inactive,1,0,1
TXN_1508,CUST_2353,36027.84,UPI,customer_abandoned,21131.96,15,8,0.62,11,10,active,1,2,0
TXN_1509,CUST_1597,39466.81,NetBanking,network_error,47504.4,21,7,0.64,0,19,not_applicable,0,4,0
TXN_1510,CUST_1720,35711.65,Wallet,network_error,174861.93,24,0,0.13,9,71,not_applicable,1,1,0
TXN_1511,CUST_1768,29719.41,Card,network_error,26294.99,19,1,0.43,3,50,active,0,0,1
TXN_1512,CUST_2168,35047.36,NetBanking,card_expired,152014.76,27,2,0.11,23,51,not_applicable,1,2,1
TXN_1513,CUST_2538,40749.79,Card,network_error,187296.45,28,4,0.51,10,46,not_applicable,0,2,0
TXN_1514,CUST_2028,26830.88,Wallet,card_expired,79443.91,27,6,0.85,15,59,inactive,1,1,1
TXN_1515,CUST_2892,23647.94,Card,network_error,98572.19,9,0,0.85,17,42,inactive,0,0,0
TXN_1516,CUST_1785,20235.65,Wallet,network_error,67326.67,13,3,0.49,20,3,not_applicable,0,1,1
TXN_1517,CUST_2248,11993.03,UPI,authentication_failed,158997.06,18,6,0.49,0,41,not_applicable,0,1,0
TXN_1518,CUST_2165,5430.37,Wallet,customer_abandoned,48530.19,2,5,0.95,0,76,not_applicable,1,4,0
TXN_1519,CUST_2047,8526.08,Card,card_expired,92673.89,14,5,0.31,23,30,active,1,1,0
TXN_1520,CUST_1660,16224.95,Card,bank_declined,109277.62,2,0,0.55,6,73,inactive,1,1,0
TXN_1521,CUST_2400,22420.41,Wallet,card_expired,193138.07,25,2,0.38,14,64,not_applicable,0,4,0
TXN_1522,CUST_2715,12249.01,NetBanking,card_expired,92095.16,7,7,0.76,23,8,active,0,3,0
TXN_1523,CUST_2775,35493.88,Wallet,network_error,5208.81,2,6,0.42,8,68,active,0,3,1
TXN_1524,CUST_1984,17002.77,UPI,bank_declined,113183.68,25,6,0.2,23,5,inactive,1,4,0
TXN_1525,CUST_2288,2708.73,Wallet,network_error,170655.99,25,1,0.2,3,18,inactive,0,1,0
TXN_1526,CUST_1750,17691.21,Wallet,customer_abandoned,144814.03,10,2,0.32,7,61,active,1,0,0
TXN_1527,CUST_1675,6419.19,UPI,network_error,36525.44,28,7,0.49,7,33,inactive,1,3,0
TXN_1528,CUST_1677,9879.41,Wallet,customer_abandoned,188809.51,8,4,0.98,19,4,active,0,4,0
TXN_1529,CUST_1590,46171.97,UPI,card_expired,109420.11,28,5,0.27,18,46,not_applicable,1,2,1
TXN_1530,CUST_2934,32979.2,Card,authentication_failed,197835.94,20,4,0.27,15,56,not_applicable,1,1,1
TXN_1531,CUST_2523,2695.99,Card,card_expired,23615.56,19,4,0.0,12,32,not_applicable,0,0,0
TXN_1532,CUST_2742,40133.46,Card,authentication_failed,157557.88,9,2,0.51,18,1,inactive,1,4,0
TXN_1533,CUST_2526,7648.09,Wallet,network_error,57650.27,19,2,0.38,11,82,active,1,4,0
TXN_1534,CUST_1766,27029.12,Wallet,network_error,16419.24,20,2,0.02,16,61,active,1,3,1
TXN_1535,CUST_1029,20583.89,UPI,bank_declined,186705.39,7,4,0.64,6,28,active,1,4,1
TXN_1536,CUST_2593,23372.09,UPI,customer_abandoned,72971.55,6,5,0.11,15,58,not_applicable,0,4,0
TXN_1537,CUST_2839,39179.69,Card,customer_abandoned,34455.5,6,5,0.51,21,4,inactive,0,2,0
TXN_1538,CUST_2039,31292.07,UPI,bank_declined,189291.19,17,8,0.58,23,68,active,0,3,0
TXN_1539,CUST_2160,2611.11,Card,card_expired,13518.59,8,2,0.19,22,83,active,0,3,0
TXN_1540,CUST_1363,37193.31,UPI,authentication_failed,144942.73,8,8,0.14,8,11,not_applicable,0,0,1
TXN_1541,CUST_2855,7823.82,Card,authentication_failed,60933.94,9,0,0.25,6,29,active,1,3,0
TXN_1542,CUST_1201,12807.72,UPI,bank_declined,98301.23,25,1,0.41,6,61,active,1,0,0
TXN_1543,CUST_1974,2890.72,Card,insufficient_funds,29294.09,17,3,0.05,19,62,inactive,0,4,1
TXN_1544,CUST_1880,2820.01,UPI,customer_abandoned,167451.51,28,7,0.51,20,24,not_applicable,1,0,0
TXN_1545,CUST_1515,28123.57,Wallet,authentication_failed,34991.93,8,7,0.2,20,22,inactive,1,4,0
TXN_1546,CUST_1581,29715.47,NetBanking,bank_declined,42813.44,27,8,0.12,7,43,inactive,1,3,1
TXN_1547,CUST_1228,1196.89,Card,network_error,160736.78,0,5,0.79,16,60,inactive,0,1,1
TXN_1548,CUST_1134,6867.77,Wallet,customer_abandoned,29980.1,9,1,0.7,14,43,not_applicable,0,1,0
TXN_1549,CUST_2594,39159.01,UPI,card_expired,187558.75,6,4,0.69,16,39,inactive,1,0,0
TXN_1550,CUST_2402,12247.79,NetBanking,authentication_failed,168596.55,6,2,0.21,10,20,active,1,1,0
TXN_1551,CUST_2745,35193.67,Card,authentication_failed,81102.74,21,2,0.92,10,66,inactive,1,2,0
TXN_1552,CUST_1468,4611.91,NetBanking,network_error,189623.46,29,4,0.26,11,18,inactive,1,2,1
TXN_1553,CUST_2698,20172.79,NetBanking,network_error,11193.63,9,6,0.5,18,50,inactive,0,3,0
TXN_1554,CUST_1113,20108.42,Wallet,bank_declined,70791.25,20,2,0.77,14,35,active,0,1,1
TXN_1555,CUST_2355,7755.3,NetBanking,bank_declined,73943.69,26,5,0.37,0,41,inactive,1,2,0
TXN_1556,CUST_2142,39942.83,Card,card_expired,141738.44,19,8,0.19,14,35,active,0,1,0
TXN_1557,CUST_1328,5379.67,NetBanking,customer_abandoned,126013.11,15,7,0.12,1,84,inactive,1,1,1
TXN_1558,CUST_1573,39056.04,Wallet,insufficient_funds,78657.47,3,0,0.58,20,43,inactive,1,3,1
TXN_1559,CUST_2891,27749.55,NetBanking,insufficient_funds,35725.2,15,2,0.38,23,9,inactive,1,1,0
TXN_1560,CUST_2789,32246.23,Card,authentication_failed,130494.15,9,3,0.87,17,11,inactive,0,2,1
TXN_1561,CUST_2172,45997.65,NetBanking,authentication_failed,19874.99,16,4,0.54,22,2,active,0,2,0
TXN_1562,CUST_2960,37870.65,NetBanking,network_error,121736.52,23,3,0.17,5,41,inactive,0,3,0
TXN_1563,CUST_1741,36033.56,NetBanking,card_expired,18141.02,21,4,0.46,8,77,not_applicable,0,1,1
TXN_1564,CUST_1244,16940.1,Wallet,network_error,4598.14,12,7,0.4,1,67,active,1,0,1
TXN_1565,CUST_2158,31017.17,Wallet,insufficient_funds,133034.58,30,8,0.84,10,68,inactive,1,4,0
TXN_1566,CUST_1683,6112.04,UPI,customer_abandoned,170455.9,2,1,0.16,17,14,not_applicable,0,4,1
TXN_1567,CUST_2733,42142.66,UPI,authentication_failed,100674.44,29,7,0.98,19,83,active,0,3,0
TXN_1568,CUST_2674,15222.98,NetBanking,network_error,128006.66,14,2,0.35,20,42,active,0,4,0
TXN_1569,CUST_1695,3374.74,Wallet,authentication_failed,110332.95,24,6,0.59,0,51,not_applicable,1,0,1
TXN_1570,CUST_2277,12857.74,Wallet,insufficient_funds,73548.72,0,3,0.84,10,54,active,1,1,1
TXN_1571,CUST_2196,41360.71,NetBanking,authentication_failed,112968.43,14,3,0.76,18,45,not_applicable,0,1,0
TXN_1572,CUST_2583,10454.82,Card,card_expired,114193.73,9,2,0.87,3,3,not_applicable,0,1,1
TXN_1573,CUST_2106,48332.88,NetBanking,insufficient_funds,90990.8,10,5,0.14,7,84,active,0,2,1
TXN_1574,CUST_1334,47589.95,Wallet,bank_declined,64624.45,7,3,0.87,11,3,active,1,0,0
TXN_1575,CUST_2708,17574.31,Wallet,insufficient_funds,17568.27,14,3,0.72,12,6,inactive,1,3,1
TXN_1576,CUST_1406,39167.89,Card,network_error,89088.31,18,1,0.49,2,22,not_applicable,0,1,0
TXN_1577,CUST_2549,19179.93,Card,insufficient_funds,89182.34,30,7,0.38,23,77,inactive,1,3,0
TXN_1578,CUST_1391,26344.73,Card,insufficient_funds,161951.09,25,8,0.36,11,61,inactive,0,3,0
TXN_1579,CUST_1033,33569.29,UPI,network_error,54618.45,25,6,0.28,12,12,inactive,1,2,0
TXN_1580,CUST_2713,36204.38,UPI,network_error,115860.15,30,4,0.65,7,89,active,1,3,1
TXN_1581,CUST_1032,30943.34,NetBanking,customer_abandoned,102392.27,20,5,0.55,1,18,active,0,4,0
TXN_1582,CUST_1018,4165.55,Card,authentication_failed,39474.51,4,2,0.95,22,60,active,0,4,0
TXN_1583,CUST_2643,23387.49,Card,customer_abandoned,11489.25,21,4,0.04,11,79,inactive,0,3,1
TXN_1584,CUST_1353,26950.92,Card,authentication_failed,102232.49,30,2,0.24,23,85,active,1,0,0
TXN_1585,CUST_2610,8495.01,Card,insufficient_funds,38797.01,15,3,0.46,9,51,not_applicable,1,2,1
TXN_1586,CUST_2273,12448.4,NetBanking,insufficient_funds,129402.29,25,0,0.65,10,3,inactive,0,1,0
TXN_1587,CUST_2871,20943.66,Wallet,insufficient_funds,15543.93,17,6,0.27,19,67,active,0,0,0
TXN_1588,CUST_1030,29853.3,NetBanking,card_expired,142237.68,2,6,0.01,2,14,inactive,1,3,0
TXN_1589,CUST_2753,1972.68,Wallet,card_expired,114276.81,27,0,0.92,9,60,inactive,1,1,0
TXN_1590,CUST_1661,27073.58,NetBanking,authentication_failed,92182.76,21,1,0.95,15,63,not_applicable,0,1,0
TXN_1591,CUST_1449,3338.47,Card,card_expired,93679.39,7,1,0.24,23,12,not_applicable,1,2,0
TXN_1592,CUST_2816,22827.73,UPI,card_expired,116846.82,7,4,0.36,5,84,inactive,1,3,0
TXN_1593,CUST_2368,25235.6,NetBanking,card_expired,166210.37,10,6,0.66,11,84,active,0,3,0
TXN_1594,CUST_2294,46782.6,UPI,card_expired,182529.31,5,0,0.21,4,81,active,0,1,0
TXN_1595,CUST_1812,37091.3,NetBanking,insufficient_funds,165694.44,18,7,0.97,15,44,active,1,3,0
TXN_1596,CUST_1439,30066.68,Wallet,authentication_failed,106480.42,8,8,0.03,14,15,not_applicable,1,4,0
TXN_1597,CUST_2892,23034.78,NetBanking,bank_declined,126072.28,28,2,0.56,8,43,inactive,1,0,0
TXN_1598,CUST_2368,14060.37,NetBanking,authentication_failed,113425.57,8,1,0.09,11,54,not_applicable,0,4,0
TXN_1599,CUST_1258,37533.03,UPI,card_expired,138986.77,14,1,0.99,3,70,not_applicable,1,1,1
TXN_1600,CUST_2788,24959.65,NetBanking,bank_declined,66576.55,14,6,0.44,17,10,not_applicable,0,3,1
TXN_1601,CUST_2679,34242.03,Card,card_expired,176605.8,26,3,0.2,0,25,not_applicable,1,4,1
TXN_1602,CUST_2230,3082.14,Card,authentication_failed,177831.26,27,8,0.33,16,6,not_applicable,1,4,0
TXN_1603,CUST_1471,25653.22,Card,bank_declined,188197.35,5,1,0.05,21,21,not_applicable,0,1,0
TXN_1604,CUST_2107,42842.94,Wallet,card_expired,79814.84,8,0,0.2,12,37,inactive,1,3,0
TXN_1605,CUST_1958,19339.07,NetBanking,card_expired,183167.82,23,4,0.76,0,9,inactive,1,1,1
TXN_1606,CUST_2890,49419.69,UPI,insufficient_funds,93590.23,24,6,0.06,4,18,inactive,0,1,0
TXN_1607,CUST_1801,21859.92,Card,customer_abandoned,32223.62,13,6,0.95,18,24,active,1,0,0
TXN_1608,CUST_1463,13487.53,NetBanking,card_expired,118570.1,28,6,0.72,3,74,not_applicable,0,1,0
TXN_1609,CUST_1908,44093.6,Card,customer_abandoned,103523.25,8,5,0.77,0,81,active,1,4,0
TXN_1610,CUST_1210,27679.92,Wallet,card_expired,23833.65,21,7,0.13,9,15,not_applicable,1,1,0
TXN_1611,CUST_1144,13516.19,NetBanking,bank_declined,5186.34,30,0,0.72,12,32,active,1,3,1
TXN_1612,CUST_2198,29804.31,Card,customer_abandoned,108299.57,22,7,0.97,9,28,not_applicable,0,0,1
TXN_1613,CUST_2498,3273.71,NetBanking,card_expired,110785.91,27,7,0.84,22,55,inactive,0,0,0
TXN_1614,CUST_2771,21574.12,NetBanking,customer_abandoned,64739.45,23,4,0.91,8,81,not_applicable,1,3,0
TXN_1615,CUST_2365,30809.9,NetBanking,bank_declined,81737.17,2,0,0.04,3,62,active,1,1,1
TXN_1616,CUST_2210,13334.9,Wallet,customer_abandoned,137532.14,8,1,0.95,22,62,not_applicable,1,4,0
TXN_1617,CUST_2062,40592.15,Wallet,insufficient_funds,12016.6,19,1,0.54,18,82,active,0,0,1
TXN_1618,CUST_2979,46708.25,Card,bank_declined,153503.9,18,6,0.66,12,5,inactive,1,3,1
TXN_1619,CUST_2174,32411.24,UPI,network_error,193819.94,26,6,0.71,21,3,active,0,0,0
TXN_1620,CUST_2291,25904.88,NetBanking,insufficient_funds,24295.82,9,6,0.53,0,58,inactive,1,2,0
TXN_1621,CUST_1721,29665.42,Card,bank_declined,97016.12,14,0,0.62,10,58,not_applicable,1,1,1
TXN_1622,CUST_1428,9822.54,NetBanking,customer_abandoned,98774.76,12,5,0.95,5,63,active,1,2,1
TXN_1623,CUST_2262,21276.16,Card,bank_declined,143224.52,26,4,0.6,3,11,not_applicable,1,2,1
TXN_1624,CUST_2273,20599.74,Wallet,customer_abandoned,44322.26,5,6,0.97,6,33,not_applicable,1,2,0
TXN_1625,CUST_1690,18654.66,Wallet,bank_declined,6141.96,24,2,0.22,5,41,active,0,1,0
TXN_1626,CUST_2191,10138.64,NetBanking,authentication_failed,16932.62,22,8,0.47,9,71,not_applicable,0,3,0
TXN_1627,CUST_2266,4329.83,UPI,card_expired,161717.55,2,1,0.77,22,76,not_applicable,1,2,0
TXN_1628,CUST_1298,42740.32,NetBanking,authentication_failed,136951.94,11,6,0.05,4,49,active,1,4,1
TXN_1629,CUST_2167,42290.99,UPI,bank_declined,160017.35,7,7,0.51,1,31,not_applicable,0,2,0
TXN_1630,CUST_1053,42281.97,Wallet,card_expired,145705.4,26,3,0.98,7,28,inactive,0,1,1
TXN_1631,CUST_1025,11360.66,NetBanking,card_expired,43147.83,30,0,0.79,19,61,inactive,1,4,0
TXN_1632,CUST_2128,3426.33,Card,network_error,199713.6,5,8,0.02,18,51,not_applicable,1,2,1
TXN_1633,CUST_2447,18331.81,NetBanking,bank_declined,168481.48,13,5,0.55,11,30,inactive,1,0,1
TXN_1634,CUST_2962,46317.03,Card,bank_declined,2810.54,27,3,0.08,17,74,active,0,4,0
TXN_1635,CUST_2450,33498.84,Wallet,authentication_failed,177766.17,10,1,0.46,19,29,not_applicable,1,4,0
TXN_1636,CUST_2681,9506.14,Card,network_error,161188.4,8,0,0.97,14,79,inactive,1,4,1
TXN_1637,CUST_1893,24791.81,UPI,card_expired,18137.11,0,8,0.56,14,71,not_applicable,0,2,0
TXN_1638,CUST_1976,7307.38,Card,insufficient_funds,88971.18,21,5,0.33,2,35,not_applicable,1,0,1
TXN_1639,CUST_2461,29324.15,Wallet,network_error,2690.62,22,2,0.76,12,27,not_applicable,1,2,1
TXN_1640,CUST_2102,18377.69,NetBanking,bank_declined,11534.25,7,8,0.75,13,18,not_applicable,1,0,1
TXN_1641,CUST_2988,12083.56,UPI,customer_abandoned,65381.4,24,5,0.18,18,15,active,0,4,0
TXN_1642,CUST_1847,7826.59,Card,customer_abandoned,71882.59,6,3,0.7,19,22,active,0,3,1
TXN_1643,CUST_2492,19384.48,UPI,bank_declined,84629.67,2,1,0.56,12,73,not_applicable,1,3,0
TXN_1644,CUST_1780,4017.64,Wallet,card_expired,176370.36,27,5,0.08,5,12,inactive,1,1,1
TXN_1645,CUST_2448,46009.9,Wallet,bank_declined,54866.04,15,1,0.37,5,33,inactive,0,1,1
TXN_1646,CUST_1719,44097.28,UPI,bank_declined,188439.21,14,1,0.74,16,32,active,0,4,1
TXN_1647,CUST_1121,33490.79,NetBanking,insufficient_funds,82650.44,5,0,0.47,16,1,active,1,3,0
TXN_1648,CUST_1627,9634.0,UPI,authentication_failed,158312.21,18,5,0.45,2,22,active,1,1,0
TXN_1649,CUST_2096,19262.55,Card,bank_declined,171025.5,3,2,0.75,19,47,not_applicable,0,3,0
TXN_1650,CUST_2446,5963.34,Card,authentication_failed,51147.65,4,7,0.92,0,79,active,0,2,1
TXN_1651,CUST_2914,26720.66,NetBanking,insufficient_funds,119682.33,11,2,0.37,18,66,active,0,3,0
TXN_1652,CUST_1395,26211.98,Card,authentication_failed,24232.83,29,5,0.13,14,84,not_applicable,1,3,0
TXN_1653,CUST_2933,46834.85,UPI,customer_abandoned,62362.07,17,1,0.87,10,31,inactive,0,1,0
TXN_1654,CUST_2966,12465.84,Wallet,card_expired,8231.81,25,6,0.1,1,45,active,1,4,1
TXN_1655,CUST_1202,10063.52,UPI,customer_abandoned,74882.91,20,5,0.5,16,72,not_applicable,1,4,0
TXN_1656,CUST_2317,5750.24,Card,bank_declined,81866.91,10,2,0.49,14,25,inactive,1,3,0
TXN_1657,CUST_1891,40936.2,Wallet,insufficient_funds,35163.96,15,0,0.81,15,13,inactive,1,4,0
TXN_1658,CUST_1796,27837.95,NetBanking,network_error,140206.05,25,4,0.41,21,89,active,0,1,1
TXN_1659,CUST_2939,33321.69,UPI,bank_declined,105409.79,28,8,0.64,5,82,inactive,0,4,0
TXN_1660,CUST_1057,45352.64,UPI,bank_declined,117886.6,12,3,0.09,11,68,active,1,4,0
TXN_1661,CUST_2073,37842.17,Card,authentication_failed,159032.78,11,0,0.49,6,12,inactive,0,1,1
TXN_1662,CUST_2459,13456.66,NetBanking,insufficient_funds,82709.14,22,3,0.9,15,26,not_applicable,0,0,0
TXN_1663,CUST_2888,34317.07,Wallet,card_expired,171937.13,28,1,0.09,9,0,active,1,1,0
TXN_1664,CUST_1798,16098.93,Card,bank_declined,36487.97,29,6,0.24,1,19,active,0,4,0
TXN_1665,CUST_2369,12634.48,NetBanking,network_error,64792.95,21,4,0.13,6,83,not_applicable,1,3,1
TXN_1666,CUST_2413,28656.96,UPI,network_error,88928.89,26,6,0.35,12,35,active,1,2,0
TXN_1667,CUST_2229,44686.15,UPI,customer_abandoned,151601.06,22,6,0.33,1,89,inactive,0,1,1
TXN_1668,CUST_1144,7683.81,UPI,insufficient_funds,26933.28,5,7,0.35,2,23,not_applicable,1,1,1
TXN_1669,CUST_2932,12392.78,NetBanking,customer_abandoned,13587.43,22,6,0.13,9,68,inactive,1,4,1
TXN_1670,CUST_1535,31725.79,UPI,insufficient_funds,51387.03,12,3,0.56,2,71,inactive,0,1,1
TXN_1671,CUST_2061,32806.26,UPI,network_error,47404.32,15,1,0.86,3,29,active,1,1,1
TXN_1672,CUST_1171,34737.17,UPI,card_expired,4208.8,13,5,0.37,14,18,inactive,0,4,0
TXN_1673,CUST_2570,27219.87,Card,card_expired,15474.52,23,5,0.79,1,72,active,0,2,1
TXN_1674,CUST_2760,33884.19,NetBanking,card_expired,160839.21,11,7,0.56,6,82,active,1,3,1
TXN_1675,CUST_1313,33126.83,NetBanking,authentication_failed,71750.43,2,3,0.81,5,80,active,1,3,0
TXN_1676,CUST_1051,28603.52,Wallet,insufficient_funds,149334.15,26,3,0.38,19,67,inactive,0,1,1
TXN_1677,CUST_2120,23021.37,NetBanking,insufficient_funds,163774.74,3,1,0.93,13,66,not_applicable,0,4,0
TXN_1678,CUST_2475,33107.16,Card,customer_abandoned,180751.45,29,5,0.1,11,4,active,0,1,0
TXN_1679,CUST_1012,35474.11,Wallet,insufficient_funds,164925.15,18,0,0.86,12,72,active,0,0,1
TXN_1680,CUST_2154,4558.06,UPI,insufficient_funds,88118.51,20,7,0.23,18,82,inactive,1,4,0
TXN_1681,CUST_1792,38636.15,Wallet,customer_abandoned,16029.89,7,7,0.83,19,32,inactive,1,3,0
TXN_1682,CUST_2882,29843.59,Card,network_error,18840.79,17,5,0.34,7,18,inactive,0,3,0
TXN_1683,CUST_1526,48081.03,Card,bank_declined,161645.07,23,0,0.46,13,38,active,0,3,0
TXN_1684,CUST_1840,46679.41,Card,network_error,69574.72,4,5,0.16,6,51,inactive,1,3,0
TXN_1685,CUST_2502,47194.33,Wallet,network_error,1762.23,30,6,0.24,14,46,inactive,1,3,1
TXN_1686,CUST_1272,8637.19,Card,card_expired,23535.45,6,3,0.57,18,24,not_applicable,1,3,1
TXN_1687,CUST_2122,23907.78,Wallet,bank_declined,198918.29,20,4,0.68,6,50,active,1,0,1
TXN_1688,CUST_2111,49642.32,Wallet,bank_declined,82170.95,28,6,0.29,1,25,active,1,4,0
TXN_1689,CUST_2822,15284.95,Card,customer_abandoned,18205.04,12,8,0.0,13,23,inactive,0,1,0
TXN_1690,CUST_1790,41859.48,Card,bank_declined,114890.72,23,2,1.0,20,51,not_applicable,0,1,1
TXN_1691,CUST_1842,14094.71,NetBanking,network_error,32790.14,7,2,0.16,15,40,not_applicable,0,0,1
TXN_1692,CUST_2611,39662.72,UPI,insufficient_funds,181245.6,0,0,0.98,1,42,active,1,2,1
TXN_1693,CUST_1415,44076.75,Card,card_expired,66322.76,9,1,0.11,11,79,inactive,1,3,1
TXN_1694,CUST_1693,31841.67,Card,bank_declined,33781.45,9,1,0.43,17,20,active,0,3,0
TXN_1695,CUST_1242,36866.05,Wallet,card_expired,91229.83,17,8,0.99,20,60,not_applicable,1,1,1
TXN_1696,CUST_2999,17815.26,UPI,customer_abandoned,96898.13,30,2,0.5,14,12,active,0,3,0
TXN_1697,CUST_1968,36489.09,Wallet,network_error,175074.67,5,0,0.94,18,88,inactive,1,4,0
TXN_1698,CUST_2171,42543.95,Card,network_error,110558.51,28,0,0.83,15,85,not_applicable,1,2,1
TXN_1699,CUST_1174,19984.09,NetBanking,insufficient_funds,64065.69,5,2,0.47,19,38,not_applicable,1,1,0
TXN_1700,CUST_1227,48084.41,Card,customer_abandoned,63256.08,10,4,0.1,22,10,inactive,1,0,1
TXN_1701,CUST_2273,2949.24,Wallet,card_expired,22998.09,11,4,0.22,6,65,inactive,0,3,0
TXN_1702,CUST_1652,21719.22,Card,insufficient_funds,160138.68,20,3,0.74,22,39,inactive,1,3,1
TXN_1703,CUST_1691,16751.84,UPI,bank_declined,63977.29,23,7,0.77,21,10,inactive,0,1,1
TXN_1704,CUST_2785,739.8,UPI,customer_abandoned,159313.33,18,0,0.48,9,48,active,1,3,0
TXN_1705,CUST_1795,11854.74,UPI,customer_abandoned,186568.29,21,4,0.86,22,48,inactive,1,4,1
TXN_1706,CUST_2748,24163.04,Wallet,network_error,104544.4,22,5,0.98,4,44,not_applicable,1,4,0
TXN_1707,CUST_1395,10841.93,Wallet,bank_declined,162409.81,8,1,0.2,14,85,active,1,4,0
TXN_1708,CUST_2834,33837.04,UPI,insufficient_funds,81595.22,25,2,0.93,3,31,active,0,2,1
TXN_1709,CUST_1133,25625.13,Card,authentication_failed,183785.78,25,3,0.9,2,9,active,0,2,1
TXN_1710,CUST_2782,18395.22,UPI,card_expired,124205.16,18,7,0.16,20,42,not_applicable,0,4,1
TXN_1711,CUST_1249,45745.99,UPI,customer_abandoned,34223.09,4,3,0.12,23,10,active,0,0,0
TXN_1712,CUST_1007,45481.24,Wallet,customer_abandoned,39531.14,7,3,0.42,1,10,inactive,1,4,0
TXN_1713,CUST_1394,29990.65,Wallet,card_expired,15275.33,22,7,0.23,19,90,active,1,2,1
TXN_1714,CUST_2498,45429.66,UPI,network_error,156476.84,5,8,0.02,0,10,active,0,2,1
TXN_1715,CUST_1294,31435.14,Card,customer_abandoned,55762.85,3,1,0.91,6,23,inactive,0,1,0
TXN_1716,CUST_1808,3688.15,NetBanking,authentication_failed,181892.11,13,8,0.96,20,36,active,1,2,1
TXN_1717,CUST_2688,26664.78,NetBanking,customer_abandoned,61369.49,7,8,0.39,0,83,not_applicable,1,2,0
TXN_1718,CUST_2544,28945.8,Card,insufficient_funds,191637.89,1,1,0.5,15,44,not_applicable,0,4,0
TXN_1719,CUST_2547,31038.07,Wallet,insufficient_funds,68704.38,21,7,0.86,0,86,active,1,4,1
TXN_1720,CUST_2579,9722.7,NetBanking,customer_abandoned,39030.02,21,1,0.77,18,33,not_applicable,1,3,0
TXN_1721,CUST_1733,38384.95,Wallet,bank_declined,41971.57,15,4,0.32,15,40,not_applicable,0,1,1
TXN_1722,CUST_2202,47165.47,Card,insufficient_funds,186414.55,22,5,0.21,13,59,inactive,1,3,0
TXN_1723,CUST_1949,7555.03,Wallet,network_error,102487.03,4,2,0.46,23,49,inactive,0,1,0
TXN_1724,CUST_2614,46507.27,NetBanking,network_error,77329.91,27,2,0.49,12,46,active,1,1,0
TXN_1725,CUST_1309,40354.72,Card,card_expired,1727.61,3,0,0.32,12,60,active,1,2,0
TXN_1726,CUST_1405,11562.84,UPI,network_error,40714.75,12,2,0.04,9,70,inactive,0,1,1
TXN_1727,CUST_1996,13199.26,Wallet,network_error,11417.09,13,2,0.23,15,85,active,1,0,1
TXN_1728,CUST_1137,42589.31,NetBanking,customer_abandoned,97130.18,15,4,0.42,4,30,not_applicable,1,1,0
TXN_1729,CUST_1852,10108.18,Wallet,insufficient_funds,43856.5,30,4,0.29,20,20,inactive,1,4,0
TXN_1730,CUST_1878,19030.34,UPI,authentication_failed,182256.01,4,8,0.62,9,43,not_applicable,1,1,0
TXN_1731,CUST_1756,46727.1,Wallet,insufficient_funds,10644.38,0,7,0.21,11,53,active,0,2,1
TXN_1732,CUST_2409,30816.08,Card,bank_declined,8871.94,20,7,0.4,8,71,inactive,1,1,1
TXN_1733,CUST_2847,34933.72,Card,bank_declined,127989.84,25,3,0.32,22,75,not_applicable,0,1,1
TXN_1734,CUST_2000,21412.91,Wallet,insufficient_funds,26622.13,10,8,0.95,3,49,active,1,0,1
TXN_1735,CUST_2083,15931.23,Wallet,network_error,153494.51,19,4,0.5,2,57,inactive,0,2,1
TXN_1736,CUST_2457,40617.19,Card,bank_declined,173563.28,27,0,0.67,15,31,active,0,2,1
TXN_1737,CUST_1729,28359.51,Wallet,authentication_failed,152895.69,4,4,0.14,10,62,inactive,0,1,0
TXN_1738,CUST_2961,44136.51,UPI,bank_declined,5004.22,23,0,0.75,23,24,not_applicable,1,1,1
TXN_1739,CUST_2619,22393.93,Wallet,network_error,2412.21,22,0,0.82,9,33,active,0,2,1
TXN_1740,CUST_1051,27084.21,UPI,customer_abandoned,135782.84,20,6,0.7,2,47,inactive,0,3,1
TXN_1741,CUST_2281,26613.86,Wallet,authentication_failed,80544.19,5,7,0.95,10,13,inactive,1,2,0
TXN_1742,CUST_1405,14977.7,Wallet,bank_declined,26166.38,5,2,0.84,10,2,active,0,2,1
TXN_1743,CUST_2131,33057.44,Wallet,bank_declined,94692.47,4,5,0.2,23,48,not_applicable,0,3,0
TXN_1744,CUST_2323,3128.09,NetBanking,network_error,83255.15,5,5,0.55,19,4,not_applicable,1,2,0
TXN_1745,CUST_2158,37458.74,UPI,authentication_failed,165757.07,1,2,0.77,15,8,active,0,1,1
TXN_1746,CUST_1209,9787.03,Card,customer_abandoned,107784.89,7,1,0.93,11,45,inactive,0,3,1
TXN_1747,CUST_1703,42142.47,UPI,network_error,61338.43,12,8,0.43,1,67,inactive,1,1,1
TXN_1748,CUST_2122,7952.84,UPI,card_expired,7182.56,14,2,0.95,3,33,active,0,0,1
TXN_1749,CUST_2320,12073.45,UPI,insufficient_funds,17592.43,20,3,0.93,15,5,active,0,1,1
TXN_1750,CUST_2945,33385.14,Card,card_expired,182403.8,16,5,0.35,10,49,not_applicable,1,0,1
TXN_1751,CUST_2044,2036.09,NetBanking,network_error,38167.73,0,6,0.83,17,8,active,0,4,1
TXN_1752,CUST_1073,17597.07,Card,card_expired,75985.31,18,7,0.53,0,44,not_applicable,0,4,0
TXN_1753,CUST_2805,12138.09,NetBanking,authentication_failed,42438.13,28,2,0.25,12,27,active,0,4,1
TXN_1754,CUST_1576,14055.73,NetBanking,authentication_failed,39112.74,11,8,0.5,12,20,active,1,2,1
TXN_1755,CUST_1400,12143.35,NetBanking,bank_declined,16628.71,12,1,0.36,20,36,inactive,0,3,1
TXN_1756,CUST_2235,27579.46,Wallet,card_expired,163541.88,5,1,0.96,1,49,active,0,1,0
TXN_1757,CUST_2555,30229.77,NetBanking,customer_abandoned,99174.98,21,3,0.04,18,38,inactive,1,0,0
TXN_1758,CUST_2326,19235.71,Card,authentication_failed,31293.41,28,4,0.67,6,65,active,1,0,1
TXN_1759,CUST_1443,29330.34,Card,bank_declined,117766.81,6,7,0.45,23,49,not_applicable,1,3,0
TXN_1760,CUST_1800,13321.86,Card,network_error,90277.89,15,8,0.54,19,36,not_applicable,0,0,0
TXN_1761,CUST_2262,39220.2,UPI,insufficient_funds,79566.65,27,0,0.65,19,6,active,1,0,1
TXN_1762,CUST_1621,46639.14,Wallet,network_error,77228.7,23,2,0.73,3,6,inactive,0,1,1
TXN_1763,CUST_2988,10338.84,Wallet,customer_abandoned,97929.43,28,5,0.88,2,35,inactive,0,2,1
TXN_1764,CUST_2577,46500.54,UPI,insufficient_funds,97275.58,9,2,0.49,8,58,active,0,0,1
TXN_1765,CUST_2802,40152.55,Wallet,card_expired,50146.12,0,1,0.9,2,30,inactive,1,2,0
TXN_1766,CUST_1046,47171.17,Wallet,insufficient_funds,104525.87,23,2,0.68,6,8,inactive,1,0,0
TXN_1767,CUST_1076,6637.63,Wallet,network_error,120590.48,26,7,0.03,13,22,active,0,0,1
TXN_1768,CUST_2964,7826.65,NetBanking,customer_abandoned,37401.66,9,7,0.37,6,34,active,1,1,0
TXN_1769,CUST_1480,31196.3,Wallet,insufficient_funds,15811.26,20,0,0.5,18,55,not_applicable,1,1,1
TXN_1770,CUST_2465,28741.36,UPI,bank_declined,127843.52,11,1,0.56,19,47,inactive,1,4,1
TXN_1771,CUST_1335,16846.9,NetBanking,customer_abandoned,153256.21,28,5,0.43,23,70,not_applicable,0,2,0
TXN_1772,CUST_2505,32440.3,NetBanking,network_error,4653.32,5,6,0.65,11,59,inactive,1,1,1
TXN_1773,CUST_2667,15561.37,Wallet,customer_abandoned,18073.06,17,6,0.09,11,55,active,1,1,1
TXN_1774,CUST_1681,34495.04,NetBanking,customer_abandoned,26293.42,14,7,0.36,17,87,active,0,2,1
TXN_1775,CUST_2037,41795.03,Card,authentication_failed,9688.52,10,8,0.24,20,20,not_applicable,0,1,1
TXN_1776,CUST_2688,557.36,Wallet,insufficient_funds,41078.42,26,6,0.96,3,64,not_applicable,0,4,1
TXN_1777,CUST_1212,13157.4,UPI,bank_declined,14331.23,29,8,0.03,21,21,not_applicable,0,2,0
TXN_1778,CUST_2001,44086.14,UPI,bank_declined,83766.82,23,5,0.72,17,50,not_applicable,1,1,0
TXN_1779,CUST_2181,20461.22,NetBanking,customer_abandoned,39064.2,13,1,0.52,7,81,not_applicable,1,1,0
TXN_1780,CUST_2708,40238.28,Card,customer_abandoned,14100.14,0,8,0.69,3,63,active,0,2,0
TXN_1781,CUST_1495,45382.41,Wallet,bank_declined,25373.8,26,3,0.53,17,81,active,0,0,0
TXN_1782,CUST_1033,20560.19,UPI,bank_declined,96916.99,3,3,0.07,5,87,active,0,2,1
TXN_1783,CUST_1926,16292.88,UPI,network_error,189079.37,30,5,0.28,21,51,active,1,2,1
TXN_1784,CUST_1794,33598.09,NetBanking,card_expired,33274.49,9,6,0.49,19,75,inactive,0,3,0
TXN_1785,CUST_3000,43356.08,UPI,network_error,125625.6,10,5,0.67,0,32,not_applicable,1,3,0
TXN_1786,CUST_2541,47294.25,UPI,network_error,27382.24,22,5,0.77,21,62,active,1,0,1
TXN_1787,CUST_2971,46686.3,Wallet,insufficient_funds,144271.95,15,4,0.75,17,11,active,0,0,1
TXN_1788,CUST_1931,22207.69,Wallet,customer_abandoned,123944.83,10,3,0.77,19,60,active,1,2,1
TXN_1789,CUST_2131,48122.03,Wallet,card_expired,178153.91,19,6,0.27,3,1,not_applicable,0,4,1
TXN_1790,CUST_2766,25964.36,UPI,authentication_failed,92899.49,14,1,0.31,16,23,inactive,1,4,0
TXN_1791,CUST_1794,36521.47,UPI,bank_declined,82775.65,18,1,0.63,22,66,inactive,0,3,1
TXN_1792,CUST_1600,35584.98,Card,insufficient_funds,11341.25,9,5,0.86,13,14,not_applicable,0,0,0
TXN_1793,CUST_1407,13194.56,Wallet,network_error,49111.14,7,0,0.48,12,83,active,1,0,0
TXN_1794,CUST_1619,18979.54,Card,card_expired,150195.42,10,7,0.1,7,56,not_applicable,0,0,0
TXN_1795,CUST_1336,49585.14,Card,card_expired,154317.12,23,0,0.21,14,63,inactive,1,0,1
TXN_1796,CUST_2450,11757.88,NetBanking,customer_abandoned,82502.62,17,1,0.78,13,60,active,1,3,0
TXN_1797,CUST_2141,11482.21,Wallet,insufficient_funds,184522.44,2,1,0.59,8,85,inactive,1,3,0
TXN_1798,CUST_2038,25146.59,Card,card_expired,121409.18,3,0,0.56,5,11,not_applicable,0,1,0
TXN_1799,CUST_1913,25296.15,NetBanking,authentication_failed,36105.97,8,7,0.81,2,84,active,1,0,0
TXN_1800,CUST_2146,6640.89,UPI,card_expired,153465.26,6,2,0.93,9,17,not_applicable,1,0,0
TXN_1801,CUST_1761,18513.98,UPI,authentication_failed,27967.86,25,0,0.52,3,67,not_applicable,1,4,0
TXN_1802,CUST_2086,46705.97,UPI,bank_declined,37532.35,28,2,0.25,10,31,inactive,0,1,1
TXN_1803,CUST_2359,19219.91,Wallet,network_error,159137.92,15,3,0.46,3,22,inactive,0,1,1
TXN_1804,CUST_2366,13433.77,Card,authentication_failed,102313.56,4,1,0.15,15,65,active,0,1,1
TXN_1805,CUST_2283,28330.79,Wallet,customer_abandoned,143225.76,11,3,0.94,8,52,active,1,0,0
TXN_1806,CUST_2783,47309.17,NetBanking,network_error,49698.4,0,3,0.13,21,47,inactive,1,4,0
TXN_1807,CUST_2712,44764.75,Card,customer_abandoned,194438.64,29,2,0.86,15,78,not_applicable,1,1,1
TXN_1808,CUST_1494,47376.66,NetBanking,network_error,85248.25,24,1,0.01,13,76,active,1,0,1
TXN_1809,CUST_2150,2398.85,UPI,customer_abandoned,109231.71,28,2,0.34,20,5,inactive,1,3,0
TXN_1810,CUST_1575,30697.2,Wallet,customer_abandoned,173891.42,25,5,0.66,9,68,not_applicable,1,2,0
TXN_1811,CUST_2751,40989.45,Wallet,authentication_failed,181210.85,15,6,0.12,22,75,not_applicable,0,3,0
TXN_1812,CUST_1690,14297.15,UPI,customer_abandoned,10365.18,15,5,0.67,17,66,not_applicable,0,2,1
TXN_1813,CUST_2288,8228.84,NetBanking,bank_declined,162670.32,27,4,0.85,19,65,active,1,2,0
TXN_1814,CUST_2857,13337.73,Card,authentication_failed,180886.66,6,5,0.32,9,24,inactive,1,2,0
TXN_1815,CUST_1540,2620.32,Wallet,customer_abandoned,9732.34,21,3,0.72,19,17,not_applicable,1,1,1
TXN_1816,CUST_2407,12888.99,NetBanking,customer_abandoned,38892.29,17,8,0.67,10,26,inactive,0,0,0
TXN_1817,CUST_2483,40313.97,NetBanking,customer_abandoned,16770.67,7,3,0.19,19,81,inactive,0,3,0
TXN_1818,CUST_1767,24294.45,Card,network_error,71644.03,15,4,0.32,18,58,not_applicable,1,1,0
TXN_1819,CUST_1521,32114.83,UPI,bank_declined,5663.16,3,6,0.43,17,50,active,0,1,1
TXN_1820,CUST_2662,15142.66,NetBanking,network_error,19816.71,14,8,0.76,18,35,not_applicable,1,1,1
TXN_1821,CUST_1544,28558.59,UPI,network_error,11661.74,20,7,0.14,19,13,inactive,1,3,1
TXN_1822,CUST_1641,10470.41,UPI,card_expired,101309.95,5,1,0.54,11,6,active,0,2,0
TXN_1823,CUST_1220,47426.42,NetBanking,card_expired,168650.36,25,1,0.72,23,87,inactive,0,0,1
TXN_1824,CUST_2825,5395.89,UPI,insufficient_funds,99063.49,3,5,0.16,19,35,inactive,1,1,1
TXN_1825,CUST_1472,8010.16,Card,authentication_failed,98006.1,19,4,0.36,17,45,active,0,0,0
TXN_1826,CUST_2133,6538.92,NetBanking,card_expired,86632.97,5,6,0.27,6,69,not_applicable,0,1,1
TXN_1827,CUST_1186,2125.23,NetBanking,network_error,182831.77,3,1,0.83,7,52,active,0,3,1
TXN_1828,CUST_2248,39485.6,Card,card_expired,7211.5,29,3,0.97,8,13,active,0,2,1
TXN_1829,CUST_1891,15233.72,Wallet,network_error,73154.06,6,3,0.07,3,10,inactive,1,3,1
TXN_1830,CUST_1307,2060.67,Wallet,authentication_failed,131326.52,24,6,0.44,0,69,inactive,0,3,1
TXN_1831,CUST_1894,12375.39,NetBanking,bank_declined,106885.28,0,7,0.48,16,78,inactive,1,4,0
TXN_1832,CUST_1420,3493.71,NetBanking,card_expired,39564.04,22,1,0.21,19,89,not_applicable,1,1,0
TXN_1833,CUST_2613,9538.02,Wallet,card_expired,115124.86,6,5,0.22,11,51,inactive,0,2,1
TXN_1834,CUST_2840,47115.05,Card,network_error,104180.1,19,7,0.35,0,87,not_applicable,0,0,1
TXN_1835,CUST_1926,2584.07,UPI,network_error,54431.52,18,5,0.65,11,48,active,1,3,1
TXN_1836,CUST_2483,47207.66,Wallet,network_error,79859.18,2,6,0.69,8,44,active,1,2,1
TXN_1837,CUST_2866,25677.55,NetBanking,network_error,54287.09,5,2,0.45,7,74,not_applicable,0,0,1
TXN_1838,CUST_1781,35361.46,NetBanking,insufficient_funds,188187.36,24,3,0.33,2,90,active,0,4,1
TXN_1839,CUST_2424,24865.13,UPI,bank_declined,109347.81,2,8,0.17,8,57,active,1,1,1
TXN_1840,CUST_2758,49247.96,Wallet,bank_declined,189209.17,27,2,0.2,7,52,inactive,0,4,1
TXN_1841,CUST_1136,35254.23,Card,insufficient_funds,91315.47,19,0,0.54,18,83,not_applicable,0,2,0
TXN_1842,CUST_2122,24058.73,Wallet,network_error,75268.27,28,2,0.49,7,2,active,0,0,1
TXN_1843,CUST_2582,9534.97,UPI,bank_declined,180280.64,26,2,0.67,17,15,inactive,1,1,0
TXN_1844,CUST_1312,5064.86,Card,card_expired,121230.61,25,0,0.12,10,21,inactive,0,4,0
TXN_1845,CUST_2033,26412.81,UPI,network_error,81154.32,4,2,0.59,1,60,active,0,1,1
TXN_1846,CUST_2764,21606.05,NetBanking,authentication_failed,35782.56,25,4,0.99,14,31,inactive,0,0,1
TXN_1847,CUST_2461,34403.1,Card,card_expired,65758.24,20,0,0.09,2,48,active,0,2,0
TXN_1848,CUST_1943,14384.33,Wallet,customer_abandoned,85337.83,24,6,0.65,17,69,not_applicable,1,4,0
TXN_1849,CUST_1955,40531.93,NetBanking,authentication_failed,107779.06,18,6,0.28,8,67,inactive,0,4,0
TXN_1850,CUST_2757,8208.67,Wallet,card_expired,179111.74,25,0,0.69,6,9,not_applicable,1,2,1
TXN_1851,CUST_1236,3373.48,Wallet,network_error,138432.45,12,4,0.57,11,3,inactive,1,1,1
TXN_1852,CUST_2536,18244.21,UPI,card_expired,44146.04,13,2,0.67,14,75,not_applicable,0,2,0
TXN_1853,CUST_1811,8868.19,Card,card_expired,119826.21,0,3,0.42,14,32,inactive,1,3,0
TXN_1854,CUST_2459,12781.95,Wallet,bank_declined,165201.84,28,3,0.49,14,16,inactive,0,1,1
TXN_1855,CUST_2940,15307.57,Card,customer_abandoned,37179.88,29,1,0.09,9,47,active,1,3,1
TXN_1856,CUST_2862,9892.09,Wallet,customer_abandoned,138325.0,27,6,0.39,2,76,inactive,1,4,0
TXN_1857,CUST_2129,23511.96,Wallet,insufficient_funds,74173.99,29,7,0.1,2,45,inactive,0,2,0
TXN_1858,CUST_2888,33220.34,Card,insufficient_funds,133491.1,3,2,0.29,23,71,inactive,0,0,0
TXN_1859,CUST_2043,9753.02,Card,customer_abandoned,42864.04,16,5,0.02,0,57,inactive,1,4,1
TXN_1860,CUST_1942,10614.26,NetBanking,authentication_failed,46279.24,10,4,0.28,11,6,not_applicable,0,3,0
TXN_1861,CUST_2553,31999.22,Wallet,network_error,15953.45,24,8,0.13,1,85,not_applicable,0,1,0
TXN_1862,CUST_2910,17049.06,Wallet,bank_declined,141881.62,21,7,0.56,23,81,inactive,0,1,0
TXN_1863,CUST_2560,32576.31,Card,insufficient_funds,24138.46,19,6,0.54,8,50,active,0,0,1
TXN_1864,CUST_1620,13466.89,UPI,card_expired,121196.99,6,6,0.87,18,24,inactive,0,3,1
TXN_1865,CUST_2120,30427.36,NetBanking,card_expired,81536.47,0,1,0.23,5,4,inactive,1,0,0
TXN_1866,CUST_1448,24024.8,Wallet,card_expired,74088.26,29,7,0.91,3,10,not_applicable,1,2,1
TXN_1867,CUST_2263,18734.89,NetBanking,network_error,77323.37,30,4,0.84,18,71,not_applicable,1,2,1
TXN_1868,CUST_2078,30747.03,Card,customer_abandoned,67494.46,21,8,0.82,21,35,not_applicable,0,1,1
TXN_1869,CUST_2668,43552.78,UPI,network_error,103037.23,15,4,0.4,10,65,inactive,1,3,1
TXN_1870,CUST_1105,33404.03,NetBanking,bank_declined,3540.32,3,2,0.87,17,28,active,0,3,0
TXN_1871,CUST_2853,17214.03,Card,insufficient_funds,28510.87,22,8,0.44,16,46,inactive,1,3,0
TXN_1872,CUST_2160,20241.97,NetBanking,bank_declined,136053.36,2,3,0.42,5,79,inactive,0,2,1
TXN_1873,CUST_2896,30003.95,UPI,network_error,161688.11,12,6,0.11,4,53,inactive,0,2,1
TXN_1874,CUST_2920,16908.7,NetBanking,insufficient_funds,114327.0,9,3,0.86,15,62,inactive,0,3,0
TXN_1875,CUST_1880,3721.48,Card,bank_declined,170213.22,7,2,0.21,10,20,not_applicable,1,4,0
TXN_1876,CUST_1771,27189.62,UPI,insufficient_funds,166745.83,2,1,0.13,23,1,active,1,3,0
TXN_1877,CUST_2836,27885.24,UPI,customer_abandoned,189329.35,20,2,0.41,1,0,inactive,0,0,1
TXN_1878,CUST_1273,30373.8,NetBanking,bank_declined,186159.27,21,5,0.84,21,73,active,0,1,0
TXN_1879,CUST_2828,1226.17,NetBanking,bank_declined,23458.77,3,0,0.61,18,10,active,0,1,0
TXN_1880,CUST_2616,14333.69,Card,network_error,48603.01,26,7,0.79,3,34,not_applicable,1,4,1
TXN_1881,CUST_2713,18532.19,UPI,authentication_failed,101656.04,9,2,0.56,2,59,not_applicable,1,1,1
TXN_1882,CUST_2317,17806.8,UPI,network_error,122924.18,19,3,0.59,22,36,active,1,2,1
TXN_1883,CUST_2361,32060.12,Card,customer_abandoned,52630.39,15,7,0.08,11,65,inactive,1,3,0
TXN_1884,CUST_1856,11306.66,Card,bank_declined,100539.39,21,5,0.84,6,30,inactive,0,1,0
TXN_1885,CUST_1075,39473.13,UPI,insufficient_funds,70844.15,18,1,0.4,4,13,inactive,0,1,1
TXN_1886,CUST_2480,9674.47,UPI,bank_declined,13182.11,24,5,0.59,22,40,not_applicable,0,3,1
TXN_1887,CUST_1891,8424.8,Wallet,insufficient_funds,10290.28,29,8,0.78,23,75,inactive,0,3,0
TXN_1888,CUST_2343,41499.23,UPI,bank_declined,141083.4,5,6,0.95,6,44,active,0,0,1
TXN_1889,CUST_2722,33132.29,NetBanking,network_error,93506.1,5,7,0.63,14,84,inactive,1,3,0
TXN_1890,CUST_1272,9512.75,NetBanking,customer_abandoned,102071.59,30,6,0.53,21,40,not_applicable,0,0,1
TXN_1891,CUST_2780,36802.48,Card,bank_declined,133094.53,13,1,0.11,15,42,active,0,1,0
TXN_1892,CUST_1491,25065.23,Wallet,bank_declined,178925.81,29,3,0.92,23,23,inactive,0,0,1
TXN_1893,CUST_2293,41050.01,NetBanking,customer_abandoned,8501.78,10,5,0.37,10,0,active,1,4,0
TXN_1894,CUST_1413,7490.23,Card,card_expired,149516.45,10,8,0.01,8,67,inactive,0,3,0
TXN_1895,CUST_2576,29081.76,UPI,network_error,143163.12,30,8,0.92,9,68,inactive,0,2,1
TXN_1896,CUST_1681,33621.79,UPI,network_error,79473.89,18,1,0.0,15,53,inactive,0,2,1
TXN_1897,CUST_2709,26774.27,Card,network_error,135350.85,8,4,0.42,20,4,active,1,3,1
TXN_1898,CUST_1543,26140.93,UPI,authentication_failed,15761.06,7,0,0.19,7,57,active,1,0,1
TXN_1899,CUST_1880,36273.15,UPI,insufficient_funds,179057.64,25,4,0.12,17,69,inactive,0,4,1
TXN_1900,CUST_2778,10549.4,NetBanking,authentication_failed,3344.2,21,0,1.0,15,74,active,1,0,1
TXN_1901,CUST_2751,33434.17,Card,network_error,36159.78,17,5,0.58,5,69,not_applicable,0,0,0
TXN_1902,CUST_2403,16077.04,Wallet,insufficient_funds,134380.54,10,3,0.19,15,2,active,0,2,1
TXN_1903,CUST_1346,16888.87,NetBanking,customer_abandoned,43030.44,8,6,0.31,5,54,active,0,2,0
TXN_1904,CUST_1199,45105.61,NetBanking,bank_declined,80040.19,17,8,0.25,20,8,active,0,0,1
TXN_1905,CUST_2747,16094.75,UPI,card_expired,149139.43,2,4,0.97,5,14,inactive,1,0,1
TXN_1906,CUST_2024,43065.57,Wallet,authentication_failed,113606.75,3,7,0.16,21,78,inactive,0,2,0
TXN_1907,CUST_2615,25720.38,UPI,bank_declined,130470.7,5,6,0.89,6,69,inactive,0,4,0
TXN_1908,CUST_2647,45068.76,UPI,insufficient_funds,150383.13,5,2,0.49,10,20,not_applicable,0,3,0
TXN_1909,CUST_2893,16346.5,NetBanking,insufficient_funds,196735.86,10,6,0.67,13,13,not_applicable,1,1,0
TXN_1910,CUST_1343,16398.43,Card,authentication_failed,125039.57,20,7,0.06,18,89,active,0,3,0
TXN_1911,CUST_2141,22556.21,Wallet,network_error,67205.35,10,5,0.44,6,5,active,1,1,1
TXN_1912,CUST_1007,8319.42,NetBanking,insufficient_funds,138139.53,21,5,0.51,20,43,inactive,0,2,0
TXN_1913,CUST_2765,16047.51,Wallet,insufficient_funds,118769.77,4,1,0.07,19,66,not_applicable,0,4,0
TXN_1914,CUST_1278,3754.96,Wallet,network_error,162651.15,17,8,0.75,23,43,active,0,2,1
TXN_1915,CUST_1503,35844.63,NetBanking,authentication_failed,134207.7,26,6,0.48,9,4,active,0,2,1
TXN_1916,CUST_2361,2014.24,Card,customer_abandoned,124671.42,8,6,0.78,4,35,inactive,1,0,0
TXN_1917,CUST_2997,17939.92,NetBanking,insufficient_funds,56207.92,15,4,0.64,23,38,inactive,0,0,0
TXN_1918,CUST_1583,43561.28,NetBanking,card_expired,69124.48,22,1,0.77,4,67,not_applicable,0,2,1
TXN_1919,CUST_1232,44153.54,UPI,bank_declined,106034.61,24,5,0.52,10,15,active,0,4,0
TXN_1920,CUST_2639,37490.84,UPI,card_expired,192973.41,1,4,0.07,9,70,not_applicable,0,4,0
TXN_1921,CUST_2915,46883.76,NetBanking,authentication_failed,106445.25,21,4,0.61,3,51,active,1,3,0
TXN_1922,CUST_1190,4773.51,NetBanking,bank_declined,153849.79,23,0,0.75,4,8,active,0,0,1
TXN_1923,CUST_2825,15381.34,Wallet,insufficient_funds,167730.43,15,5,0.07,12,69,active,1,1,0
TXN_1924,CUST_2210,12907.42,Card,insufficient_funds,119003.96,10,2,0.94,5,83,not_applicable,0,0,1
TXN_1925,CUST_1963,20780.05,Card,customer_abandoned,138217.31,22,2,0.34,5,87,not_applicable,0,3,0
TXN_1926,CUST_1010,49834.5,NetBanking,authentication_failed,150407.26,25,3,0.64,15,70,active,0,3,0
TXN_1927,CUST_1432,2553.13,Wallet,card_expired,7180.32,26,8,0.55,9,44,active,1,4,1
TXN_1928,CUST_1842,26915.22,NetBanking,bank_declined,168316.23,7,1,0.03,22,53,inactive,1,0,0
TXN_1929,CUST_1234,11929.81,Wallet,authentication_failed,90007.32,6,4,0.07,22,16,not_applicable,0,4,1
TXN_1930,CUST_1245,11240.44,Card,card_expired,184539.25,22,0,0.43,7,31,not_applicable,0,0,0
TXN_1931,CUST_2400,27747.51,Wallet,card_expired,186235.74,30,3,0.01,8,14,not_applicable,0,1,0
TXN_1932,CUST_2468,45162.23,UPI,customer_abandoned,28804.39,0,6,0.1,3,43,active,1,1,0
TXN_1933,CUST_1301,46690.58,UPI,bank_declined,108934.93,10,6,0.53,12,84,not_applicable,1,3,0
TXN_1934,CUST_2358,139.4,Card,customer_abandoned,162217.88,4,3,0.09,12,45,active,0,3,0
TXN_1935,CUST_2001,45739.36,NetBanking,network_error,42521.73,1,4,0.67,0,55,inactive,0,0,1
TXN_1936,CUST_2600,30227.38,UPI,customer_abandoned,33622.41,14,8,0.74,9,26,inactive,0,2,1
TXN_1937,CUST_1288,23223.21,NetBanking,bank_declined,120286.68,5,6,0.17,0,60,not_applicable,0,4,0
TXN_1938,CUST_1930,15201.75,NetBanking,bank_declined,132812.0,20,3,0.16,14,25,not_applicable,1,3,1
TXN_1939,CUST_2973,6496.58,Wallet,bank_declined,85645.94,5,7,0.25,7,56,active,0,1,1
TXN_1940,CUST_2321,13175.55,Wallet,network_error,176461.74,7,8,0.89,16,82,active,0,2,1
TXN_1941,CUST_2477,30730.91,NetBanking,authentication_failed,18455.81,8,1,0.39,8,84,not_applicable,1,3,0
TXN_1942,CUST_1041,33005.22,UPI,authentication_failed,125315.43,30,1,0.28,7,36,inactive,0,4,0
TXN_1943,CUST_2752,5237.01,Card,customer_abandoned,144085.54,15,8,0.5,0,19,active,1,4,1
TXN_1944,CUST_1859,12522.28,NetBanking,insufficient_funds,65563.21,15,3,0.33,5,13,not_applicable,1,3,0
TXN_1945,CUST_1514,17118.29,NetBanking,authentication_failed,160857.61,6,6,0.9,21,77,not_applicable,1,0,0
TXN_1946,CUST_1778,22829.53,Wallet,authentication_failed,7134.1,6,3,0.88,10,5,inactive,1,3,0
TXN_1947,CUST_2554,47243.03,Card,authentication_failed,98354.03,10,7,0.34,7,55,not_applicable,0,0,1
TXN_1948,CUST_1211,1317.11,Card,card_expired,116703.55,13,0,0.55,6,59,inactive,0,0,1
TXN_1949,CUST_2394,21501.48,Wallet,customer_abandoned,130800.54,4,3,0.73,23,27,active,1,0,1
TXN_1950,CUST_1074,46848.99,NetBanking,insufficient_funds,33740.55,29,6,0.23,3,35,not_applicable,1,1,0
TXN_1951,CUST_1191,1987.22,NetBanking,card_expired,25487.37,19,1,0.99,2,32,not_applicable,0,0,1
TXN_1952,CUST_1974,5853.52,NetBanking,authentication_failed,22291.26,5,0,0.72,15,27,inactive,1,0,1
TXN_1953,CUST_1181,12921.92,Card,authentication_failed,5160.99,8,0,0.22,13,89,inactive,1,3,0
TXN_1954,CUST_2139,5259.41,Card,insufficient_funds,86870.12,23,1,0.23,20,73,active,1,1,1
TXN_1955,CUST_1352,12749.34,Card,card_expired,188166.92,23,0,0.91,23,22,active,0,1,1
TXN_1956,CUST_1271,17785.76,NetBanking,network_error,76848.23,1,7,0.41,7,79,active,0,0,0
TXN_1957,CUST_2486,22636.79,Card,bank_declined,171489.26,20,4,0.94,21,55,active,0,1,1
TXN_1958,CUST_1970,28078.65,Wallet,insufficient_funds,19916.25,5,5,0.2,1,68,active,1,0,0
TXN_1959,CUST_1173,10389.52,Card,card_expired,175435.54,2,2,0.16,13,13,inactive,0,1,0
TXN_1960,CUST_1545,30324.39,NetBanking,network_error,138680.92,5,8,0.38,21,72,active,1,3,1
TXN_1961,CUST_1352,28459.13,Wallet,bank_declined,88462.05,10,4,0.07,19,27,not_applicable,0,1,1
TXN_1962,CUST_1831,41054.72,NetBanking,network_error,123293.66,24,8,0.83,14,11,not_applicable,0,1,1
TXN_1963,CUST_2844,6011.24,UPI,card_expired,3714.33,23,8,0.3,3,71,inactive,1,4,0
TXN_1964,CUST_2459,39533.97,Card,insufficient_funds,59854.81,16,2,0.5,17,29,active,0,0,1
TXN_1965,CUST_2041,20585.09,UPI,card_expired,47038.39,17,8,0.14,2,43,not_applicable,0,2,0
TXN_1966,CUST_1534,2861.09,NetBanking,authentication_failed,40428.02,4,2,0.01,1,54,inactive,0,1,0
TXN_1967,CUST_2644,15887.13,Card,customer_abandoned,194655.8,20,1,0.19,16,18,not_applicable,1,0,1
TXN_1968,CUST_1864,17956.27,UPI,customer_abandoned,2681.85,24,5,0.84,14,21,not_applicable,1,2,1
TXN_1969,CUST_1061,47014.97,UPI,insufficient_funds,178522.8,24,0,0.54,21,88,active,0,0,1
TXN_1970,CUST_1660,32723.52,Card,customer_abandoned,78022.95,25,1,0.65,2,88,active,1,0,1
TXN_1971,CUST_1899,2796.98,NetBanking,insufficient_funds,91988.85,25,0,0.55,23,19,inactive,1,3,1
TXN_1972,CUST_2376,5322.57,UPI,authentication_failed,164706.94,20,4,0.21,9,33,active,0,4,0
TXN_1973,CUST_2664,15898.46,Card,authentication_failed,80630.9,21,8,0.15,15,36,inactive,0,1,0
TXN_1974,CUST_1359,40101.97,NetBanking,authentication_failed,88865.27,19,0,0.49,10,48,inactive,0,4,1
TXN_1975,CUST_1890,35332.3,Wallet,insufficient_funds,98600.43,1,0,0.26,0,84,inactive,0,3,1
TXN_1976,CUST_1707,28893.32,NetBanking,insufficient_funds,45008.37,11,8,0.27,8,67,active,1,3,1
TXN_1977,CUST_2153,2302.86,UPI,card_expired,198426.35,13,2,0.13,8,65,active,1,2,0
TXN_1978,CUST_2354,19799.29,UPI,bank_declined,98951.02,9,2,0.88,18,48,not_applicable,0,4,0
TXN_1979,CUST_2462,26920.94,UPI,customer_abandoned,10810.63,15,0,0.0,13,26,active,1,4,0
TXN_1980,CUST_2753,34061.1,Wallet,authentication_failed,25131.71,11,0,0.11,19,81,not_applicable,0,1,0
TXN_1981,CUST_1132,32427.07,UPI,bank_declined,142702.33,25,0,0.18,3,50,inactive,0,4,0
TXN_1982,CUST_2874,47025.81,UPI,bank_declined,52872.61,20,4,0.85,20,22,not_applicable,1,3,0
TXN_1983,CUST_2803,38648.88,Card,authentication_failed,34597.89,6,6,0.82,22,24,not_applicable,0,3,0
TXN_1984,CUST_1548,29876.48,Card,card_expired,68103.2,21,1,0.26,4,89,inactive,1,1,1
TXN_1985,CUST_2068,25536.88,NetBanking,network_error,117466.91,9,2,0.36,0,31,inactive,0,2,1
TXN_1986,CUST_2479,18239.37,Wallet,card_expired,128560.21,3,4,0.9,8,10,inactive,0,3,0
TXN_1987,CUST_1597,19132.3,Wallet,card_expired,29032.85,11,5,0.62,9,5,active,1,1,1
TXN_1988,CUST_2476,46602.45,NetBanking,bank_declined,56495.51,17,2,0.95,9,24,not_applicable,0,0,1
TXN_1989,CUST_1962,30190.39,Wallet,bank_declined,12369.41,13,4,0.89,9,65,not_applicable,0,1,1
TXN_1990,CUST_2496,33500.48,UPI,bank_declined,166483.21,7,8,0.15,22,64,not_applicable,0,2,0
TXN_1991,CUST_1679,43956.17,Card,network_error,63671.71,19,0,0.13,21,88,inactive,0,2,1
TXN_1992,CUST_2406,29955.47,UPI,bank_declined,7163.15,7,3,0.27,6,26,inactive,0,4,0
TXN_1993,CUST_1527,21074.74,NetBanking,customer_abandoned,179124.91,3,6,0.98,23,28,active,0,0,1
TXN_1994,CUST_1193,8165.72,Wallet,authentication_failed,181264.03,14,1,0.52,17,6,not_applicable,0,1,0
TXN_1995,CUST_2215,46094.16,UPI,customer_abandoned,151736.34,21,3,0.73,15,27,active,1,2,1
TXN_1996,CUST_1462,10096.96,UPI,network_error,42990.33,27,0,0.69,23,9,active,1,2,1
TXN_1997,CUST_1797,21989.72,UPI,network_error,156618.36,30,8,0.78,13,70,not_applicable,0,0,1
TXN_1998,CUST_2866,39630.28,Card,card_expired,167885.74,26,0,0.65,0,75,active,1,3,0
TXN_1999,CUST_1229,13773.19,Card,authentication_failed,63653.39,16,0,0.12,7,88,inactive,1,3,0
TXN_2000,CUST_2304,10555.01,Wallet,bank_declined,91610.42,23,4,0.91,19,15,not_applicable,1,0,1
TXN_2001,CUST_2806,36041.37,Card,network_error,137769.32,11,5,0.1,4,7,active,1,4,1
TXN_2002,CUST_1145,28466.76,UPI,authentication_failed,73381.38,20,4,0.76,3,69,inactive,0,1,1
TXN_2003,CUST_1813,34706.14,Wallet,bank_declined,8902.53,26,0,0.84,18,17,inactive,0,1,1
TXN_2004,CUST_2669,31870.98,Card,card_expired,45026.33,19,8,0.68,4,9,active,1,2,1
TXN_2005,CUST_1686,23713.34,NetBanking,network_error,123927.66,2,1,0.46,8,4,not_applicable,1,1,0
TXN_2006,CUST_2064,24943.67,Wallet,customer_abandoned,168519.93,1,5,0.8,20,2,inactive,0,3,0
TXN_2007,CUST_2916,11581.22,Wallet,network_error,81810.34,13,0,0.83,16,88,active,0,1,1
TXN_2008,CUST_1873,26269.37,UPI,insufficient_funds,161413.25,30,3,0.35,1,66,active,1,3,0
TXN_2009,CUST_1814,12357.02,UPI,insufficient_funds,22746.61,12,2,0.79,21,58,active,1,1,1
TXN_2010,CUST_1204,13641.93,Card,card_expired,171166.77,8,5,0.35,11,6,inactive,0,3,1
TXN_2011,CUST_2171,48988.74,UPI,network_error,54386.93,20,7,0.04,13,71,not_applicable,0,4,1
TXN_2012,CUST_1431,22604.23,NetBanking,bank_declined,21049.82,23,0,0.71,3,30,inactive,0,4,1
TXN_2013,CUST_1916,43522.81,Card,bank_declined,28591.85,9,3,0.13,15,85,not_applicable,0,3,0
TXN_2014,CUST_1094,48017.29,Card,card_expired,138940.7,20,5,0.8,19,15,active,0,2,1
TXN_2015,CUST_1924,16882.01,UPI,authentication_failed,47662.32,26,0,0.48,16,47,not_applicable,0,2,1
TXN_2016,CUST_1585,31625.56,Card,insufficient_funds,52166.58,22,7,0.95,8,74,active,1,4,1
TXN_2017,CUST_2446,48286.09,Wallet,authentication_failed,3956.37,18,6,0.48,21,37,not_applicable,1,0,0
TXN_2018,CUST_2820,22511.26,NetBanking,card_expired,114562.25,17,5,0.44,18,49,not_applicable,0,1,0
TXN_2019,CUST_1676,36662.9,UPI,bank_declined,137489.38,0,8,0.83,9,72,not_applicable,0,1,0
TXN_2020,CUST_2823,30515.47,Card,insufficient_funds,117453.76,5,3,0.37,9,18,inactive,1,4,0
TXN_2021,CUST_2146,15757.73,UPI,network_error,29227.04,19,0,0.21,17,60,active,1,0,1
TXN_2022,CUST_1936,34185.17,Wallet,insufficient_funds,132484.75,20,7,0.95,5,27,inactive,0,4,1
TXN_2023,CUST_2242,2697.09,Card,bank_declined,176964.79,21,5,0.86,20,31,not_applicable,0,4,0
TXN_2024,CUST_2550,29334.57,UPI,bank_declined,195239.59,26,0,0.53,11,52,not_applicable,0,1,0
TXN_2025,CUST_2847,4243.63,Wallet,bank_declined,39019.32,0,8,0.44,4,51,not_applicable,1,4,0
TXN_2026,CUST_2385,40829.77,Card,network_error,197664.16,21,4,0.39,2,70,inactive,1,2,1
TXN_2027,CUST_1833,40078.46,UPI,card_expired,121271.76,0,8,0.2,15,54,active,0,1,0
TXN_2028,CUST_2653,37141.28,NetBanking,authentication_failed,154311.95,10,1,0.5,8,24,inactive,1,4,0
TXN_2029,CUST_1305,48689.75,Card,authentication_failed,133009.16,25,4,0.41,16,34,not_applicable,0,0,0
TXN_2030,CUST_2705,36582.04,Card,network_error,49194.51,24,3,0.17,0,0,not_applicable,1,4,1
TXN_2031,CUST_1800,14570.37,Wallet,insufficient_funds,126152.12,1,1,0.12,12,64,active,0,0,0
TXN_2032,CUST_2368,14236.5,Card,authentication_failed,1048.34,10,0,0.13,1,8,inactive,0,4,1
TXN_2033,CUST_2327,43381.0,NetBanking,insufficient_funds,47488.2,9,1,0.78,23,41,active,1,3,0
TXN_2034,CUST_2584,48548.15,Card,customer_abandoned,75347.53,16,3,0.68,18,56,not_applicable,1,1,1
TXN_2035,CUST_1103,19872.74,NetBanking,card_expired,192799.71,20,4,0.54,8,2,inactive,1,3,0
TXN_2036,CUST_2226,6101.52,NetBanking,network_error,141002.14,5,0,0.64,22,57,active,1,3,0
TXN_2037,CUST_2375,47551.97,Card,authentication_failed,5418.36,4,5,0.3,0,71,active,1,3,1
TXN_2038,CUST_2889,16114.68,Wallet,insufficient_funds,51198.31,5,1,0.53,8,2,inactive,1,0,1
TXN_2039,CUST_2987,5247.02,Card,card_expired,188661.12,6,7,0.8,7,11,active,1,2,0
TXN_2040,CUST_2464,35629.2,Card,card_expired,77606.79,11,6,0.4,3,59,not_applicable,0,3,0
TXN_2041,CUST_1021,48142.96,Card,card_expired,26204.52,21,1,0.42,2,77,active,0,3,0
TXN_2042,CUST_1230,18877.96,Card,network_error,73274.64,7,8,0.05,21,40,active,1,3,1
TXN_2043,CUST_2118,21867.1,NetBanking,network_error,39763.97,3,3,0.82,6,57,active,1,2,1
TXN_2044,CUST_1541,24370.94,UPI,customer_abandoned,60391.68,30,2,0.64,18,41,active,0,3,0
TXN_2045,CUST_1602,11876.8,UPI,insufficient_funds,146372.42,13,4,0.04,9,6,active,1,1,1
TXN_2046,CUST_2396,438.73,NetBanking,insufficient_funds,31435.69,12,7,0.07,17,13,active,1,3,1
TXN_2047,CUST_2366,14511.62,Card,card_expired,30704.33,2,0,0.24,5,81,active,1,4,1
TXN_2048,CUST_2098,26056.0,Card,insufficient_funds,73598.8,20,3,0.87,8,66,inactive,0,4,1
TXN_2049,CUST_2118,16816.93,NetBanking,customer_abandoned,42249.22,26,7,0.38,23,87,not_applicable,1,1,0
TXN_2050,CUST_2552,33897.47,Wallet,card_expired,58626.96,27,8,0.58,7,14,not_applicable,0,4,0
TXN_2051,CUST_2395,9645.33,NetBanking,network_error,82073.65,0,5,0.94,7,73,inactive,0,3,0
TXN_2052,CUST_2608,33237.3,Wallet,network_error,51762.36,21,1,0.13,14,61,not_applicable,0,3,1
TXN_2053,CUST_2763,15340.13,Wallet,card_expired,32374.54,28,6,0.17,16,18,active,1,0,1
TXN_2054,CUST_1770,890.32,Card,insufficient_funds,112004.22,21,2,0.38,5,28,not_applicable,1,2,1
TXN_2055,CUST_2380,28185.23,Card,insufficient_funds,63360.17,12,5,0.3,0,42,not_applicable,1,0,1
TXN_2056,CUST_2406,43576.72,NetBanking,network_error,39323.74,18,2,0.1,23,9,not_applicable,0,0,0
TXN_2057,CUST_2168,17559.78,Card,bank_declined,110712.16,18,6,0.36,14,76,active,1,1,1
TXN_2058,CUST_1880,29507.65,NetBanking,authentication_failed,105503.03,27,0,0.2,5,16,active,1,0,1
TXN_2059,CUST_2948,39867.68,Card,customer_abandoned,118494.79,26,8,0.1,13,76,not_applicable,1,4,0
TXN_2060,CUST_2984,35166.64,NetBanking,customer_abandoned,158747.98,4,4,0.63,19,43,not_applicable,0,0,0
TXN_2061,CUST_1580,35537.65,NetBanking,network_error,135791.03,20,8,0.02,16,58,active,1,0,1
TXN_2062,CUST_1731,16714.22,Card,card_expired,134213.0,28,8,0.22,12,57,inactive,1,1,0
TXN_2063,CUST_2104,45668.98,Card,insufficient_funds,159762.67,29,7,0.92,8,48,active,0,3,0
TXN_2064,CUST_2013,632.44,Wallet,network_error,124925.51,17,2,0.41,19,73,inactive,1,1,0
TXN_2065,CUST_2714,12665.55,Card,bank_declined,196224.87,16,3,0.61,15,4,not_applicable,1,4,1
TXN_2066,CUST_1001,4371.42,Wallet,customer_abandoned,37508.12,5,3,0.76,11,6,not_applicable,1,0,1
TXN_2067,CUST_2358,40862.21,NetBanking,network_error,3775.85,12,5,0.66,21,58,not_applicable,0,0,1
TXN_2068,CUST_2378,30613.59,UPI,card_expired,139510.25,8,8,0.34,5,43,inactive,1,2,0
TXN_2069,CUST_1373,3575.33,Wallet,network_error,118198.27,18,6,0.52,6,17,inactive,1,1,0
TXN_2070,CUST_2307,25535.8,Card,customer_abandoned,85066.71,30,2,0.4,21,68,not_applicable,1,3,0
TXN_2071,CUST_2700,16844.3,Card,card_expired,195228.01,17,1,0.87,10,51,active,1,0,1
TXN_2072,CUST_2401,29430.99,NetBanking,card_expired,169612.05,17,5,0.44,23,61,active,1,3,0
TXN_2073,CUST_1343,3818.07,Card,network_error,102568.15,30,3,0.97,22,28,inactive,1,0,1
TXN_2074,CUST_1457,3638.72,UPI,authentication_failed,38682.81,22,6,0.77,11,46,active,1,4,1
TXN_2075,CUST_1538,30922.96,Wallet,authentication_failed,129240.21,10,0,0.03,19,41,inactive,1,2,1
TXN_2076,CUST_1459,39434.93,UPI,card_expired,52547.99,9,1,0.71,21,65,not_applicable,0,0,1
TXN_2077,CUST_2871,2112.48,Wallet,authentication_failed,41026.17,15,2,0.18,1,25,not_applicable,1,4,0
TXN_2078,CUST_1483,20980.63,NetBanking,insufficient_funds,102199.24,2,5,0.48,6,50,inactive,0,2,0
TXN_2079,CUST_1601,1555.62,Wallet,insufficient_funds,121415.22,10,5,0.4,6,13,active,0,2,1
TXN_2080,CUST_2268,43360.36,Card,network_error,149601.92,15,8,0.86,3,30,inactive,1,2,1
TXN_2081,CUST_1093,6633.47,UPI,authentication_failed,139548.07,8,2,0.21,22,82,active,1,0,0
TXN_2082,CUST_1072,3343.54,NetBanking,card_expired,165236.37,14,6,0.13,19,67,active,1,4,1
TXN_2083,CUST_1123,43225.11,Card,network_error,93451.97,0,4,0.74,11,16,active,1,3,1
TXN_2084,CUST_1333,40173.47,Card,bank_declined,86929.22,17,6,0.79,13,7,inactive,1,3,0
TXN_2085,CUST_2103,47054.19,Wallet,bank_declined,97788.05,9,2,0.46,4,63,not_applicable,1,4,1
TXN_2086,CUST_1690,41096.73,NetBanking,authentication_failed,111343.33,20,5,0.18,23,75,inactive,1,2,0
TXN_2087,CUST_2613,48406.82,NetBanking,card_expired,150844.25,16,2,0.81,9,78,active,0,3,1
TXN_2088,CUST_1680,23446.19,UPI,card_expired,129677.61,29,0,0.83,1,5,active,1,2,1
TXN_2089,CUST_2309,42636.7,Card,authentication_failed,110131.79,20,3,0.2,2,30,active,0,2,1
TXN_2090,CUST_2778,14168.28,NetBanking,insufficient_funds,106640.95,6,0,0.05,10,43,inactive,0,4,0
TXN_2091,CUST_1417,40653.38,Wallet,authentication_failed,27388.19,23,2,0.23,21,12,inactive,1,2,0
TXN_2092,CUST_2743,25904.33,Wallet,network_error,152958.49,18,7,0.45,4,63,not_applicable,0,3,1
TXN_2093,CUST_1919,30955.48,Wallet,customer_abandoned,23506.85,30,4,0.16,20,52,active,0,1,1
TXN_2094,CUST_1750,19904.78,Card,bank_declined,148965.31,9,3,0.58,2,67,active,0,4,0
TXN_2095,CUST_2654,8620.94,UPI,customer_abandoned,46140.58,4,3,0.58,2,16,active,0,0,0
TXN_2096,CUST_2283,25794.88,NetBanking,authentication_failed,34964.81,2,0,0.66,12,1,active,0,3,1
TXN_2097,CUST_1537,12971.18,Wallet,card_expired,98811.33,6,8,0.98,14,44,active,0,3,0
TXN_2098,CUST_1827,29792.81,UPI,customer_abandoned,18948.94,14,2,0.61,5,44,inactive,1,2,1
TXN_2099,CUST_1533,47965.85,NetBanking,authentication_failed,143416.87,20,4,0.79,15,17,inactive,0,4,1
TXN_2100,CUST_2929,29527.48,UPI,bank_declined,90532.64,4,1,0.86,16,85,not_applicable,1,3,1
TXN_2101,CUST_2842,25001.91,Card,customer_abandoned,186375.47,3,6,0.58,1,70,active,1,0,0
TXN_2102,CUST_2321,22778.69,Wallet,card_expired,42648.26,2,7,0.0,21,27,active,1,1,0
TXN_2103,CUST_2896,25535.19,Card,insufficient_funds,76612.03,10,2,0.45,5,19,not_applicable,0,3,1
TXN_2104,CUST_2805,17578.59,Card,insufficient_funds,90984.4,23,6,0.13,10,84,not_applicable,0,2,0
TXN_2105,CUST_1483,38792.93,Card,card_expired,114565.95,28,2,0.76,10,83,inactive,0,4,0
TXN_2106,CUST_2752,28634.26,Card,bank_declined,51474.85,17,4,0.23,8,53,active,1,3,0
TXN_2107,CUST_2509,6604.0,Wallet,card_expired,62544.35,5,6,0.12,9,31,active,1,2,1
TXN_2108,CUST_2772,15500.77,NetBanking,authentication_failed,26934.47,25,7,0.2,19,14,active,1,4,0
TXN_2109,CUST_2689,3295.77,Wallet,insufficient_funds,172624.39,5,2,0.96,14,8,active,0,2,1
TXN_2110,CUST_1504,22559.75,Wallet,authentication_failed,5404.76,29,7,0.64,23,14,active,1,2,0
TXN_2111,CUST_1283,13575.92,Card,card_expired,42160.59,4,0,0.65,21,12,active,1,3,0
TXN_2112,CUST_2493,9065.0,UPI,authentication_failed,138132.71,6,2,0.57,1,5,inactive,1,4,1
TXN_2113,CUST_2660,5962.05,Wallet,authentication_failed,157347.65,16,8,0.67,18,56,inactive,0,2,0
TXN_2114,CUST_2366,34771.55,NetBanking,card_expired,88867.91,7,8,0.94,12,7,active,0,0,0
TXN_2115,CUST_1569,32177.39,NetBanking,card_expired,77014.03,29,6,0.96,20,10,not_applicable,1,0,1
TXN_2116,CUST_1942,48113.08,UPI,bank_declined,180395.68,26,2,0.27,6,73,active,0,1,0
TXN_2117,CUST_2316,49780.65,Card,customer_abandoned,51279.94,30,5,0.44,21,3,active,1,1,1
TXN_2118,CUST_1978,14817.06,NetBanking,customer_abandoned,4037.7,27,8,0.22,6,7,not_applicable,0,0,0
TXN_2119,CUST_2180,22235.63,Wallet,network_error,35049.39,2,3,0.87,21,75,inactive,0,4,0
TXN_2120,CUST_2981,4351.5,UPI,card_expired,130368.4,12,0,0.65,20,19,not_applicable,0,0,0
TXN_2121,CUST_1424,250.74,Card,insufficient_funds,50338.56,27,7,0.93,13,59,not_applicable,0,0,0
TXN_2122,CUST_1235,36057.26,UPI,insufficient_funds,153386.9,3,6,0.09,12,13,active,0,0,0
TXN_2123,CUST_1247,11655.99,UPI,network_error,37062.39,4,5,0.81,21,67,inactive,0,1,1
TXN_2124,CUST_2895,23485.72,Card,insufficient_funds,187777.07,9,3,0.19,13,48,inactive,0,4,1
TXN_2125,CUST_1027,49714.97,Card,network_error,111567.81,20,4,0.17,16,13,active,1,1,1
TXN_2126,CUST_1205,21282.19,UPI,bank_declined,62555.52,0,8,0.28,21,50,not_applicable,0,2,1
TXN_2127,CUST_2760,7752.9,UPI,authentication_failed,146932.25,21,5,0.0,4,19,not_applicable,1,3,0
TXN_2128,CUST_1263,45805.56,UPI,authentication_failed,58298.88,6,5,0.19,11,48,active,0,1,0
TXN_2129,CUST_2465,35658.81,NetBanking,card_expired,137918.07,24,7,0.32,0,12,active,1,0,0
TXN_2130,CUST_1290,47800.35,NetBanking,card_expired,184736.6,13,5,0.46,17,41,not_applicable,1,3,1
TXN_2131,CUST_1628,22670.94,Card,card_expired,85453.41,27,0,0.16,8,9,not_applicable,0,0,1
TXN_2132,CUST_1288,26917.11,Wallet,insufficient_funds,5478.36,13,1,0.44,11,78,active,1,1,0
TXN_2133,CUST_2141,34034.3,Wallet,bank_declined,127396.24,1,2,0.91,19,79,active,1,0,1
TXN_2134,CUST_1883,27896.67,Wallet,authentication_failed,157682.42,0,6,0.54,7,16,active,1,4,0
TXN_2135,CUST_2331,6898.9,UPI,bank_declined,177625.05,10,4,0.47,5,87,not_applicable,0,1,0
TXN_2136,CUST_2436,29334.02,NetBanking,insufficient_funds,135164.23,7,0,0.8,3,2,not_applicable,1,3,1
TXN_2137,CUST_2959,19962.94,Wallet,authentication_failed,103213.04,29,7,0.8,11,54,inactive,0,2,0
TXN_2138,CUST_1906,19467.26,NetBanking,bank_declined,20042.33,9,6,0.91,5,31,inactive,1,0,0
TXN_2139,CUST_1280,32445.64,NetBanking,network_error,83225.7,13,0,0.41,3,5,not_applicable,0,0,1
TXN_2140,CUST_2632,3447.98,UPI,insufficient_funds,119147.45,6,0,0.77,23,52,not_applicable,0,0,0
TXN_2141,CUST_1920,8609.47,Wallet,bank_declined,179586.39,24,1,0.66,15,20,inactive,0,4,1
TXN_2142,CUST_1026,24315.51,UPI,customer_abandoned,108864.64,21,5,0.92,14,13,active,0,0,0
TXN_2143,CUST_2995,22463.23,NetBanking,customer_abandoned,55608.11,1,7,0.39,2,25,not_applicable,0,3,0
TXN_2144,CUST_1927,14414.66,UPI,card_expired,54447.34,1,7,0.86,22,29,inactive,0,0,0
TXN_2145,CUST_2665,33912.8,NetBanking,bank_declined,35391.19,16,4,0.34,15,38,active,1,1,1
TXN_2146,CUST_1233,13571.68,Card,insufficient_funds,153915.79,0,6,0.89,5,44,not_applicable,1,3,0
TXN_2147,CUST_1872,23231.04,Wallet,authentication_failed,94594.49,8,7,0.87,0,26,active,0,2,1
TXN_2148,CUST_1407,25702.55,Card,authentication_failed,134478.69,12,2,0.85,14,32,inactive,1,3,0
TXN_2149,CUST_2685,20204.21,Card,insufficient_funds,181541.39,11,1,0.74,16,30,active,1,0,1
TXN_2150,CUST_1065,26529.26,UPI,bank_declined,70206.25,12,6,0.52,13,12,inactive,1,4,0
TXN_2151,CUST_1051,20976.32,UPI,insufficient_funds,143116.48,1,7,0.86,18,62,not_applicable,1,0,0
TXN_2152,CUST_2871,22632.2,NetBanking,insufficient_funds,82196.0,0,4,0.69,18,30,not_applicable,0,4,0
TXN_2153,CUST_2550,32048.52,NetBanking,authentication_failed,175620.36,0,5,0.42,7,85,not_applicable,0,2,1
TXN_2154,CUST_2606,49658.87,Card,insufficient_funds,22112.32,8,8,0.23,1,75,inactive,1,3,1
TXN_2155,CUST_2604,47920.55,Wallet,customer_abandoned,20443.75,7,1,0.01,6,59,not_applicable,1,0,0
TXN_2156,CUST_2666,49801.04,Wallet,network_error,36819.92,19,8,0.5,23,37,active,1,3,1
TXN_2157,CUST_2956,1118.04,UPI,card_expired,121293.31,6,7,0.28,9,6,inactive,1,4,0
TXN_2158,CUST_1545,14244.71,Card,card_expired,137664.39,26,2,0.67,10,55,active,0,4,0
TXN_2159,CUST_2371,1836.48,NetBanking,authentication_failed,82440.67,18,1,0.29,19,57,active,0,2,0
TXN_2160,CUST_1338,40038.17,Wallet,customer_abandoned,91947.77,4,0,0.61,6,59,active,1,4,0
TXN_2161,CUST_2729,41375.19,Card,insufficient_funds,85575.48,2,6,0.28,1,20,not_applicable,0,2,0
TXN_2162,CUST_1194,26855.99,UPI,card_expired,90380.49,11,8,0.44,19,64,not_applicable,1,1,0
TXN_2163,CUST_2837,35958.33,UPI,insufficient_funds,43533.6,14,0,0.2,23,68,not_applicable,1,4,0
TXN_2164,CUST_1062,11466.14,UPI,authentication_failed,117187.8,29,6,0.37,8,38,not_applicable,0,1,0
TXN_2165,CUST_2552,26904.75,UPI,network_error,41503.57,30,5,0.16,16,65,not_applicable,0,4,1
TXN_2166,CUST_1901,21742.81,NetBanking,network_error,83006.63,29,0,0.04,17,22,active,0,2,1
TXN_2167,CUST_2106,27753.07,UPI,network_error,112209.33,15,5,0.71,15,85,active,0,1,1
TXN_2168,CUST_1778,12685.93,UPI,bank_declined,162335.36,19,6,0.95,2,82,not_applicable,0,1,1
TXN_2169,CUST_2046,24932.71,Wallet,customer_abandoned,43621.07,26,4,0.06,5,76,not_applicable,1,4,0
TXN_2170,CUST_2851,7270.01,Card,network_error,142276.68,23,6,0.53,18,85,inactive,0,2,1
TXN_2171,CUST_1088,561.16,NetBanking,card_expired,161823.25,22,1,0.18,8,11,not_applicable,1,0,0
TXN_2172,CUST_1726,16912.4,Wallet,insufficient_funds,117511.7,15,8,0.32,20,31,active,1,2,1
TXN_2173,CUST_2380,11225.21,Card,bank_declined,38423.65,23,6,0.43,11,13,inactive,1,1,1
TXN_2174,CUST_1599,13263.92,UPI,authentication_failed,3401.92,29,6,0.52,22,81,inactive,1,3,0
TXN_2175,CUST_2119,48147.24,Card,customer_abandoned,118304.69,8,6,0.47,0,34,inactive,1,1,0
TXN_2176,CUST_1132,46402.24,Wallet,insufficient_funds,165847.25,4,8,0.32,10,13,inactive,0,1,0
TXN_2177,CUST_2911,13205.42,NetBanking,authentication_failed,101379.79,24,3,0.74,20,52,inactive,0,0,1
TXN_2178,CUST_2029,3483.04,Card,bank_declined,144992.56,17,6,0.81,17,89,not_applicable,0,4,0
TXN_2179,CUST_1084,33239.87,Wallet,card_expired,85891.79,8,6,0.89,15,19,not_applicable,1,4,1
TXN_2180,CUST_2179,26319.06,UPI,network_error,138609.6,0,1,0.88,2,38,active,0,0,1
TXN_2181,CUST_2201,15731.21,Card,bank_declined,150979.56,21,2,0.22,6,52,active,0,1,1
TXN_2182,CUST_1973,43299.79,Wallet,insufficient_funds,145160.05,10,2,0.4,7,5,inactive,1,4,0
TXN_2183,CUST_2046,17862.82,UPI,network_error,57536.73,10,0,0.18,5,46,inactive,1,3,0
TXN_2184,CUST_1296,12678.29,NetBanking,insufficient_funds,91379.33,19,1,0.39,13,40,not_applicable,0,1,0
TXN_2185,CUST_2427,19615.5,NetBanking,bank_declined,16916.51,0,6,0.09,12,8,inactive,1,0,0
TXN_2186,CUST_2581,30008.24,Card,customer_abandoned,84333.04,8,8,0.43,18,69,not_applicable,0,4,0
TXN_2187,CUST_2108,25875.67,UPI,network_error,101443.16,14,8,0.15,4,12,inactive,0,3,0
TXN_2188,CUST_1554,6266.27,Wallet,authentication_failed,21104.62,27,1,0.61,7,41,not_applicable,0,3,0
TXN_2189,CUST_2283,12646.36,Wallet,bank_declined,35540.86,17,6,0.96,19,84,not_applicable,0,4,1
TXN_2190,CUST_1810,11601.69,Wallet,bank_declined,66185.69,29,8,0.21,12,72,inactive,0,2,0
TXN_2191,CUST_1696,1078.57,NetBanking,bank_declined,134602.23,25,0,0.52,3,15,not_applicable,0,4,1
TXN_2192,CUST_2391,8303.19,Card,insufficient_funds,161017.74,27,7,0.79,11,31,not_applicable,1,0,1
TXN_2193,CUST_1719,19988.11,UPI,insufficient_funds,34860.38,15,1,0.25,13,87,not_applicable,0,1,1
TXN_2194,CUST_2705,27856.2,Wallet,card_expired,82870.78,13,5,0.95,7,52,not_applicable,0,0,1
TXN_2195,CUST_2054,48687.24,NetBanking,bank_declined,46897.09,11,0,0.77,12,62,active,0,0,1
TXN_2196,CUST_2216,7239.76,NetBanking,card_expired,171719.95,9,8,0.31,18,32,active,0,2,1
TXN_2197,CUST_2885,28365.54,Wallet,network_error,94879.51,21,4,0.5,23,71,not_applicable,1,3,0
TXN_2198,CUST_2018,4479.87,Wallet,insufficient_funds,133967.95,10,6,0.9,8,20,active,1,2,1
TXN_2199,CUST_1867,7118.6,NetBanking,network_error,143609.76,24,7,0.44,10,68,active,1,2,1
TXN_2200,CUST_2572,6934.64,NetBanking,card_expired,101847.24,6,8,0.13,19,3,inactive,0,1,0
TXN_2201,CUST_2755,38204.4,NetBanking,bank_declined,52394.61,25,6,0.48,12,16,not_applicable,0,3,1
TXN_2202,CUST_1689,34363.86,NetBanking,insufficient_funds,168430.0,3,6,0.41,20,42,not_applicable,1,1,1
TXN_2203,CUST_2895,2121.41,UPI,insufficient_funds,25459.33,22,6,0.2,5,23,active,0,1,1
TXN_2204,CUST_1602,42302.67,Card,network_error,69906.94,13,7,0.65,22,84,inactive,1,3,1
TXN_2205,CUST_1275,29350.5,NetBanking,authentication_failed,72091.15,2,6,0.58,0,13,active,0,2,0
TXN_2206,CUST_2452,4285.3,UPI,insufficient_funds,198567.99,11,8,0.13,8,68,not_applicable,1,0,0
TXN_2207,CUST_1012,43938.68,UPI,insufficient_funds,61065.1,15,8,0.65,12,61,not_applicable,1,4,0
TXN_2208,CUST_1261,19633.57,Card,insufficient_funds,53160.48,5,5,0.34,14,1,inactive,1,1,0
TXN_2209,CUST_2471,36048.76,Wallet,bank_declined,102795.7,27,2,0.94,20,54,active,0,0,1
TXN_2210,CUST_2883,25203.11,Card,insufficient_funds,117260.73,6,8,0.92,8,29,not_applicable,1,2,0
TXN_2211,CUST_1466,28717.63,Wallet,bank_declined,170872.36,22,6,0.24,17,6,inactive,1,1,1
TXN_2212,CUST_1754,1050.27,NetBanking,authentication_failed,146758.47,5,4,0.93,4,15,not_applicable,0,4,0
TXN_2213,CUST_1664,22007.56,NetBanking,bank_declined,9931.32,25,4,0.92,1,4,not_applicable,1,2,1
TXN_2214,CUST_1625,1546.94,NetBanking,bank_declined,138274.39,20,7,0.48,10,18,active,0,0,1
TXN_2215,CUST_1286,10792.16,Card,card_expired,13833.65,29,7,0.57,9,68,not_applicable,1,4,0
TXN_2216,CUST_2502,25336.54,UPI,network_error,163603.32,14,6,0.86,6,31,not_applicable,1,1,1
TXN_2217,CUST_2002,736.55,Card,insufficient_funds,139350.7,6,8,0.42,17,48,not_applicable,0,0,0
TXN_2218,CUST_2838,32489.12,Wallet,bank_declined,70697.09,22,0,0.92,20,69,active,0,4,1
TXN_2219,CUST_2605,33608.44,Wallet,card_expired,1867.56,26,0,0.92,8,42,not_applicable,0,0,1
TXN_2220,CUST_1791,4834.72,Card,bank_declined,67268.52,23,8,0.37,16,18,inactive,0,2,0
TXN_2221,CUST_2736,29297.57,Card,bank_declined,89139.91,0,0,0.03,22,81,not_applicable,0,4,0
TXN_2222,CUST_1141,40540.6,Wallet,network_error,138250.61,15,8,0.72,9,65,active,1,2,1
TXN_2223,CUST_1352,15617.55,NetBanking,bank_declined,20833.12,8,5,0.27,8,33,inactive,0,4,0
TXN_2224,CUST_1430,49025.49,NetBanking,customer_abandoned,99275.56,2,7,0.01,19,79,active,1,4,0
TXN_2225,CUST_1219,16171.82,UPI,customer_abandoned,116138.48,21,5,0.08,7,82,not_applicable,0,1,1
TXN_2226,CUST_2099,18317.68,Wallet,authentication_failed,182604.26,16,4,0.78,17,49,not_applicable,1,4,1
TXN_2227,CUST_2080,30375.31,Card,customer_abandoned,125729.98,19,0,0.64,9,40,inactive,0,3,0
TXN_2228,CUST_1214,27731.04,NetBanking,network_error,197296.39,21,2,0.73,8,48,active,0,0,1
TXN_2229,CUST_2765,43635.89,Wallet,customer_abandoned,43912.31,8,2,0.08,8,16,active,0,4,0
TXN_2230,CUST_1920,25752.63,Card,authentication_failed,166007.17,7,3,0.44,18,13,active,0,4,0
TXN_2231,CUST_2023,26400.84,UPI,network_error,8602.35,29,2,0.62,18,26,active,0,4,0
TXN_2232,CUST_2140,7959.28,Card,card_expired,119272.02,4,1,0.59,1,14,active,0,1,0
TXN_2233,CUST_1359,6260.83,UPI,insufficient_funds,196030.34,2,8,0.39,12,59,inactive,1,0,0
TXN_2234,CUST_1092,8649.09,UPI,authentication_failed,133852.74,26,8,0.61,21,61,not_applicable,1,0,0
TXN_2235,CUST_1022,4491.5,UPI,bank_declined,178813.38,6,5,0.39,12,11,inactive,0,1,0
TXN_2236,CUST_2838,23171.84,NetBanking,bank_declined,78623.15,20,3,0.86,20,10,not_applicable,0,3,0
TXN_2237,CUST_1565,15242.32,Wallet,authentication_failed,172923.23,20,2,0.78,6,40,inactive,1,4,1
TXN_2238,CUST_1647,12362.94,UPI,insufficient_funds,115814.87,0,3,0.27,23,2,inactive,1,1,1
TXN_2239,CUST_1007,365.68,NetBanking,bank_declined,113399.01,30,5,0.34,23,75,inactive,1,0,0
TXN_2240,CUST_1678,32280.83,UPI,customer_abandoned,170445.41,1,6,0.61,13,85,inactive,1,2,1
TXN_2241,CUST_1188,13303.4,UPI,insufficient_funds,104380.87,28,6,0.45,11,38,active,0,1,1
TXN_2242,CUST_1577,27884.93,UPI,network_error,132643.34,17,5,0.59,3,51,not_applicable,1,4,1
TXN_2243,CUST_1961,28609.84,UPI,authentication_failed,14283.3,19,0,0.12,11,71,active,1,3,0
TXN_2244,CUST_2122,13821.46,Card,bank_declined,16849.38,17,2,0.43,12,68,not_applicable,1,1,1
TXN_2245,CUST_1795,16504.42,Wallet,insufficient_funds,144366.31,16,3,0.64,17,55,not_applicable,0,3,0
TXN_2246,CUST_2083,37768.14,Wallet,authentication_failed,130090.31,2,5,0.64,0,47,not_applicable,1,1,0
TXN_2247,CUST_1743,668.34,Wallet,insufficient_funds,139604.93,18,7,0.38,12,2,not_applicable,0,1,1
TXN_2248,CUST_1045,40917.44,UPI,card_expired,117951.2,13,5,0.25,14,80,not_applicable,0,3,0
TXN_2249,CUST_1030,17085.2,NetBanking,insufficient_funds,95837.02,17,0,0.3,18,47,active,0,3,1
TXN_2250,CUST_1739,8351.98,NetBanking,authentication_failed,195564.85,10,1,0.11,14,62,inactive,1,0,1
TXN_2251,CUST_2374,45687.54,Card,network_error,105546.74,9,6,0.72,19,23,active,0,4,0
TXN_2252,CUST_2378,31538.73,Card,bank_declined,68774.61,2,6,0.3,4,55,inactive,0,1,0
TXN_2253,CUST_1288,24956.67,Wallet,bank_declined,116327.74,16,1,0.29,14,6,not_applicable,1,2,1
TXN_2254,CUST_1545,4286.51,Card,insufficient_funds,11403.0,26,8,0.25,11,87,inactive,1,3,0
TXN_2255,CUST_2706,5278.36,UPI,bank_declined,162772.75,13,8,0.04,4,0,not_applicable,0,1,1
TXN_2256,CUST_2729,13700.63,NetBanking,network_error,174437.59,26,0,0.48,22,73,active,0,0,1
TXN_2257,CUST_2294,25930.18,Wallet,card_expired,77009.65,29,5,0.56,13,35,active,1,1,0
TXN_2258,CUST_1432,49849.83,Card,bank_declined,85685.62,27,7,0.35,5,64,active,1,2,0
TXN_2259,CUST_1010,18258.58,UPI,insufficient_funds,166821.59,15,8,0.45,20,66,active,0,2,0
TXN_2260,CUST_2468,5461.92,Wallet,card_expired,169377.72,2,2,0.74,13,9,inactive,1,0,1
TXN_2261,CUST_1986,7349.77,UPI,insufficient_funds,63942.18,25,5,0.98,17,82,not_applicable,0,0,1
TXN_2262,CUST_1237,22860.75,NetBanking,insufficient_funds,6974.02,19,2,0.4,14,13,not_applicable,0,2,1
TXN_2263,CUST_1380,47660.92,Wallet,insufficient_funds,103830.47,23,0,0.82,23,46,active,1,0,1
TXN_2264,CUST_2681,2135.17,Card,card_expired,63686.65,1,0,0.58,14,9,inactive,1,0,1
TXN_2265,CUST_1009,42970.6,Wallet,bank_declined,46442.77,28,1,0.22,16,73,inactive,1,2,1
TXN_2266,CUST_1464,46132.69,Card,authentication_failed,170680.56,16,7,0.77,13,75,not_applicable,0,3,0
TXN_2267,CUST_1705,25268.6,Card,authentication_failed,93402.02,8,4,0.25,15,14,inactive,0,4,0
TXN_2268,CUST_2624,1621.78,Card,network_error,27230.26,6,4,0.89,17,10,active,0,0,1
TXN_2269,CUST_1528,21201.13,NetBanking,insufficient_funds,103912.92,4,5,0.37,17,84,not_applicable,1,1,1
TXN_2270,CUST_2402,39230.94,Card,insufficient_funds,152893.75,14,4,0.72,6,46,inactive,1,4,1
TXN_2271,CUST_2564,16964.7,Card,bank_declined,94499.24,27,2,0.33,13,67,active,1,2,0
TXN_2272,CUST_2117,16534.74,Wallet,insufficient_funds,28508.19,23,6,0.4,14,24,not_applicable,0,2,1
TXN_2273,CUST_2824,11371.48,NetBanking,authentication_failed,122819.57,16,3,0.43,17,38,active,1,1,1
TXN_2274,CUST_1783,24445.04,NetBanking,network_error,140730.7,29,2,0.51,17,6,inactive,1,0,0
TXN_2275,CUST_1912,14517.96,Wallet,bank_declined,18163.59,22,0,0.94,12,46,inactive,1,2,1
TXN_2276,CUST_1163,28862.64,NetBanking,network_error,158608.62,5,3,0.32,18,23,not_applicable,0,4,1
TXN_2277,CUST_1069,6857.4,NetBanking,bank_declined,58967.46,3,0,0.14,15,80,not_applicable,1,0,1
TXN_2278,CUST_2364,11210.2,UPI,card_expired,143763.31,3,1,0.94,3,59,not_applicable,1,0,1
TXN_2279,CUST_2230,27047.46,UPI,card_expired,92745.68,10,4,0.33,22,56,not_applicable,1,0,1
TXN_2280,CUST_2406,30180.1,Card,card_expired,197212.32,20,0,0.94,12,79,inactive,0,2,0
TXN_2281,CUST_2674,44467.61,NetBanking,customer_abandoned,94101.99,30,1,0.66,21,22,active,0,1,0
TXN_2282,CUST_1373,19708.24,Wallet,bank_declined,192390.73,25,5,0.42,1,1,active,1,0,0
TXN_2283,CUST_1161,35519.26,NetBanking,insufficient_funds,190167.81,10,3,0.24,23,23,inactive,1,3,1
TXN_2284,CUST_2297,26088.7,NetBanking,insufficient_funds,54442.87,14,4,0.78,1,63,active,1,1,1
TXN_2285,CUST_2729,33082.59,Card,network_error,65257.31,19,8,0.48,1,45,not_applicable,1,0,0
TXN_2286,CUST_2870,20305.05,Card,customer_abandoned,40476.14,24,1,0.96,1,1,inactive,1,4,1
TXN_2287,CUST_1442,36722.63,NetBanking,customer_abandoned,82798.39,0,3,0.36,22,74,active,0,2,0
TXN_2288,CUST_1713,20518.91,Card,insufficient_funds,109291.84,28,3,0.54,13,5,not_applicable,1,0,1
TXN_2289,CUST_1147,6825.81,NetBanking,customer_abandoned,99719.02,19,1,0.17,7,83,inactive,0,4,0
TXN_2290,CUST_1735,46639.02,NetBanking,card_expired,121385.05,29,5,0.66,21,72,inactive,0,0,0
TXN_2291,CUST_1740,45458.15,Wallet,insufficient_funds,127948.17,1,0,0.77,13,62,not_applicable,0,0,1
TXN_2292,CUST_1814,48004.59,Wallet,authentication_failed,164271.8,1,1,0.85,17,49,not_applicable,1,3,0
TXN_2293,CUST_1538,13621.06,UPI,customer_abandoned,57839.69,28,3,0.27,15,64,inactive,0,1,0
TXN_2294,CUST_2356,1691.05,Card,authentication_failed,16143.9,27,4,0.27,9,74,not_applicable,1,1,0
TXN_2295,CUST_1042,11669.79,UPI,network_error,159790.69,15,7,0.56,12,20,inactive,1,0,1
TXN_2296,CUST_1446,21523.21,Card,customer_abandoned,82169.1,11,0,0.11,2,63,active,1,2,0
TXN_2297,CUST_1522,35134.65,Card,network_error,144457.75,5,4,0.73,3,58,not_applicable,1,1,1
TXN_2298,CUST_2192,47700.65,UPI,customer_abandoned,163027.54,5,2,0.9,7,28,inactive,1,0,1
TXN_2299,CUST_1142,46699.55,UPI,customer_abandoned,162147.92,25,0,0.84,18,5,not_applicable,1,0,1
TXN_2300,CUST_1729,36965.02,Card,insufficient_funds,192023.42,20,8,0.68,17,52,not_applicable,1,1,1
TXN_2301,CUST_1028,47286.92,Card,insufficient_funds,89144.49,2,6,0.6,12,56,active,0,4,0
TXN_2302,CUST_2899,46649.03,UPI,bank_declined,16140.86,28,5,0.5,14,42,not_applicable,1,2,1
TXN_2303,CUST_2755,39616.14,Card,insufficient_funds,117020.71,5,6,0.91,9,21,inactive,0,1,1
TXN_2304,CUST_2952,3309.53,Card,network_error,81071.74,21,2,0.02,0,88,active,1,2,1
TXN_2305,CUST_1724,26889.72,Card,insufficient_funds,182248.19,8,7,0.85,14,3,not_applicable,0,0,0
TXN_2306,CUST_2858,4742.22,Wallet,insufficient_funds,118264.2,2,5,0.53,5,28,not_applicable,0,1,0
TXN_2307,CUST_1387,44982.71,Wallet,customer_abandoned,185545.92,30,2,0.4,3,82,not_applicable,0,0,0
TXN_2308,CUST_1722,19259.05,UPI,authentication_failed,147626.55,18,7,0.48,23,0,not_applicable,1,4,0
TXN_2309,CUST_1193,46403.92,Wallet,insufficient_funds,91365.22,24,1,0.73,16,55,active,1,2,1
TXN_2310,CUST_2126,1042.16,UPI,customer_abandoned,21005.54,18,5,0.5,18,59,not_applicable,1,1,1
TXN_2311,CUST_2441,16803.29,UPI,network_error,139402.2,17,8,0.7,1,90,active,1,1,1
TXN_2312,CUST_1980,24676.84,Card,insufficient_funds,183062.34,17,6,0.49,19,19,not_applicable,1,1,0
TXN_2313,CUST_2645,10049.1,NetBanking,bank_declined,62223.36,30,4,0.04,1,84,active,0,1,1
TXN_2314,CUST_2479,12501.93,Wallet,card_expired,61526.9,0,0,0.77,5,70,active,1,4,0
TXN_2315,CUST_1261,12185.58,Card,card_expired,34642.49,21,2,0.77,1,32,active,1,2,1
TXN_2316,CUST_1997,22742.31,NetBanking,customer_abandoned,101879.09,6,2,0.69,23,67,not_applicable,0,0,1
TXN_2317,CUST_1863,40554.96,NetBanking,authentication_failed,9905.54,19,3,0.3,22,1,not_applicable,0,0,0
TXN_2318,CUST_1261,7386.24,UPI,customer_abandoned,58546.47,6,0,0.31,8,89,active,0,1,1
TXN_2319,CUST_1267,33218.85,Wallet,network_error,76839.0,11,2,0.72,22,13,active,1,1,1
TXN_2320,CUST_1084,14585.16,Card,authentication_failed,108696.42,2,6,0.02,10,6,inactive,1,3,0
TXN_2321,CUST_1403,20956.68,UPI,customer_abandoned,188639.63,26,0,0.72,11,76,active,1,3,1
TXN_2322,CUST_1941,42331.27,NetBanking,network_error,146727.85,28,1,0.61,19,68,active,0,0,1
TXN_2323,CUST_2400,20265.08,UPI,customer_abandoned,45078.71,5,1,0.51,13,87,not_applicable,0,3,0
TXN_2324,CUST_1611,26962.49,Wallet,authentication_failed,113449.68,1,2,0.95,18,67,active,0,0,0
TXN_2325,CUST_1539,43798.28,Card,customer_abandoned,160481.95,17,4,0.94,2,79,inactive,1,1,1
TXN_2326,CUST_1308,13329.65,UPI,card_expired,99516.13,30,1,0.85,13,62,active,0,2,1
TXN_2327,CUST_1831,37426.93,NetBanking,network_error,28653.02,26,6,0.25,14,5,inactive,0,3,1
TXN_2328,CUST_2904,8320.23,Card,insufficient_funds,70919.83,18,8,0.26,12,46,inactive,0,2,0
TXN_2329,CUST_2190,35445.37,NetBanking,bank_declined,74201.59,9,0,0.56,14,55,inactive,0,2,0
TXN_2330,CUST_2238,40270.38,Card,customer_abandoned,74607.84,7,6,0.65,11,1,inactive,1,1,0
TXN_2331,CUST_1929,10562.08,Card,card_expired,177050.32,27,2,0.62,12,17,inactive,0,0,1
TXN_2332,CUST_1605,9198.53,Card,bank_declined,188517.89,6,6,0.76,21,17,not_applicable,1,4,0
TXN_2333,CUST_2424,16951.77,NetBanking,bank_declined,162125.18,21,2,0.7,3,86,not_applicable,0,4,0
TXN_2334,CUST_2505,22115.94,Wallet,authentication_failed,143578.78,30,1,0.39,23,79,inactive,0,1,0
TXN_2335,CUST_2483,31670.58,NetBanking,customer_abandoned,195226.77,2,6,0.31,8,28,active,1,1,0
TXN_2336,CUST_2817,33732.67,Card,customer_abandoned,108759.75,30,4,0.84,14,23,inactive,0,2,0
TXN_2337,CUST_2088,3009.03,Card,card_expired,199685.83,7,4,0.75,6,4,not_applicable,0,0,0
TXN_2338,CUST_1161,32594.77,NetBanking,customer_abandoned,171400.74,16,7,0.11,12,3,inactive,1,2,0
TXN_2339,CUST_2768,43833.41,Wallet,customer_abandoned,41129.39,12,4,0.08,15,42,inactive,1,4,1
TXN_2340,CUST_2458,41790.76,NetBanking,customer_abandoned,33367.79,24,5,0.85,6,46,active,1,2,0
TXN_2341,CUST_2155,26052.13,Wallet,bank_declined,166219.79,12,6,0.42,23,76,not_applicable,1,0,0
TXN_2342,CUST_1882,14314.15,Card,bank_declined,101527.64,4,1,0.53,5,43,inactive,1,0,1
TXN_2343,CUST_2096,39588.5,UPI,authentication_failed,116691.94,10,4,0.78,16,11,inactive,0,3,0
TXN_2344,CUST_2220,2598.22,Card,bank_declined,174853.13,25,5,0.08,18,48,inactive,1,3,0
TXN_2345,CUST_1372,34796.42,UPI,card_expired,82480.14,0,7,0.88,8,17,active,1,4,0
TXN_2346,CUST_1243,692.38,NetBanking,card_expired,60830.47,12,1,0.58,9,6,not_applicable,1,4,0
TXN_2347,CUST_2195,26790.15,Card,card_expired,175443.03,25,2,0.91,13,14,inactive,1,2,1
TXN_2348,CUST_1437,23160.81,UPI,network_error,110279.66,18,6,0.95,7,84,inactive,0,0,0
TXN_2349,CUST_2968,11846.82,UPI,insufficient_funds,145668.99,17,1,0.38,15,67,inactive,0,1,1
TXN_2350,CUST_2908,561.7,UPI,insufficient_funds,92652.64,11,8,0.49,14,11,not_applicable,1,2,0
TXN_2351,CUST_1320,34377.68,Card,bank_declined,59506.67,26,4,0.56,23,22,inactive,1,2,1
TXN_2352,CUST_1546,8440.0,Wallet,insufficient_funds,82027.57,3,7,0.23,6,82,active,0,4,0
TXN_2353,CUST_1841,10021.54,NetBanking,customer_abandoned,102172.79,26,2,0.16,7,56,inactive,1,1,0
TXN_2354,CUST_2182,37721.49,Wallet,network_error,22968.45,21,5,0.47,13,24,active,1,0,1
TXN_2355,CUST_1228,29949.3,NetBanking,insufficient_funds,53616.46,20,0,0.53,20,89,inactive,0,3,0
TXN_2356,CUST_2909,46225.28,UPI,insufficient_funds,110267.56,29,5,0.58,10,83,not_applicable,0,0,0
TXN_2357,CUST_1051,47459.07,Card,network_error,155660.0,27,2,0.29,23,16,active,1,1,1
TXN_2358,CUST_1654,21676.58,Wallet,customer_abandoned,165904.76,27,3,0.82,3,54,active,1,1,1
TXN_2359,CUST_2981,35086.94,UPI,card_expired,58837.95,24,6,0.3,16,80,not_applicable,0,3,0
TXN_2360,CUST_1336,36305.86,UPI,card_expired,46735.38,3,3,0.0,12,79,inactive,1,1,1
TXN_2361,CUST_2061,8642.12,Wallet,card_expired,21792.0,29,0,0.24,19,82,active,1,1,1
TXN_2362,CUST_1704,23847.73,Card,customer_abandoned,9869.44,11,5,0.97,21,87,active,0,1,0
TXN_2363,CUST_1346,16227.38,Card,customer_abandoned,64420.75,22,7,0.45,7,89,not_applicable,0,4,0
TXN_2364,CUST_2235,7404.02,Card,insufficient_funds,38597.03,9,5,0.86,15,88,not_applicable,0,2,0
TXN_2365,CUST_1461,19071.73,Card,card_expired,174383.1,13,6,0.66,2,64,inactive,0,3,0
TXN_2366,CUST_1813,34216.61,UPI,insufficient_funds,4916.96,17,7,0.74,1,65,active,1,4,1
TXN_2367,CUST_2019,40677.79,UPI,authentication_failed,190972.89,25,2,0.93,6,48,active,0,0,0
TXN_2368,CUST_2006,25657.28,UPI,card_expired,72668.28,12,1,0.47,11,82,not_applicable,0,4,1
TXN_2369,CUST_2388,44211.49,Card,customer_abandoned,42190.27,2,7,0.92,21,80,inactive,1,4,1
TXN_2370,CUST_2760,48944.92,NetBanking,network_error,176170.1,15,3,0.28,10,56,inactive,0,1,1
TXN_2371,CUST_1429,5700.83,Card,customer_abandoned,58953.44,4,2,0.61,5,65,active,0,4,1
TXN_2372,CUST_1598,44972.59,NetBanking,card_expired,125126.92,11,8,0.01,21,72,active,0,1,0
TXN_2373,CUST_2503,5076.34,NetBanking,network_error,73301.57,1,6,0.5,5,79,inactive,0,2,0
TXN_2374,CUST_2343,17489.05,UPI,network_error,36656.76,7,7,0.65,7,8,not_applicable,0,4,0
TXN_2375,CUST_1113,24816.35,NetBanking,network_error,86110.67,21,7,0.96,8,13,active,0,3,1
TXN_2376,CUST_2370,25881.55,NetBanking,card_expired,147467.46,27,8,0.56,9,15,not_applicable,1,1,1
TXN_2377,CUST_1027,18960.62,UPI,card_expired,93271.49,24,6,0.09,5,51,not_applicable,0,4,0
TXN_2378,CUST_2606,14481.78,NetBanking,customer_abandoned,32901.5,12,3,0.54,18,60,not_applicable,1,3,0
TXN_2379,CUST_1129,3885.99,NetBanking,customer_abandoned,139944.88,8,7,0.62,1,46,inactive,1,4,0
TXN_2380,CUST_1148,23524.8,Card,customer_abandoned,144344.26,21,1,0.53,11,11,inactive,1,0,1
TXN_2381,CUST_1158,16184.69,NetBanking,bank_declined,122468.38,13,4,0.94,0,72,not_applicable,0,4,0
TXN_2382,CUST_2476,3829.82,Wallet,authentication_failed,92676.31,6,5,0.89,14,70,inactive,1,1,0
TXN_2383,CUST_1123,49444.9,Wallet,insufficient_funds,189864.81,25,2,0.08,0,32,active,1,1,0
TXN_2384,CUST_2365,18220.32,UPI,insufficient_funds,169097.12,19,7,0.42,3,17,not_applicable,0,1,0
TXN_2385,CUST_1629,31748.73,UPI,card_expired,155121.01,18,3,0.03,22,55,not_applicable,1,3,0
TXN_2386,CUST_2089,9417.98,Wallet,network_error,69843.95,1,8,0.35,15,27,active,0,3,0
TXN_2387,CUST_2004,16773.41,Wallet,card_expired,22364.86,2,2,0.15,4,56,not_applicable,1,0,0
TXN_2388,CUST_1942,23565.43,NetBanking,customer_abandoned,190935.09,18,8,0.12,17,79,inactive,1,2,1
TXN_2389,CUST_1485,36694.74,Card,customer_abandoned,127862.26,21,4,0.65,6,14,not_applicable,0,3,1
TXN_2390,CUST_1673,5435.3,NetBanking,card_expired,101446.11,0,8,0.7,21,74,not_applicable,1,1,0
TXN_2391,CUST_1477,41655.68,UPI,card_expired,15382.07,1,2,0.69,3,75,active,1,0,1
TXN_2392,CUST_2586,19020.13,NetBanking,network_error,68714.72,25,6,0.62,8,36,not_applicable,1,2,0
TXN_2393,CUST_1982,24859.18,UPI,customer_abandoned,165119.91,1,0,0.4,4,53,not_applicable,1,3,0
TXN_2394,CUST_1627,3169.14,NetBanking,authentication_failed,11215.54,21,6,0.38,15,51,inactive,1,4,0
TXN_2395,CUST_1921,35925.06,NetBanking,insufficient_funds,148821.48,13,3,0.05,12,44,inactive,0,2,1
TXN_2396,CUST_2756,13785.67,NetBanking,insufficient_funds,109974.78,0,6,0.14,7,45,inactive,0,3,0
TXN_2397,CUST_1407,47195.07,UPI,authentication_failed,161036.38,23,6,0.18,8,72,inactive,0,3,0
TXN_2398,CUST_1903,17845.54,UPI,insufficient_funds,158409.81,28,5,0.51,4,72,not_applicable,1,1,0
TXN_2399,CUST_1657,36975.7,Card,insufficient_funds,79980.71,22,5,0.26,18,59,not_applicable,0,1,0
TXN_2400,CUST_1753,24938.05,NetBanking,insufficient_funds,69279.99,5,8,0.24,5,59,inactive,0,3,0
TXN_2401,CUST_1613,1056.73,Card,insufficient_funds,154727.07,27,5,0.17,19,37,not_applicable,1,4,0
TXN_2402,CUST_1805,32719.56,NetBanking,bank_declined,155013.29,13,6,0.81,7,38,inactive,1,2,1
TXN_2403,CUST_2526,10347.87,Card,bank_declined,147708.31,22,4,0.7,2,39,not_applicable,0,3,1
TXN_2404,CUST_2166,45180.05,Card,authentication_failed,21769.92,7,4,0.98,8,74,inactive,1,1,1
TXN_2405,CUST_2177,34426.14,NetBanking,network_error,187811.23,8,0,0.72,16,86,not_applicable,0,1,1
TXN_2406,CUST_1459,22163.59,UPI,authentication_failed,15229.1,10,8,0.39,13,16,not_applicable,1,1,1
TXN_2407,CUST_2178,19383.52,NetBanking,insufficient_funds,66728.54,7,2,0.6,3,1,not_applicable,1,1,1
TXN_2408,CUST_1125,2474.4,Card,insufficient_funds,77708.62,27,7,0.16,1,61,inactive,1,4,0
TXN_2409,CUST_1712,5375.66,Card,bank_declined,133296.74,20,6,0.29,11,43,inactive,0,1,0
TXN_2410,CUST_1076,46823.99,Card,insufficient_funds,4686.39,1,4,0.44,8,72,inactive,1,3,0
TXN_2411,CUST_2902,24231.29,UPI,card_expired,100708.43,23,3,0.32,18,6,active,0,2,1
TXN_2412,CUST_1218,18881.74,Card,insufficient_funds,134780.33,6,7,0.78,10,50,inactive,1,1,1
TXN_2413,CUST_1677,29532.74,NetBanking,customer_abandoned,40922.66,21,7,0.29,0,71,inactive,0,4,0
TXN_2414,CUST_2248,12539.84,Card,insufficient_funds,45752.47,8,5,0.52,17,38,active,1,2,1
TXN_2415,CUST_1812,47252.88,Wallet,card_expired,39918.56,2,1,0.64,7,69,not_applicable,1,0,1
TXN_2416,CUST_2812,28056.05,Card,bank_declined,51745.73,28,2,0.26,6,52,active,0,0,1
TXN_2417,CUST_2757,15341.67,Card,card_expired,149176.13,9,7,0.05,9,23,inactive,1,1,0
TXN_2418,CUST_2343,35341.0,UPI,insufficient_funds,156747.66,9,3,0.46,21,57,not_applicable,1,4,0
TXN_2419,CUST_2518,19458.81,Wallet,authentication_failed,32822.74,26,0,0.4,1,70,not_applicable,1,1,1
TXN_2420,CUST_2165,47407.86,NetBanking,network_error,14681.44,24,0,0.51,4,83,active,1,3,1
TXN_2421,CUST_2821,25464.75,NetBanking,insufficient_funds,5771.11,14,4,0.31,6,4,inactive,0,2,0
TXN_2422,CUST_1119,27741.69,Card,card_expired,90665.92,17,5,0.29,1,20,active,1,3,0
TXN_2423,CUST_1800,19216.76,NetBanking,card_expired,167278.57,14,5,0.97,23,20,active,0,1,1
TXN_2424,CUST_2065,19728.31,Card,authentication_failed,169463.6,25,3,0.43,0,17,active,0,2,1
TXN_2425,CUST_1821,11623.99,UPI,card_expired,148957.0,6,0,0.53,7,2,active,0,2,1
TXN_2426,CUST_1836,39058.56,Wallet,network_error,43785.95,2,1,0.72,21,54,inactive,1,0,0
TXN_2427,CUST_1896,17370.75,Wallet,card_expired,35349.21,24,7,0.0,19,78,inactive,1,1,0
TXN_2428,CUST_2840,17686.39,UPI,card_expired,111427.06,8,5,0.19,6,7,active,0,1,1
TXN_2429,CUST_2504,12961.99,NetBanking,network_error,46059.49,5,3,0.48,0,27,inactive,0,0,1
TXN_2430,CUST_1260,10832.75,NetBanking,network_error,55100.28,2,0,0.17,2,58,not_applicable,0,1,0
TXN_2431,CUST_2355,38527.44,Card,bank_declined,93003.37,1,5,0.71,1,56,not_applicable,1,2,1
TXN_2432,CUST_2352,6999.95,Wallet,customer_abandoned,193269.43,24,1,0.82,15,82,not_applicable,1,2,1
TXN_2433,CUST_2689,9389.64,NetBanking,network_error,26006.57,3,2,0.14,8,6,inactive,1,4,1
TXN_2434,CUST_1465,23535.75,Wallet,card_expired,156803.9,25,7,0.75,20,18,inactive,0,1,0
TXN_2435,CUST_1318,34349.69,NetBanking,authentication_failed,4652.79,1,5,0.31,12,50,not_applicable,1,2,0
TXN_2436,CUST_2873,566.31,Card,card_expired,7562.41,15,3,0.85,20,24,inactive,0,1,1
TXN_2437,CUST_1204,13341.95,Card,insufficient_funds,137904.61,2,0,0.79,3,67,inactive,0,1,1
TXN_2438,CUST_2427,1898.27,NetBanking,customer_abandoned,186623.05,17,6,0.35,23,78,active,0,3,0
TXN_2439,CUST_2751,24643.66,UPI,network_error,153925.09,9,0,0.22,20,28,not_applicable,0,2,1
TXN_2440,CUST_1212,12211.48,NetBanking,customer_abandoned,198342.94,11,2,0.2,19,40,not_applicable,0,3,0
TXN_2441,CUST_1208,46270.71,Card,card_expired,30232.42,4,7,0.97,12,32,active,0,4,1
TXN_2442,CUST_1930,44240.14,Card,card_expired,43696.75,0,5,0.63,9,19,active,0,3,0
TXN_2443,CUST_1360,49302.79,Wallet,customer_abandoned,36904.34,10,4,0.77,18,82,inactive,0,1,1
TXN_2444,CUST_2515,8863.76,UPI,customer_abandoned,84854.01,17,3,0.79,6,37,inactive,1,3,0
TXN_2445,CUST_2796,26922.4,UPI,bank_declined,199036.72,16,8,0.4,15,65,not_applicable,1,0,1
TXN_2446,CUST_1554,18325.69,Wallet,insufficient_funds,79164.34,25,2,0.7,0,47,not_applicable,1,4,0
TXN_2447,CUST_2401,27163.71,NetBanking,insufficient_funds,153911.59,19,5,0.09,6,87,inactive,1,2,0
TXN_2448,CUST_2277,25156.37,Card,network_error,4982.33,13,3,0.25,5,76,not_applicable,1,3,1
TXN_2449,CUST_1477,846.56,NetBanking,card_expired,53644.71,14,7,0.51,15,40,active,0,2,1
TXN_2450,CUST_2161,46295.01,Card,insufficient_funds,129423.78,13,1,0.41,12,44,not_applicable,0,1,0
TXN_2451,CUST_2657,39265.66,Card,insufficient_funds,40801.78,20,5,0.13,18,20,active,1,0,0
TXN_2452,CUST_1146,28038.17,NetBanking,network_error,158145.05,6,0,0.74,4,75,inactive,1,4,0
TXN_2453,CUST_1823,49320.47,Card,network_error,107184.36,7,7,0.11,21,19,not_applicable,1,1,1
TXN_2454,CUST_2693,12667.48,NetBanking,customer_abandoned,155683.13,24,2,0.96,1,55,inactive,0,2,1
TXN_2455,CUST_2358,29841.91,NetBanking,authentication_failed,92616.85,16,0,0.36,20,85,not_applicable,1,0,0
TXN_2456,CUST_1398,31855.0,Card,customer_abandoned,150503.35,3,3,0.68,20,68,active,0,2,0
TXN_2457,CUST_2175,24749.96,Card,customer_abandoned,158536.37,27,2,0.48,2,82,active,0,1,1
TXN_2458,CUST_1193,38579.69,Card,insufficient_funds,132591.8,11,4,0.41,16,84,active,1,4,0
TXN_2459,CUST_1314,8212.1,Wallet,authentication_failed,199107.77,13,8,0.12,15,51,inactive,0,0,0
TXN_2460,CUST_2563,44511.94,UPI,authentication_failed,49745.75,10,4,0.73,17,68,active,1,2,0
TXN_2461,CUST_1625,42963.42,Card,customer_abandoned,198327.25,0,0,0.29,12,22,not_applicable,1,3,0
TXN_2462,CUST_2307,5858.45,Wallet,card_expired,81955.05,26,5,0.85,16,41,not_applicable,1,3,0
TXN_2463,CUST_1577,29595.66,Wallet,customer_abandoned,101250.92,9,1,0.65,19,55,not_applicable,0,1,1
TXN_2464,CUST_1606,2881.2,Card,insufficient_funds,115218.34,19,2,0.86,22,55,active,0,0,1
TXN_2465,CUST_1395,4018.51,Card,insufficient_funds,112547.33,9,1,0.33,1,36,active,1,4,0
TXN_2466,CUST_1444,42466.82,UPI,bank_declined,104798.3,23,7,0.93,16,72,not_applicable,0,0,0
TXN_2467,CUST_1964,34679.29,Wallet,card_expired,2000.08,26,6,0.43,18,78,not_applicable,1,4,0
TXN_2468,CUST_2414,45548.82,UPI,customer_abandoned,35742.21,5,8,0.29,22,25,active,0,0,0
TXN_2469,CUST_1449,13241.84,Wallet,network_error,42763.07,13,0,0.6,23,88,not_applicable,0,0,1
TXN_2470,CUST_1127,3002.57,UPI,bank_declined,75076.81,29,3,0.72,23,20,not_applicable,1,1,1
TXN_2471,CUST_2114,21201.54,Wallet,card_expired,113584.56,27,1,0.37,0,41,not_applicable,0,2,0
TXN_2472,CUST_2658,2839.75,Card,bank_declined,135004.9,7,8,0.89,7,70,not_applicable,0,2,1
TXN_2473,CUST_2132,9283.65,Card,network_error,59889.34,26,2,0.72,21,72,not_applicable,0,0,1
TXN_2474,CUST_1923,40611.9,Wallet,authentication_failed,144062.48,22,6,0.73,5,58,inactive,0,1,0
TXN_2475,CUST_1363,35916.25,Card,authentication_failed,136283.81,19,6,0.83,21,26,active,1,3,0
TXN_2476,CUST_2843,1253.22,UPI,authentication_failed,75228.41,10,1,0.15,20,69,inactive,0,3,0
TXN_2477,CUST_1931,45875.71,UPI,card_expired,78904.47,13,8,0.84,9,13,active,0,1,1
TXN_2478,CUST_1317,8508.88,Card,card_expired,7054.28,28,3,0.33,22,77,active,0,4,1
TXN_2479,CUST_2739,4937.91,Card,bank_declined,121675.55,28,2,0.45,14,76,not_applicable,0,4,1
TXN_2480,CUST_1976,6213.71,NetBanking,customer_abandoned,43193.54,30,0,0.03,12,61,inactive,1,0,1
TXN_2481,CUST_2332,13963.86,UPI,network_error,174111.28,24,5,0.6,18,21,active,0,2,1
TXN_2482,CUST_1506,26642.34,UPI,authentication_failed,19278.22,4,7,0.45,19,56,inactive,0,3,1
TXN_2483,CUST_2880,41777.94,UPI,bank_declined,178798.35,18,6,0.82,18,68,not_applicable,0,4,0
TXN_2484,CUST_2418,11449.67,NetBanking,bank_declined,1621.21,21,7,0.3,5,86,active,0,3,0
TXN_2485,CUST_1771,23692.39,NetBanking,customer_abandoned,135748.37,30,6,0.87,17,49,active,1,4,1
TXN_2486,CUST_2698,46935.42,UPI,card_expired,11725.76,10,7,0.01,6,39,not_applicable,0,2,1
TXN_2487,CUST_1667,14538.69,Card,authentication_failed,51446.7,8,6,0.33,20,81,active,1,2,0
TXN_2488,CUST_2815,25620.68,Card,authentication_failed,88589.54,27,0,0.51,14,34,not_applicable,1,1,1
TXN_2489,CUST_2566,19417.81,Wallet,network_error,51010.23,18,4,0.17,2,56,not_applicable,1,3,1
TXN_2490,CUST_1044,37116.14,UPI,authentication_failed,151584.28,25,7,0.67,9,87,not_applicable,1,2,0
TXN_2491,CUST_2145,29445.5,NetBanking,customer_abandoned,114567.24,19,4,0.48,12,35,active,0,4,0
TXN_2492,CUST_2642,24640.35,NetBanking,insufficient_funds,113525.82,13,7,0.72,7,36,inactive,1,1,1
TXN_2493,CUST_1816,37506.33,UPI,network_error,28041.34,9,8,0.07,0,33,inactive,1,0,1
TXN_2494,CUST_2622,47853.89,Card,customer_abandoned,13026.87,20,8,0.44,12,1,inactive,0,0,0
TXN_2495,CUST_2711,24318.71,UPI,card_expired,166205.27,12,2,0.95,14,5,inactive,1,2,1
TXN_2496,CUST_2132,17759.89,UPI,insufficient_funds,121061.79,26,8,0.31,5,34,not_applicable,1,2,1
TXN_2497,CUST_2065,43532.98,UPI,card_expired,112088.12,0,8,0.32,17,73,not_applicable,0,0,0
TXN_2498,CUST_1675,1767.56,Wallet,bank_declined,163348.35,21,8,0.45,17,30,not_applicable,1,2,0
TXN_2499,CUST_2706,23608.41,UPI,authentication_failed,163928.86,11,6,0.12,7,1,active,1,2,1
TXN_2500,CUST_2874,44885.69,UPI,insufficient_funds,189394.88,0,3,0.4,1,86,inactive,1,3,0
TXN_2501,CUST_1208,18744.68,NetBanking,customer_abandoned,67249.51,6,0,0.18,11,49,inactive,0,4,0
TXN_2502,CUST_1534,23883.55,Card,network_error,173274.5,17,4,0.03,13,57,not_applicable,0,4,0
TXN_2503,CUST_2558,38171.15,Wallet,customer_abandoned,152137.83,29,0,0.89,20,15,not_applicable,1,1,0
TXN_2504,CUST_1848,46397.72,UPI,insufficient_funds,67198.66,3,3,0.5,13,47,not_applicable,0,0,0
TXN_2505,CUST_1472,447.18,NetBanking,bank_declined,48785.2,9,4,0.1,4,76,not_applicable,0,3,0
TXN_2506,CUST_1991,8934.46,NetBanking,customer_abandoned,6675.48,10,6,0.91,17,51,inactive,0,2,1
TXN_2507,CUST_2925,36830.5,UPI,network_error,31277.43,4,2,0.91,3,41,inactive,1,3,0
TXN_2508,CUST_1280,32729.67,NetBanking,network_error,134774.6,24,2,0.01,5,23,active,0,2,0
TXN_2509,CUST_1483,43903.85,Card,customer_abandoned,179126.14,20,4,0.66,14,3,inactive,1,2,1
TXN_2510,CUST_1983,44693.07,Wallet,bank_declined,59011.87,17,4,0.56,21,41,inactive,0,4,0
TXN_2511,CUST_1895,46105.59,NetBanking,card_expired,29013.32,3,3,0.22,17,28,inactive,0,3,0
TXN_2512,CUST_2700,38228.24,UPI,card_expired,124250.91,9,5,0.23,23,44,active,0,1,0
TXN_2513,CUST_2436,37881.81,UPI,insufficient_funds,197056.26,23,3,0.81,12,16,not_applicable,0,0,1
TXN_2514,CUST_2905,45197.99,UPI,customer_abandoned,82559.69,24,7,0.52,7,81,active,1,3,0
TXN_2515,CUST_1321,22436.43,Wallet,bank_declined,155262.96,17,8,0.53,23,31,not_applicable,1,4,0
TXN_2516,CUST_1657,12982.09,NetBanking,authentication_failed,8511.72,10,2,0.58,5,74,not_applicable,1,1,0
TXN_2517,CUST_2395,7491.88,NetBanking,card_expired,131112.16,22,5,0.68,3,51,active,1,3,1
TXN_2518,CUST_1754,25228.49,UPI,network_error,178916.87,2,0,0.94,10,6,not_applicable,0,2,0
TXN_2519,CUST_1631,31816.11,UPI,bank_declined,61440.47,14,7,0.98,9,34,inactive,0,2,1
TXN_2520,CUST_2307,10212.58,Card,bank_declined,88988.67,24,2,0.06,9,56,not_applicable,1,0,0
TXN_2521,CUST_2706,29462.83,Wallet,insufficient_funds,111833.47,11,4,0.66,22,73,inactive,0,2,1
TXN_2522,CUST_1592,1699.97,Card,insufficient_funds,122849.95,10,3,0.72,15,65,not_applicable,0,1,1
TXN_2523,CUST_1399,37889.05,UPI,authentication_failed,46173.26,6,6,0.22,2,8,not_applicable,0,1,0
TXN_2524,CUST_2690,18662.54,Card,network_error,169555.4,29,0,0.83,16,60,not_applicable,0,4,1
TXN_2525,CUST_1139,29497.02,NetBanking,card_expired,144442.45,15,8,0.24,15,25,active,1,4,0
TXN_2526,CUST_1890,48607.59,Card,bank_declined,123893.91,21,1,0.98,10,23,active,1,2,1
TXN_2527,CUST_1836,35181.28,NetBanking,customer_abandoned,45298.12,6,5,0.26,23,28,inactive,0,0,0
TXN_2528,CUST_2048,16048.94,UPI,bank_declined,34356.69,13,7,0.26,6,37,inactive,1,3,0
TXN_2529,CUST_1179,35250.74,Wallet,network_error,98931.21,23,6,0.09,5,75,inactive,0,2,1
TXN_2530,CUST_1459,5216.47,Card,network_error,122905.97,4,4,0.09,12,80,inactive,1,2,0
TXN_2531,CUST_1107,1123.49,UPI,customer_abandoned,50625.78,1,1,0.89,1,68,not_applicable,1,3,1
TXN_2532,CUST_1466,3741.12,UPI,authentication_failed,164404.09,28,3,0.49,21,90,inactive,0,0,1
TXN_2533,CUST_2442,30076.91,UPI,authentication_failed,136684.77,19,6,0.99,21,66,inactive,1,1,0
TXN_2534,CUST_2332,31234.88,NetBanking,network_error,92603.96,8,8,0.04,16,38,not_applicable,1,4,0
TXN_2535,CUST_1759,6049.51,Wallet,card_expired,130169.26,17,5,0.57,15,42,not_applicable,1,4,0
TXN_2536,CUST_1258,1689.65,UPI,authentication_failed,94391.3,1,2,0.92,4,9,inactive,1,4,0
TXN_2537,CUST_2247,31283.63,UPI,card_expired,156183.92,9,8,0.78,17,24,not_applicable,1,0,0
TXN_2538,CUST_1946,42911.8,UPI,bank_declined,78884.24,24,8,0.89,9,33,inactive,0,2,1
TXN_2539,CUST_2627,14082.8,Card,network_error,11571.0,15,2,0.8,16,50,not_applicable,0,0,1
TXN_2540,CUST_1373,11532.92,Card,customer_abandoned,47126.27,0,3,0.9,16,64,inactive,1,4,1
TXN_2541,CUST_1233,27721.19,UPI,authentication_failed,123606.05,7,7,0.47,17,10,inactive,1,4,0
TXN_2542,CUST_1023,45782.3,UPI,customer_abandoned,25996.93,25,2,0.42,3,56,inactive,0,2,1
TXN_2543,CUST_1646,24957.72,Card,authentication_failed,92068.74,27,6,0.52,13,74,active,0,2,0
TXN_2544,CUST_1183,25705.76,NetBanking,customer_abandoned,49241.34,16,8,0.18,0,59,not_applicable,0,2,0
TXN_2545,CUST_1399,38156.36,Card,customer_abandoned,86060.94,12,0,0.63,23,15,active,0,4,1
TXN_2546,CUST_1163,33997.9,UPI,card_expired,94629.64,30,8,0.39,4,73,inactive,1,1,0
TXN_2547,CUST_2323,32038.43,NetBanking,bank_declined,99464.08,3,3,0.85,23,54,active,0,4,1
TXN_2548,CUST_1671,8610.96,UPI,authentication_failed,28110.5,22,1,0.63,1,36,inactive,0,1,0
TXN_2549,CUST_1613,1026.68,Card,customer_abandoned,177839.89,14,3,0.23,12,8,inactive,1,1,0
TXN_2550,CUST_1776,35899.98,Wallet,card_expired,152768.04,29,7,0.2,2,27,not_applicable,1,4,0
TXN_2551,CUST_2475,26111.26,Wallet,authentication_failed,35247.87,7,3,0.31,11,30,not_applicable,0,0,0
TXN_2552,CUST_2283,8065.53,NetBanking,authentication_failed,41831.38,10,6,0.79,2,46,not_applicable,1,3,0
TXN_2553,CUST_2363,1520.02,Card,insufficient_funds,126241.63,20,5,0.98,12,48,active,1,4,1
TXN_2554,CUST_1380,6020.92,NetBanking,bank_declined,114507.08,25,1,0.91,3,48,inactive,0,3,0
TXN_2555,CUST_2958,31163.54,UPI,customer_abandoned,63696.24,4,8,0.54,7,60,inactive,0,3,0
TXN_2556,CUST_1057,33979.38,Card,authentication_failed,145294.11,19,6,0.97,20,48,inactive,0,2,0
TXN_2557,CUST_2872,1020.98,Card,bank_declined,109576.08,5,8,0.71,2,48,inactive,1,0,1
TXN_2558,CUST_2673,9767.57,Wallet,insufficient_funds,53088.82,1,1,0.51,19,89,inactive,1,1,0
TXN_2559,CUST_1685,43039.52,NetBanking,network_error,95278.27,26,4,0.8,1,47,active,0,1,1
TXN_2560,CUST_2370,38677.2,UPI,card_expired,67201.92,15,3,0.83,0,33,active,1,3,1
TXN_2561,CUST_1427,27350.33,Wallet,card_expired,43587.42,29,8,0.48,3,33,not_applicable,1,2,0
TXN_2562,CUST_1928,13408.5,UPI,authentication_failed,193430.02,24,3,0.16,18,40,active,0,4,1
TXN_2563,CUST_1843,49209.83,UPI,network_error,4960.4,15,6,0.7,8,88,not_applicable,0,4,1
TXN_2564,CUST_1355,2120.34,Card,authentication_failed,81175.03,17,4,0.94,19,65,inactive,1,2,1
TXN_2565,CUST_2545,29435.5,NetBanking,insufficient_funds,100777.9,27,3,0.87,10,68,not_applicable,1,1,1
TXN_2566,CUST_2732,34108.15,Wallet,insufficient_funds,136341.83,14,4,0.67,6,2,not_applicable,1,4,1
TXN_2567,CUST_2965,41172.07,UPI,insufficient_funds,9352.57,24,6,0.47,8,4,active,1,1,1
TXN_2568,CUST_2209,15576.35,UPI,authentication_failed,90816.01,15,3,0.38,17,60,inactive,1,4,0
TXN_2569,CUST_1455,48965.17,Card,card_expired,18637.96,12,4,0.92,15,57,active,1,0,1
TXN_2570,CUST_1476,31224.74,UPI,authentication_failed,166206.41,0,1,0.36,11,24,not_applicable,1,0,0
TXN_2571,CUST_1381,20534.97,Card,network_error,75571.47,4,5,0.93,8,21,active,1,0,0
TXN_2572,CUST_2341,5539.1,Card,card_expired,22516.55,28,1,0.43,19,4,not_applicable,1,3,0
TXN_2573,CUST_1945,30992.75,Card,insufficient_funds,29594.63,8,4,0.52,2,2,active,1,4,0
TXN_2574,CUST_2717,15898.16,NetBanking,insufficient_funds,135760.95,18,3,0.48,5,34,inactive,0,4,1
TXN_2575,CUST_2317,43717.78,UPI,insufficient_funds,72455.09,19,7,0.05,22,78,inactive,0,1,1
TXN_2576,CUST_1295,45570.59,NetBanking,authentication_failed,164304.85,30,7,0.13,0,75,not_applicable,1,1,1
TXN_2577,CUST_2524,13003.35,Wallet,bank_declined,145116.78,27,6,0.91,6,23,active,1,0,1
TXN_2578,CUST_2015,45422.1,NetBanking,card_expired,62586.83,5,4,0.98,0,33,not_applicable,0,1,1
TXN_2579,CUST_1858,47676.45,UPI,insufficient_funds,11655.39,17,0,0.71,1,24,inactive,1,4,1
TXN_2580,CUST_1883,23946.07,UPI,customer_abandoned,45475.37,12,3,0.71,1,60,active,0,4,1
TXN_2581,CUST_1817,27686.81,Wallet,customer_abandoned,51395.83,20,2,0.96,1,19,active,0,4,1
TXN_2582,CUST_1686,10066.44,Card,network_error,49219.81,28,6,0.41,23,17,active,1,1,1
TXN_2583,CUST_1838,24618.32,UPI,insufficient_funds,174620.64,10,7,0.71,15,77,inactive,0,0,1
TXN_2584,CUST_1196,4541.26,Wallet,card_expired,139104.43,4,5,0.17,18,1,active,1,1,1
TXN_2585,CUST_2260,12577.83,Wallet,insufficient_funds,83992.7,6,0,0.35,20,57,active,0,0,0
TXN_2586,CUST_1223,6414.57,Card,authentication_failed,113563.33,26,6,0.14,18,5,not_applicable,1,0,1
TXN_2587,CUST_2341,45263.4,Wallet,network_error,87486.92,4,2,0.49,3,3,inactive,1,2,0
TXN_2588,CUST_2522,26097.47,Wallet,insufficient_funds,98032.09,15,1,0.58,18,21,not_applicable,0,3,1
TXN_2589,CUST_2708,5433.48,UPI,network_error,164401.0,8,4,0.44,7,52,active,0,1,1
TXN_2590,CUST_2555,39330.52,NetBanking,bank_declined,76013.04,27,2,0.1,5,46,active,0,3,1
TXN_2591,CUST_1031,44018.55,Card,bank_declined,177662.95,5,3,0.96,18,34,active,0,0,0
TXN_2592,CUST_2194,206.83,NetBanking,bank_declined,76667.99,23,7,0.82,15,23,inactive,0,1,1
TXN_2593,CUST_2381,30117.27,Card,network_error,121657.07,20,5,0.37,10,12,active,0,3,1
TXN_2594,CUST_1837,25211.09,UPI,customer_abandoned,93492.06,14,4,1.0,23,71,active,0,2,1
TXN_2595,CUST_2941,9002.07,NetBanking,customer_abandoned,103100.82,11,8,0.81,11,14,inactive,0,1,0
TXN_2596,CUST_1216,39450.23,UPI,authentication_failed,141896.73,21,1,0.25,10,68,not_applicable,0,1,1
TXN_2597,CUST_2649,44682.83,Wallet,authentication_failed,39636.39,28,6,0.13,22,36,not_applicable,1,2,1
TXN_2598,CUST_1980,43429.37,Wallet,authentication_failed,178753.99,21,6,0.89,4,27,inactive,1,0,1
TXN_2599,CUST_2859,32355.45,UPI,authentication_failed,109527.21,16,4,0.05,9,58,inactive,0,4,1
TXN_2600,CUST_2534,25316.07,Card,network_error,129894.11,26,8,0.5,2,72,active,0,3,0
TXN_2601,CUST_1597,8672.28,Card,insufficient_funds,56464.03,13,4,0.16,1,6,inactive,0,3,0
TXN_2602,CUST_2245,48651.57,Card,card_expired,31469.58,25,5,0.27,7,35,not_applicable,1,4,0
TXN_2603,CUST_1895,30547.91,NetBanking,network_error,31640.85,30,0,0.79,16,20,active,0,4,1
TXN_2604,CUST_2977,11942.15,Wallet,bank_declined,58444.59,8,6,0.94,5,18,not_applicable,0,1,1
TXN_2605,CUST_1135,34920.07,Card,card_expired,17364.41,23,7,0.42,21,18,active,1,2,1
TXN_2606,CUST_1003,9451.82,Card,card_expired,90197.09,0,0,0.6,0,2,not_applicable,1,1,0
TXN_2607,CUST_2624,39069.15,NetBanking,customer_abandoned,168249.47,22,6,0.32,14,30,not_applicable,0,4,1
TXN_2608,CUST_1009,5268.47,UPI,authentication_failed,167708.09,16,1,0.15,3,32,active,1,0,1
TXN_2609,CUST_1047,32124.59,UPI,network_error,94915.54,18,2,0.91,7,17,not_applicable,1,1,1
TXN_2610,CUST_2912,14428.9,Wallet,customer_abandoned,100646.25,26,8,0.46,18,58,not_applicable,0,3,0
TXN_2611,CUST_1018,34717.69,NetBanking,bank_declined,152152.8,17,1,0.85,17,54,inactive,1,3,0
TXN_2612,CUST_1501,13406.14,UPI,insufficient_funds,143502.6,0,8,0.39,8,87,active,0,3,0
TXN_2613,CUST_1243,23851.49,UPI,customer_abandoned,198760.85,26,3,0.73,14,10,active,0,2,0
TXN_2614,CUST_1189,41764.98,NetBanking,customer_abandoned,180677.3,8,5,0.81,16,18,not_applicable,1,1,0
TXN_2615,CUST_2992,12664.24,UPI,card_expired,74693.71,20,4,0.02,21,1,active,1,1,1
TXN_2616,CUST_1663,25302.38,Card,bank_declined,105524.84,13,6,0.97,0,57,inactive,1,4,1
TXN_2617,CUST_2243,8169.47,NetBanking,bank_declined,74407.62,18,4,0.42,12,55,inactive,0,0,1
TXN_2618,CUST_1195,39944.95,UPI,authentication_failed,105283.5,4,4,0.57,20,2,active,0,4,1
TXN_2619,CUST_1311,40315.81,Card,customer_abandoned,27310.09,7,8,0.71,14,76,inactive,0,1,0
TXN_2620,CUST_2968,14802.98,Wallet,card_expired,10953.75,1,8,0.49,11,64,active,1,2,0
TXN_2621,CUST_2410,12650.5,NetBanking,card_expired,139239.67,14,3,0.77,11,81,active,1,2,1
TXN_2622,CUST_1327,2567.43,Card,bank_declined,169901.79,14,0,0.01,0,37,active,0,4,1
TXN_2623,CUST_1193,31418.23,Card,authentication_failed,65047.48,22,5,0.25,3,70,active,1,0,0
TXN_2624,CUST_2286,11850.02,Card,customer_abandoned,28407.93,10,5,0.61,18,2,inactive,1,0,0
TXN_2625,CUST_2809,26478.63,UPI,insufficient_funds,118433.17,14,2,0.3,7,7,inactive,1,3,0
TXN_2626,CUST_1048,1958.97,UPI,insufficient_funds,6243.12,4,8,0.74,7,66,active,1,0,1
TXN_2627,CUST_1060,39835.38,UPI,customer_abandoned,86914.83,28,2,0.45,6,16,not_applicable,1,0,1
TXN_2628,CUST_1718,35680.27,UPI,card_expired,55427.07,0,4,0.12,17,47,active,1,3,0
TXN_2629,CUST_1891,16416.18,NetBanking,card_expired,89055.77,30,4,0.65,9,48,not_applicable,0,2,1
TXN_2630,CUST_2341,31051.91,Card,card_expired,109295.8,14,6,0.74,7,81,inactive,1,0,0
TXN_2631,CUST_1219,26756.08,UPI,bank_declined,136101.7,7,0,0.87,11,63,not_applicable,0,2,1
TXN_2632,CUST_2007,20696.88,Card,bank_declined,153084.88,7,5,0.58,17,53,active,1,3,0
TXN_2633,CUST_2095,44616.39,Card,card_expired,7125.84,30,5,0.75,3,86,active,1,1,0
TXN_2634,CUST_1807,47660.24,Wallet,insufficient_funds,11772.75,16,6,0.6,13,90,inactive,1,3,0
TXN_2635,CUST_2951,16598.58,Card,card_expired,18973.39,8,1,0.56,19,56,inactive,1,4,0
TXN_2636,CUST_2753,5317.27,NetBanking,authentication_failed,122885.41,9,7,0.74,14,10,not_applicable,0,4,0
TXN_2637,CUST_1123,45278.12,Card,bank_declined,82484.68,0,0,0.95,13,13,not_applicable,1,4,1
TXN_2638,CUST_2158,14895.43,Wallet,bank_declined,32697.32,4,2,0.44,7,40,inactive,0,2,0
TXN_2639,CUST_1109,28828.39,NetBanking,customer_abandoned,117093.86,13,6,0.75,17,19,active,0,0,1
TXN_2640,CUST_1688,5330.65,Wallet,bank_declined,171799.98,19,5,0.31,5,45,inactive,0,0,1
TXN_2641,CUST_2986,5981.22,Wallet,customer_abandoned,191691.98,22,4,0.09,9,82,active,0,0,1
TXN_2642,CUST_2373,2424.34,Wallet,card_expired,141317.52,17,8,0.85,2,67,active,1,1,1
TXN_2643,CUST_1005,46433.25,Wallet,card_expired,118469.52,9,3,0.63,10,86,not_applicable,1,4,1
TXN_2644,CUST_2790,14910.33,Card,customer_abandoned,71498.88,2,8,0.91,16,35,not_applicable,1,4,1
TXN_2645,CUST_1047,48826.49,Wallet,network_error,180465.82,8,0,0.13,11,12,active,0,1,0
TXN_2646,CUST_1186,20550.94,Card,bank_declined,198169.47,9,3,0.47,21,35,active,0,1,0
TXN_2647,CUST_2767,26535.77,UPI,insufficient_funds,65025.67,22,6,0.08,1,39,not_applicable,1,0,1
TXN_2648,CUST_2687,40153.52,Card,network_error,28765.83,4,1,0.78,22,82,not_applicable,1,0,1
TXN_2649,CUST_1119,20516.28,Card,card_expired,51550.21,1,3,0.86,3,76,inactive,0,0,0
TXN_2650,CUST_1183,27432.22,NetBanking,insufficient_funds,122304.14,30,0,0.09,6,38,inactive,0,1,1
TXN_2651,CUST_1219,9765.64,Wallet,customer_abandoned,42468.35,3,7,0.66,20,71,inactive,0,0,1
TXN_2652,CUST_2811,20247.45,Wallet,card_expired,42342.11,24,5,0.65,21,78,active,1,0,1
TXN_2653,CUST_2191,37441.11,NetBanking,customer_abandoned,173882.69,14,8,0.54,10,46,active,0,0,1
TXN_2654,CUST_1421,7089.22,Wallet,bank_declined,70306.65,7,5,0.39,16,21,not_applicable,0,0,0
TXN_2655,CUST_1967,46460.91,Card,authentication_failed,174985.02,16,7,0.13,16,0,inactive,0,3,0
TXN_2656,CUST_2226,17946.26,UPI,customer_abandoned,58858.03,7,7,0.61,3,53,active,1,0,1
TXN_2657,CUST_2131,48118.35,UPI,authentication_failed,131066.99,15,2,0.84,4,25,not_applicable,1,2,1
TXN_2658,CUST_1985,10495.51,Wallet,insufficient_funds,105412.99,17,3,0.56,15,43,active,0,3,0
TXN_2659,CUST_2798,11072.16,Wallet,authentication_failed,74293.77,27,1,0.36,0,23,inactive,0,4,1
TXN_2660,CUST_1750,22252.85,NetBanking,network_error,151263.7,27,8,0.75,1,1,active,1,2,1
TXN_2661,CUST_1397,28636.3,Card,card_expired,178966.28,28,6,0.48,5,20,active,1,4,1
TXN_2662,CUST_1077,10801.47,Wallet,authentication_failed,15757.66,21,6,0.89,17,45,inactive,1,3,1
TXN_2663,CUST_2364,49630.23,Wallet,insufficient_funds,136199.3,12,7,0.94,21,87,inactive,0,3,1
TXN_2664,CUST_2269,42236.87,UPI,card_expired,114259.17,18,5,0.38,22,18,active,1,0,1
TXN_2665,CUST_2506,21662.65,UPI,network_error,108225.05,28,4,0.45,4,49,active,0,3,1
TXN_2666,CUST_2900,23578.2,UPI,card_expired,10545.54,6,5,0.88,1,83,not_applicable,1,1,0
TXN_2667,CUST_1577,29488.29,Card,customer_abandoned,28698.37,23,1,0.0,19,68,active,0,2,1
TXN_2668,CUST_2109,35258.84,NetBanking,authentication_failed,20739.71,2,3,0.91,0,1,inactive,0,3,0
TXN_2669,CUST_2230,10309.22,UPI,insufficient_funds,37120.08,10,3,0.01,1,18,active,1,0,0
TXN_2670,CUST_1772,43764.22,Wallet,customer_abandoned,123218.38,11,8,0.19,12,89,inactive,1,1,0
TXN_2671,CUST_1473,23848.74,NetBanking,card_expired,190914.84,9,8,0.25,2,11,active,1,0,1
TXN_2672,CUST_2679,22028.47,UPI,bank_declined,60271.62,29,7,0.46,13,33,active,1,4,0
TXN_2673,CUST_2679,39954.5,Wallet,insufficient_funds,49417.08,10,7,0.73,7,70,inactive,1,0,1
TXN_2674,CUST_1280,47759.42,UPI,network_error,39409.98,29,7,0.88,10,12,active,0,4,0
TXN_2675,CUST_1762,48396.21,Wallet,authentication_failed,96100.24,3,5,0.73,11,33,active,1,0,0
TXN_2676,CUST_2561,9299.98,Wallet,card_expired,89172.11,7,6,0.17,0,19,inactive,1,3,1
TXN_2677,CUST_2553,4902.7,NetBanking,bank_declined,118253.13,13,7,0.63,14,18,active,1,0,1
TXN_2678,CUST_1904,33143.08,UPI,insufficient_funds,24119.97,14,3,0.56,1,64,inactive,0,2,1
TXN_2679,CUST_1786,47014.79,NetBanking,customer_abandoned,152652.26,15,8,0.97,20,29,inactive,0,1,1
TXN_2680,CUST_1200,14328.15,Wallet,bank_declined,39889.09,9,3,0.01,16,2,active,1,2,1
TXN_2681,CUST_2682,33970.92,UPI,bank_declined,46986.7,16,5,0.51,22,58,not_applicable,0,3,1
TXN_2682,CUST_1102,34718.52,Card,authentication_failed,79531.18,5,5,0.37,8,50,not_applicable,1,1,0
TXN_2683,CUST_2829,8934.37,Wallet,card_expired,127166.15,17,8,0.36,9,5,inactive,1,3,1
TXN_2684,CUST_1513,37851.98,Card,insufficient_funds,122492.12,14,6,0.36,21,26,active,1,0,1
TXN_2685,CUST_2760,38829.98,Card,bank_declined,97795.41,6,8,0.22,12,60,inactive,0,2,0
TXN_2686,CUST_2236,8353.51,Card,card_expired,155655.08,28,8,0.23,13,64,inactive,0,3,0
TXN_2687,CUST_2834,22632.16,UPI,bank_declined,116342.57,16,8,0.88,12,75,not_applicable,0,1,0
TXN_2688,CUST_1117,22608.7,NetBanking,bank_declined,4057.88,24,3,0.43,8,0,inactive,0,4,1
TXN_2689,CUST_2932,27932.46,Card,network_error,130615.89,6,6,0.15,23,10,inactive,1,3,0
TXN_2690,CUST_2948,9214.32,NetBanking,insufficient_funds,150354.27,10,3,0.34,21,83,not_applicable,1,3,1
TXN_2691,CUST_1922,2488.49,UPI,customer_abandoned,82164.15,15,8,0.71,19,59,inactive,1,2,1
TXN_2692,CUST_1521,39784.82,Card,network_error,126525.17,27,1,0.59,18,90,active,0,4,1
TXN_2693,CUST_1531,24174.33,Card,card_expired,119872.51,15,3,0.47,12,16,inactive,0,1,0
TXN_2694,CUST_1122,21741.48,Card,card_expired,41252.36,30,2,0.21,15,13,active,0,3,0
TXN_2695,CUST_2700,15117.79,NetBanking,customer_abandoned,150034.61,28,7,0.79,13,77,active,1,0,1
TXN_2696,CUST_1866,47956.3,Card,insufficient_funds,100978.16,24,4,0.92,5,78,not_applicable,1,0,1
TXN_2697,CUST_1591,36149.43,NetBanking,authentication_failed,17923.68,12,8,0.22,7,4,inactive,0,0,0
TXN_2698,CUST_2711,35834.77,Wallet,authentication_failed,69543.22,0,3,0.79,18,22,active,0,1,1
TXN_2699,CUST_2529,40984.75,Wallet,authentication_failed,27008.95,25,8,0.17,0,12,inactive,0,3,0
TXN_2700,CUST_1550,20483.52,Wallet,insufficient_funds,70391.86,1,6,0.76,17,3,active,1,3,0
TXN_2701,CUST_2809,17625.73,UPI,card_expired,167610.76,25,1,0.07,12,24,inactive,0,2,0
TXN_2702,CUST_2403,49317.21,UPI,insufficient_funds,18625.07,9,3,0.29,6,23,inactive,1,1,0
TXN_2703,CUST_1519,38841.93,NetBanking,network_error,119589.44,18,3,0.64,3,56,active,1,3,0
TXN_2704,CUST_1887,5987.15,Card,authentication_failed,166808.68,0,8,0.71,7,72,active,1,2,1
TXN_2705,CUST_1532,44497.79,UPI,card_expired,140360.96,28,5,0.2,19,78,not_applicable,1,0,0
TXN_2706,CUST_2431,24752.74,Card,customer_abandoned,11988.31,19,3,0.95,4,59,not_applicable,0,3,0
TXN_2707,CUST_1369,34903.32,UPI,card_expired,101739.98,28,1,0.03,12,28,inactive,0,2,0
TXN_2708,CUST_2996,42606.66,Wallet,insufficient_funds,105327.33,4,6,0.23,22,53,inactive,1,2,0
TXN_2709,CUST_2687,18233.28,Card,network_error,51830.23,27,2,0.51,17,82,inactive,1,1,0
TXN_2710,CUST_2204,28790.18,Wallet,bank_declined,178096.28,19,5,0.65,0,57,not_applicable,0,4,0
TXN_2711,CUST_2759,42744.92,Wallet,bank_declined,94802.25,26,0,0.87,13,63,inactive,1,0,1
TXN_2712,CUST_1347,6527.77,UPI,authentication_failed,171207.58,0,1,0.59,18,21,not_applicable,0,1,1
TXN_2713,CUST_1381,46897.58,UPI,bank_declined,11672.05,24,4,0.5,7,79,active,1,2,1
TXN_2714,CUST_2110,31330.33,UPI,authentication_failed,158924.65,7,2,0.28,5,44,active,0,1,1
TXN_2715,CUST_1354,35465.56,UPI,card_expired,27751.79,7,5,0.81,2,5,active,1,2,1
TXN_2716,CUST_1704,47481.92,UPI,insufficient_funds,68566.25,19,3,0.11,10,36,inactive,0,1,1
TXN_2717,CUST_2751,4381.96,Wallet,authentication_failed,193935.78,16,8,0.04,17,36,not_applicable,0,4,0
TXN_2718,CUST_1396,26302.61,Card,card_expired,74355.51,28,2,0.07,9,31,inactive,0,4,0
TXN_2719,CUST_1873,29302.49,Card,insufficient_funds,56895.77,25,8,0.91,0,44,not_applicable,0,0,1
TXN_2720,CUST_1258,22541.3,NetBanking,bank_declined,109208.73,2,2,0.1,18,7,inactive,1,4,1
TXN_2721,CUST_1804,18789.35,NetBanking,authentication_failed,17075.06,19,2,0.39,1,15,active,0,3,1
TXN_2722,CUST_1822,25731.27,Card,insufficient_funds,139213.85,15,7,0.06,9,75,inactive,1,1,0
TXN_2723,CUST_1134,40979.61,UPI,network_error,16898.84,5,4,0.86,20,11,not_applicable,0,3,1
TXN_2724,CUST_1700,41739.27,UPI,authentication_failed,72796.89,4,2,0.61,12,57,active,0,0,0
TXN_2725,CUST_1986,3401.82,NetBanking,card_expired,43971.7,23,6,0.13,4,54,inactive,1,2,0
TXN_2726,CUST_1309,25767.72,Wallet,bank_declined,118163.13,12,1,0.79,4,89,active,1,0,1
TXN_2727,CUST_1918,30477.04,Card,insufficient_funds,82944.62,0,2,0.47,21,68,inactive,1,1,0
TXN_2728,CUST_1553,42124.08,UPI,card_expired,46770.09,5,1,0.01,2,45,not_applicable,0,2,1
TXN_2729,CUST_1726,10202.86,UPI,bank_declined,178132.91,3,4,0.86,6,17,active,0,2,1
TXN_2730,CUST_1486,5408.78,UPI,authentication_failed,99539.15,27,7,0.61,15,75,inactive,0,2,0
TXN_2731,CUST_1954,35868.21,Card,bank_declined,119388.29,22,4,0.32,4,19,active,0,2,1
TXN_2732,CUST_2286,37532.5,NetBanking,customer_abandoned,43735.98,29,8,0.83,3,75,active,0,2,1
TXN_2733,CUST_2580,28896.16,Wallet,network_error,174716.8,1,6,0.86,15,81,inactive,0,1,1
TXN_2734,CUST_2803,10523.56,Card,card_expired,155254.07,18,8,0.43,13,45,active,1,4,0
TXN_2735,CUST_2930,45230.82,UPI,card_expired,40422.73,10,7,0.03,22,69,not_applicable,1,3,0
TXN_2736,CUST_1563,31153.54,UPI,authentication_failed,132673.34,10,8,0.31,11,67,not_applicable,0,4,0
TXN_2737,CUST_1351,17040.75,NetBanking,customer_abandoned,136351.55,13,7,0.06,4,51,active,0,4,1
TXN_2738,CUST_1545,11203.8,Wallet,network_error,199934.97,4,2,0.17,11,39,active,1,2,0
TXN_2739,CUST_1164,11248.29,Wallet,card_expired,17088.51,17,2,0.87,5,23,inactive,0,0,0
TXN_2740,CUST_2092,20238.16,Card,bank_declined,140776.83,23,6,0.56,5,38,inactive,0,4,1
TXN_2741,CUST_1842,15821.29,Card,authentication_failed,105210.81,24,4,0.49,5,82,active,0,1,1
TXN_2742,CUST_2623,44583.61,Card,card_expired,34009.71,29,4,0.15,2,36,not_applicable,0,4,0
TXN_2743,CUST_1023,32908.96,UPI,authentication_failed,39729.23,22,6,0.39,12,21,not_applicable,1,0,1
TXN_2744,CUST_1275,12406.21,Wallet,network_error,134003.78,0,4,0.74,10,6,not_applicable,1,3,1
TXN_2745,CUST_1397,46882.55,Card,insufficient_funds,147594.69,15,4,0.46,20,5,active,0,4,0
TXN_2746,CUST_1153,34661.41,UPI,customer_abandoned,118845.85,24,1,0.88,18,28,active,1,1,1
TXN_2747,CUST_2103,15064.3,Card,card_expired,43553.94,5,4,0.04,14,11,active,0,3,0
TXN_2748,CUST_2745,43515.75,UPI,customer_abandoned,136000.24,1,6,0.66,0,67,active,1,3,0
TXN_2749,CUST_2349,42476.04,UPI,bank_declined,96573.12,12,4,0.87,12,14,not_applicable,1,0,1
TXN_2750,CUST_1970,46342.7,Wallet,card_expired,140032.74,12,4,0.26,6,90,not_applicable,1,0,0
TXN_2751,CUST_1030,26698.23,NetBanking,card_expired,28441.87,14,2,0.59,6,34,inactive,0,3,0
TXN_2752,CUST_2691,2712.2,Wallet,customer_abandoned,189782.58,4,3,0.64,21,14,active,0,3,1
TXN_2753,CUST_1234,33835.19,UPI,customer_abandoned,72039.75,29,4,0.51,9,11,inactive,1,1,0
TXN_2754,CUST_2922,48016.59,Card,customer_abandoned,51480.22,3,6,0.87,11,35,inactive,0,1,1
TXN_2755,CUST_1941,33553.73,Card,network_error,186322.06,15,6,0.4,16,46,inactive,1,0,0
TXN_2756,CUST_1864,35168.87,Card,bank_declined,9359.15,19,4,0.91,5,79,active,1,3,1
TXN_2757,CUST_2656,23070.32,UPI,network_error,113726.85,10,5,0.15,3,65,not_applicable,1,0,1
TXN_2758,CUST_1177,41573.25,Wallet,authentication_failed,4081.01,19,3,0.27,5,38,not_applicable,0,0,0
TXN_2759,CUST_2806,20843.99,Card,bank_declined,145934.79,17,3,0.8,14,39,inactive,1,0,0
TXN_2760,CUST_2574,30464.38,Wallet,card_expired,51670.75,7,4,0.92,11,54,inactive,0,4,1
TXN_2761,CUST_2687,28763.98,Wallet,authentication_failed,139432.4,8,7,0.92,18,1,active,1,2,1
TXN_2762,CUST_2582,18481.89,NetBanking,customer_abandoned,142892.61,7,6,0.04,4,53,not_applicable,0,2,0
TXN_2763,CUST_2409,20375.52,Wallet,card_expired,34200.81,6,8,0.02,13,90,inactive,0,0,0
TXN_2764,CUST_2960,32765.61,UPI,authentication_failed,160655.47,10,3,0.99,16,43,not_applicable,1,3,0
TXN_2765,CUST_2519,30009.02,NetBanking,card_expired,187491.85,2,6,0.17,23,35,active,1,4,0
TXN_2766,CUST_2235,37773.44,UPI,insufficient_funds,18706.13,18,3,0.86,15,68,active,1,3,0
TXN_2767,CUST_1102,1766.81,NetBanking,network_error,19125.8,27,6,0.05,23,12,inactive,0,3,0
TXN_2768,CUST_2034,25513.52,NetBanking,bank_declined,106937.2,6,7,0.27,1,50,not_applicable,1,0,1
TXN_2769,CUST_2110,18476.31,Wallet,customer_abandoned,10064.48,30,5,0.3,13,32,inactive,1,1,0
TXN_2770,CUST_2391,20470.27,Wallet,card_expired,55494.66,12,8,0.13,2,47,not_applicable,1,0,1
TXN_2771,CUST_2063,49807.65,NetBanking,authentication_failed,66578.88,23,0,0.38,1,19,inactive,1,1,1
TXN_2772,CUST_2181,35950.23,UPI,insufficient_funds,79013.88,24,8,0.9,9,42,active,1,4,0
TXN_2773,CUST_1788,22574.46,UPI,bank_declined,129687.88,7,5,0.95,13,54,active,1,0,0
TXN_2774,CUST_1466,2096.66,Card,network_error,67129.67,8,6,0.47,18,65,active,0,0,1
TXN_2775,CUST_1811,35039.36,Wallet,customer_abandoned,165427.56,14,3,0.73,0,51,inactive,0,4,1
TXN_2776,CUST_2910,13700.13,Card,card_expired,175122.91,23,2,0.77,13,52,inactive,1,0,1
TXN_2777,CUST_2258,36732.81,UPI,authentication_failed,21711.12,14,8,0.79,20,64,inactive,1,1,1
TXN_2778,CUST_2028,14685.28,NetBanking,customer_abandoned,131499.68,19,0,0.64,12,60,active,1,1,1
TXN_2779,CUST_1623,1616.83,Card,customer_abandoned,87290.89,16,8,0.57,15,51,active,1,2,1
TXN_2780,CUST_2737,46418.02,UPI,customer_abandoned,106232.24,20,4,0.75,18,17,active,0,3,1
TXN_2781,CUST_1120,37329.5,NetBanking,customer_abandoned,41755.5,27,8,0.37,13,89,active,1,3,0
TXN_2782,CUST_1060,1006.08,Wallet,network_error,144769.8,6,2,0.84,1,8,inactive,0,4,1
TXN_2783,CUST_2906,22452.33,UPI,network_error,170405.16,6,2,0.78,16,78,active,0,3,1
TXN_2784,CUST_1245,16266.41,Card,network_error,136096.77,22,5,0.56,6,29,inactive,0,3,0
TXN_2785,CUST_2510,15565.5,UPI,authentication_failed,180096.67,13,4,0.69,19,33,active,1,4,1
TXN_2786,CUST_1597,38373.93,Card,insufficient_funds,188452.91,6,8,0.22,21,85,active,0,1,1
TXN_2787,CUST_2961,1108.85,NetBanking,bank_declined,134481.24,21,0,0.47,3,36,inactive,1,3,0
TXN_2788,CUST_1054,43133.98,Wallet,authentication_failed,170999.27,5,1,0.02,19,43,not_applicable,1,1,0
TXN_2789,CUST_1004,18454.83,NetBanking,bank_declined,83716.54,19,8,0.83,5,34,active,1,1,1
TXN_2790,CUST_2662,47158.14,UPI,customer_abandoned,36747.13,4,1,0.66,14,68,active,1,3,0
TXN_2791,CUST_2028,12684.54,UPI,network_error,65625.37,20,6,0.83,20,34,not_applicable,0,0,0
TXN_2792,CUST_1703,16521.88,UPI,insufficient_funds,107257.35,12,4,0.06,18,84,active,0,2,1
TXN_2793,CUST_1003,24342.45,Card,network_error,18108.77,24,0,0.84,3,60,active,0,3,1
TXN_2794,CUST_2291,47187.32,NetBanking,insufficient_funds,138999.91,14,0,0.94,6,3,not_applicable,0,4,1
TXN_2795,CUST_2311,30050.91,UPI,network_error,195417.24,5,6,0.64,4,67,active,1,4,0
TXN_2796,CUST_1356,36217.76,NetBanking,bank_declined,181188.27,26,8,0.8,10,3,not_applicable,0,3,0
TXN_2797,CUST_1301,33598.05,NetBanking,authentication_failed,198048.17,5,7,0.09,20,35,active,0,3,0
TXN_2798,CUST_2105,14241.54,UPI,network_error,128377.99,29,1,0.61,23,76,inactive,0,1,1
TXN_2799,CUST_2638,10416.66,Wallet,network_error,124704.29,12,2,0.13,0,71,active,0,0,1
TXN_2800,CUST_1491,41778.75,UPI,network_error,66091.21,1,2,0.49,13,24,not_applicable,1,2,0
TXN_2801,CUST_1551,11434.74,Card,bank_declined,78535.58,25,6,0.61,20,83,active,1,2,0
TXN_2802,CUST_2068,45092.5,Wallet,insufficient_funds,183179.12,2,2,0.78,0,37,not_applicable,0,2,1
TXN_2803,CUST_1332,1337.99,NetBanking,card_expired,77371.01,13,0,0.14,18,11,active,0,3,1
TXN_2804,CUST_1745,33090.42,Card,insufficient_funds,9750.36,5,8,0.84,8,72,inactive,1,0,0
TXN_2805,CUST_1511,21668.13,Wallet,customer_abandoned,133918.81,24,7,0.43,0,16,inactive,0,3,0
TXN_2806,CUST_1651,3374.84,Card,customer_abandoned,80887.27,9,0,0.76,11,45,active,1,2,0
TXN_2807,CUST_2026,20733.51,UPI,customer_abandoned,85293.58,17,7,0.7,11,35,not_applicable,0,1,0
TXN_2808,CUST_2789,13426.34,Wallet,customer_abandoned,88588.7,8,8,0.8,17,18,active,1,4,0
TXN_2809,CUST_1925,5618.26,Wallet,card_expired,125918.81,16,5,0.19,8,51,inactive,0,1,0
TXN_2810,CUST_2967,26502.25,Card,card_expired,175364.47,13,0,0.46,12,51,inactive,1,2,1
TXN_2811,CUST_2198,11625.22,UPI,card_expired,174976.12,11,4,0.17,18,62,not_applicable,0,1,1
TXN_2812,CUST_2532,9439.94,UPI,bank_declined,154887.5,5,8,0.47,12,23,active,1,4,0
TXN_2813,CUST_2269,18118.87,Card,insufficient_funds,170590.63,12,6,0.55,12,9,inactive,1,1,1
TXN_2814,CUST_1387,44862.22,NetBanking,network_error,180446.59,19,2,0.33,18,77,not_applicable,0,1,0
TXN_2815,CUST_1656,1341.31,Wallet,network_error,75990.28,17,8,0.9,14,90,inactive,1,4,1
TXN_2816,CUST_1383,13726.76,NetBanking,network_error,61221.83,0,4,0.61,3,31,inactive,0,0,1
TXN_2817,CUST_2071,36364.07,NetBanking,authentication_failed,179087.22,26,3,0.67,3,41,active,0,4,0
TXN_2818,CUST_1173,46640.83,Card,card_expired,53634.08,12,0,0.15,0,0,active,1,2,1
TXN_2819,CUST_1101,28212.85,Wallet,network_error,23638.73,4,1,0.14,9,83,not_applicable,0,0,1
TXN_2820,CUST_2783,14154.49,NetBanking,customer_abandoned,121243.66,29,1,0.82,6,38,active,0,1,1
TXN_2821,CUST_2057,13197.97,Wallet,bank_declined,49816.79,4,8,0.97,15,16,active,1,2,1
TXN_2822,CUST_2705,43998.05,Wallet,bank_declined,40745.98,5,2,0.95,9,1,inactive,0,0,1
TXN_2823,CUST_2062,22073.55,Card,card_expired,141717.0,10,3,0.59,0,72,inactive,1,3,0
TXN_2824,CUST_2246,27736.16,UPI,authentication_failed,146410.67,30,4,0.04,17,79,inactive,0,4,0
TXN_2825,CUST_2925,22957.54,UPI,customer_abandoned,27235.49,27,5,0.66,12,68,active,0,0,0
TXN_2826,CUST_1970,21699.27,NetBanking,card_expired,40336.52,20,0,0.55,14,78,inactive,1,0,1
TXN_2827,CUST_2917,1253.03,Wallet,authentication_failed,11175.2,10,7,0.95,4,83,not_applicable,1,0,0
TXN_2828,CUST_1634,35453.06,Card,bank_declined,14517.31,15,4,0.11,3,90,active,1,1,1
TXN_2829,CUST_2975,23297.06,UPI,customer_abandoned,190364.48,6,7,0.94,21,79,inactive,1,0,1
TXN_2830,CUST_1026,30144.88,UPI,network_error,91537.1,15,7,0.36,6,82,active,0,3,1
TXN_2831,CUST_2987,30185.15,NetBanking,insufficient_funds,116235.43,7,6,0.23,2,73,not_applicable,0,0,0
TXN_2832,CUST_1300,47264.91,NetBanking,authentication_failed,63433.32,23,1,0.44,18,25,not_applicable,1,1,0
TXN_2833,CUST_1430,41862.52,Wallet,insufficient_funds,6498.73,6,4,0.83,23,23,inactive,1,2,1
TXN_2834,CUST_2733,44339.55,Wallet,bank_declined,146224.75,17,0,0.16,8,63,inactive,0,3,0
TXN_2835,CUST_2535,15701.55,Wallet,card_expired,36468.39,24,3,0.86,10,8,active,1,3,1
TXN_2836,CUST_1658,19987.33,UPI,authentication_failed,34807.45,2,7,0.38,20,4,not_applicable,1,0,1
TXN_2837,CUST_1989,18220.12,Card,customer_abandoned,190369.11,5,8,0.95,18,44,active,1,2,0
TXN_2838,CUST_1785,8947.83,Card,bank_declined,172672.14,1,1,0.39,17,45,not_applicable,0,2,0
TXN_2839,CUST_1709,13766.2,UPI,customer_abandoned,119928.17,23,1,0.8,10,57,inactive,1,4,0
TXN_2840,CUST_1803,5616.01,NetBanking,card_expired,184496.44,19,1,0.75,12,6,not_applicable,1,3,1
TXN_2841,CUST_1005,38482.42,UPI,bank_declined,86342.02,0,3,0.76,0,39,inactive,1,0,1
TXN_2842,CUST_2105,12280.32,NetBanking,insufficient_funds,146073.67,24,3,0.42,19,69,active,0,0,0
TXN_2843,CUST_2647,17539.31,UPI,customer_abandoned,184423.76,6,6,0.93,12,20,not_applicable,0,1,0
TXN_2844,CUST_2052,39931.24,NetBanking,authentication_failed,87181.83,17,6,0.92,21,35,not_applicable,0,3,0
TXN_2845,CUST_2093,37240.76,UPI,card_expired,93926.51,12,5,0.23,5,77,not_applicable,1,0,0
TXN_2846,CUST_2988,21329.02,Wallet,bank_declined,151343.44,22,6,0.61,22,76,active,0,1,0
TXN_2847,CUST_1701,14188.08,Wallet,card_expired,96805.63,6,0,0.04,6,77,inactive,1,2,1
TXN_2848,CUST_2740,49495.62,UPI,authentication_failed,81968.93,29,8,0.01,1,55,inactive,0,4,0
TXN_2849,CUST_2474,32661.09,Wallet,insufficient_funds,122803.78,19,2,0.79,1,86,not_applicable,0,4,1
TXN_2850,CUST_2432,38205.23,UPI,authentication_failed,137908.82,26,4,0.32,7,10,active,0,1,1
TXN_2851,CUST_2660,7448.96,Wallet,network_error,91060.34,3,1,0.88,10,68,inactive,1,4,1
TXN_2852,CUST_1096,41994.38,NetBanking,card_expired,118460.42,25,6,0.19,7,23,not_applicable,0,0,0
TXN_2853,CUST_2216,25348.57,Wallet,insufficient_funds,80329.63,9,7,0.12,21,86,active,0,0,0
TXN_2854,CUST_1642,3730.84,Card,authentication_failed,20655.04,28,7,0.42,21,0,inactive,1,2,0
TXN_2855,CUST_1744,46284.66,NetBanking,bank_declined,75765.46,15,0,0.76,17,86,not_applicable,0,1,1
TXN_2856,CUST_1163,35233.87,Wallet,insufficient_funds,52763.08,9,6,0.94,23,9,not_applicable,1,1,1
TXN_2857,CUST_2180,41583.07,NetBanking,network_error,73644.09,28,7,0.1,12,52,active,1,1,1
TXN_2858,CUST_1508,487.21,NetBanking,customer_abandoned,95583.3,24,6,0.19,0,46,active,0,1,1
TXN_2859,CUST_2534,48973.05,Wallet,insufficient_funds,93416.18,23,8,0.82,9,2,active,1,3,1
TXN_2860,CUST_2664,24842.42,Wallet,insufficient_funds,186154.28,6,6,0.89,16,51,active,1,0,0
TXN_2861,CUST_1805,14883.16,Card,insufficient_funds,109456.67,12,6,0.22,7,55,active,1,0,1
TXN_2862,CUST_1264,24262.23,UPI,customer_abandoned,166496.37,20,6,0.9,8,1,not_applicable,0,0,1
TXN_2863,CUST_2760,983.45,Card,authentication_failed,172492.99,1,1,0.17,5,7,not_applicable,0,0,0
TXN_2864,CUST_1293,1346.05,NetBanking,card_expired,80501.79,0,4,0.99,10,20,not_applicable,0,3,0
TXN_2865,CUST_2550,21242.29,NetBanking,authentication_failed,62122.84,14,5,0.91,7,14,not_applicable,0,3,1
TXN_2866,CUST_1085,11961.17,UPI,authentication_failed,17156.37,22,8,0.63,13,5,active,1,2,0
TXN_2867,CUST_2878,33637.01,Wallet,bank_declined,7391.83,21,5,0.13,8,34,not_applicable,0,0,1
TXN_2868,CUST_1653,10697.3,NetBanking,customer_abandoned,171659.95,17,4,0.06,22,36,inactive,0,4,0
TXN_2869,CUST_1185,49928.16,UPI,authentication_failed,87182.14,0,8,0.7,3,70,not_applicable,1,2,0
TXN_2870,CUST_2288,30532.45,NetBanking,authentication_failed,145495.11,6,4,0.31,9,42,inactive,1,1,1
TXN_2871,CUST_2775,30210.54,Card,authentication_failed,78435.48,25,5,0.56,4,15,inactive,1,0,0
TXN_2872,CUST_1644,8360.21,Wallet,network_error,81143.74,0,3,0.34,13,13,inactive,0,2,1
TXN_2873,CUST_2109,38079.42,Wallet,insufficient_funds,97025.14,14,0,0.94,9,57,not_applicable,0,3,1
TXN_2874,CUST_2846,20843.61,Wallet,insufficient_funds,157604.41,4,3,0.55,11,8,inactive,1,0,1
TXN_2875,CUST_1145,2761.67,NetBanking,card_expired,80321.33,21,0,0.27,2,56,active,0,3,1
TXN_2876,CUST_2017,15486.92,UPI,bank_declined,177014.81,13,0,0.68,11,67,inactive,0,2,1
TXN_2877,CUST_1264,27222.37,Card,bank_declined,168266.64,9,1,0.88,6,31,not_applicable,1,2,1
TXN_2878,CUST_1905,17044.7,NetBanking,insufficient_funds,67709.41,22,6,0.04,8,46,active,0,2,1
TXN_2879,CUST_2422,42755.52,Wallet,authentication_failed,76933.3,1,5,0.74,23,58,active,0,4,0
TXN_2880,CUST_2305,18844.87,Wallet,network_error,29070.9,30,4,0.71,22,51,not_applicable,0,3,0
TXN_2881,CUST_1676,34324.14,Wallet,insufficient_funds,4557.82,17,3,0.22,6,41,not_applicable,1,2,1
TXN_2882,CUST_2284,28562.27,Wallet,network_error,151539.06,17,0,0.11,11,87,inactive,0,1,0
TXN_2883,CUST_2987,27819.9,Card,customer_abandoned,138303.83,22,7,0.97,15,11,not_applicable,1,1,1
TXN_2884,CUST_2752,45071.08,UPI,customer_abandoned,26094.44,3,2,0.39,5,3,not_applicable,1,3,1
TXN_2885,CUST_2001,45322.09,Card,card_expired,101767.96,6,2,0.59,22,90,not_applicable,1,1,1
TXN_2886,CUST_2610,41654.66,Card,card_expired,25180.72,18,6,0.81,9,33,active,0,4,0
TXN_2887,CUST_2887,22586.11,Card,bank_declined,85356.05,7,2,0.51,12,58,inactive,0,2,1
TXN_2888,CUST_1338,27455.37,Wallet,network_error,190682.33,29,3,0.18,19,90,active,0,4,0
TXN_2889,CUST_2776,40630.75,NetBanking,customer_abandoned,136146.64,4,0,0.61,4,30,not_applicable,0,0,0
TXN_2890,CUST_2178,43060.43,UPI,bank_declined,164507.67,22,0,0.12,2,54,not_applicable,0,1,0
TXN_2891,CUST_2558,20762.02,Card,authentication_failed,51485.67,8,4,0.87,4,27,inactive,1,0,0
TXN_2892,CUST_2238,40437.4,Card,authentication_failed,53417.32,0,7,0.0,10,41,active,1,2,0
TXN_2893,CUST_2413,5101.39,NetBanking,card_expired,151120.82,28,6,0.28,1,56,inactive,1,4,0
TXN_2894,CUST_2412,4442.97,UPI,card_expired,58045.19,17,3,0.78,3,3,active,1,2,1
TXN_2895,CUST_1503,32393.26,Card,customer_abandoned,183567.74,4,2,0.68,13,80,not_applicable,0,1,1
TXN_2896,CUST_2009,5537.68,Wallet,network_error,50895.63,14,3,0.89,6,9,inactive,0,3,0
TXN_2897,CUST_1822,32013.74,NetBanking,customer_abandoned,133089.58,15,0,0.41,14,0,active,1,0,1
TXN_2898,CUST_1487,39243.63,Wallet,insufficient_funds,136063.93,10,5,0.47,5,79,not_applicable,1,1,1
TXN_2899,CUST_2290,16874.37,NetBanking,insufficient_funds,59570.03,23,0,0.87,20,60,not_applicable,1,0,1
TXN_2900,CUST_1270,25797.49,Wallet,bank_declined,27016.21,0,6,0.22,15,46,not_applicable,0,3,0
TXN_2901,CUST_1928,19313.56,Wallet,card_expired,167458.17,11,0,0.95,13,20,active,0,1,0
TXN_2902,CUST_2447,18939.52,Wallet,card_expired,157948.6,25,8,0.35,21,45,not_applicable,1,2,0
TXN_2903,CUST_2937,1766.32,Wallet,customer_abandoned,77757.63,2,4,0.9,18,57,inactive,1,4,0
TXN_2904,CUST_1994,10405.01,Card,insufficient_funds,193994.34,16,3,0.03,18,89,not_applicable,1,4,1
TXN_2905,CUST_2717,16136.36,NetBanking,authentication_failed,8460.1,25,1,0.92,8,76,not_applicable,1,0,1
TXN_2906,CUST_2206,27633.79,NetBanking,bank_declined,55536.79,0,4,0.07,19,89,not_applicable,0,1,0
TXN_2907,CUST_2686,5866.28,Wallet,network_error,15202.04,9,3,0.76,4,16,not_applicable,0,4,1
TXN_2908,CUST_1526,17210.32,Wallet,insufficient_funds,84255.41,4,1,0.93,5,70,not_applicable,0,0,0
TXN_2909,CUST_1674,35812.26,NetBanking,authentication_failed,177051.79,29,5,0.32,7,32,active,0,0,0
TXN_2910,CUST_1373,30724.24,Wallet,network_error,125101.56,23,2,0.48,4,24,not_applicable,1,3,1
TXN_2911,CUST_1614,49310.4,Card,customer_abandoned,164403.6,5,5,0.43,12,59,not_applicable,1,0,0
TXN_2912,CUST_2735,13551.13,Card,card_expired,20933.7,6,7,0.35,16,82,not_applicable,1,0,0
TXN_2913,CUST_1675,925.2,NetBanking,insufficient_funds,163143.61,12,8,0.36,1,49,not_applicable,0,1,1
TXN_2914,CUST_2429,3790.76,NetBanking,authentication_failed,35824.37,20,5,0.89,12,39,inactive,1,3,0
TXN_2915,CUST_1050,47519.17,NetBanking,authentication_failed,199751.26,13,7,0.37,19,34,not_applicable,1,1,0
TXN_2916,CUST_2809,42931.97,Card,insufficient_funds,199723.67,27,7,0.63,4,25,inactive,0,0,1
TXN_2917,CUST_2719,39109.12,UPI,authentication_failed,71712.6,28,2,0.57,13,10,inactive,1,1,1
TXN_2918,CUST_1015,34436.88,UPI,network_error,5211.6,10,5,0.34,10,57,not_applicable,1,2,1
TXN_2919,CUST_1676,11725.31,Wallet,customer_abandoned,181192.41,29,8,0.04,12,41,inactive,1,3,0
TXN_2920,CUST_1721,15547.51,UPI,card_expired,123759.93,8,7,0.53,13,35,active,0,0,0
TXN_2921,CUST_1791,8295.63,Wallet,bank_declined,48122.81,16,6,0.5,16,16,inactive,0,2,0
TXN_2922,CUST_1146,47385.36,Wallet,network_error,93309.18,11,4,0.06,10,13,active,0,2,1
TXN_2923,CUST_2764,16509.38,NetBanking,bank_declined,131044.3,2,8,0.28,18,78,inactive,1,0,0
TXN_2924,CUST_1294,38630.41,Card,card_expired,185673.74,16,6,0.26,17,54,active,0,2,0
TXN_2925,CUST_2680,23266.89,Wallet,insufficient_funds,185507.79,23,1,0.9,14,2,active,1,1,1
TXN_2926,CUST_1093,6683.3,NetBanking,bank_declined,99606.33,4,3,0.11,16,82,inactive,0,1,0
TXN_2927,CUST_1092,7504.43,NetBanking,customer_abandoned,127572.03,1,8,0.95,19,68,active,0,4,1
TXN_2928,CUST_2591,18824.53,NetBanking,customer_abandoned,120203.51,2,3,0.86,8,85,not_applicable,0,4,0
TXN_2929,CUST_2577,34509.26,Wallet,customer_abandoned,82359.89,2,7,0.21,19,62,not_applicable,1,1,0
TXN_2930,CUST_2721,3890.42,NetBanking,bank_declined,139386.02,4,8,0.25,8,14,active,1,3,0
TXN_2931,CUST_2248,6141.96,NetBanking,authentication_failed,173067.16,0,4,0.49,10,5,inactive,0,2,0
TXN_2932,CUST_2543,28514.69,Wallet,customer_abandoned,82688.13,15,4,0.19,16,1,not_applicable,1,3,1
TXN_2933,CUST_2311,6440.11,Card,authentication_failed,21670.88,8,0,0.71,10,74,not_applicable,0,1,0
TXN_2934,CUST_2347,15407.96,Wallet,insufficient_funds,95570.27,5,4,0.45,8,18,not_applicable,0,1,1
TXN_2935,CUST_2985,31209.25,UPI,bank_declined,129234.84,29,8,0.71,19,17,inactive,1,4,0
TXN_2936,CUST_2723,16184.43,UPI,network_error,88161.55,6,4,0.31,4,5,active,0,4,1
TXN_2937,CUST_2523,40721.19,Wallet,customer_abandoned,33766.28,14,7,0.01,9,68,inactive,1,2,0
TXN_2938,CUST_2248,12278.77,NetBanking,insufficient_funds,23743.97,21,4,0.53,2,65,inactive,1,4,1
TXN_2939,CUST_2477,36863.84,Card,card_expired,43906.2,0,8,0.4,16,16,not_applicable,1,4,0
TXN_2940,CUST_2789,40529.27,Wallet,customer_abandoned,167985.2,16,4,0.91,3,73,inactive,0,1,1
TXN_2941,CUST_2324,34744.31,Card,card_expired,23248.27,28,6,0.57,0,82,inactive,1,4,0
TXN_2942,CUST_2549,21642.67,NetBanking,card_expired,127176.05,14,6,0.26,15,37,not_applicable,0,0,0
TXN_2943,CUST_2739,610.67,Wallet,card_expired,5409.75,22,0,0.01,12,51,active,0,0,1
TXN_2944,CUST_1760,12050.49,UPI,authentication_failed,45023.08,29,1,0.99,14,69,not_applicable,0,2,1
TXN_2945,CUST_2595,6458.3,Card,network_error,109566.95,26,5,0.86,10,72,inactive,1,4,0
TXN_2946,CUST_2123,14874.5,UPI,network_error,112761.62,29,2,0.71,7,17,inactive,0,1,1
TXN_2947,CUST_2338,33360.27,Wallet,insufficient_funds,174291.27,14,8,0.87,18,3,active,0,1,1
TXN_2948,CUST_1965,21549.83,UPI,insufficient_funds,128672.49,22,6,0.82,10,34,not_applicable,1,0,1
TXN_2949,CUST_2374,49600.65,NetBanking,network_error,37395.86,14,5,0.47,22,33,active,1,3,1
TXN_2950,CUST_2016,11329.52,NetBanking,bank_declined,95882.25,6,8,0.13,2,69,not_applicable,0,3,0
TXN_2951,CUST_2533,8939.06,Card,network_error,73361.92,16,1,0.37,11,74,active,1,3,0
TXN_2952,CUST_2233,49741.17,UPI,authentication_failed,23842.47,18,4,0.73,11,65,not_applicable,1,1,1
TXN_2953,CUST_1829,1606.58,Card,authentication_failed,21961.44,8,8,0.97,16,56,inactive,0,4,1
TXN_2954,CUST_1046,9777.0,Card,insufficient_funds,33172.79,21,7,0.24,12,10,active,0,4,0
TXN_2955,CUST_1817,28528.26,UPI,card_expired,45097.09,3,0,0.76,20,42,not_applicable,0,4,0
TXN_2956,CUST_2799,46114.35,UPI,card_expired,131687.82,29,8,0.44,16,82,inactive,0,4,0
TXN_2957,CUST_2570,40913.94,Card,insufficient_funds,58805.84,20,7,0.34,0,51,inactive,0,0,1
TXN_2958,CUST_1096,8320.58,Wallet,authentication_failed,9387.93,4,3,0.45,15,18,not_applicable,0,3,0
TXN_2959,CUST_2133,38606.24,Card,card_expired,183986.6,8,8,0.53,21,55,not_applicable,1,4,0
TXN_2960,CUST_2847,29475.58,Wallet,insufficient_funds,155900.73,7,5,0.09,1,53,inactive,1,3,0
TXN_2961,CUST_2046,713.3,Wallet,authentication_failed,119136.86,25,3,0.89,6,43,inactive,1,0,0
TXN_2962,CUST_2639,49103.8,Wallet,network_error,13543.7,7,1,0.9,5,84,active,0,2,1
TXN_2963,CUST_1674,15780.65,NetBanking,customer_abandoned,194731.78,1,5,0.29,14,86,active,1,1,1
TXN_2964,CUST_2318,44049.35,UPI,authentication_failed,151773.87,15,3,0.56,16,35,not_applicable,1,2,0
TXN_2965,CUST_1091,26645.39,NetBanking,bank_declined,72002.45,16,8,0.79,6,13,active,1,0,0
TXN_2966,CUST_1631,45539.56,Wallet,insufficient_funds,3951.2,20,1,0.81,4,29,not_applicable,1,0,0
TXN_2967,CUST_1406,39486.09,Wallet,authentication_failed,26908.7,14,1,0.08,10,80,inactive,0,0,0
TXN_2968,CUST_2193,31474.39,Wallet,network_error,126304.86,19,7,0.99,17,6,active,0,2,1
TXN_2969,CUST_2647,16662.12,NetBanking,bank_declined,125260.56,13,8,0.83,9,33,inactive,1,4,1
TXN_2970,CUST_2659,40175.9,NetBanking,insufficient_funds,85908.12,29,3,0.63,13,54,inactive,0,0,0
TXN_2971,CUST_1884,24581.42,Card,card_expired,44120.64,19,5,0.17,15,27,inactive,0,0,0
TXN_2972,CUST_1727,35940.08,Wallet,bank_declined,23108.34,14,2,0.24,19,90,not_applicable,0,3,0
TXN_2973,CUST_1478,28062.96,UPI,authentication_failed,80193.5,12,8,0.67,23,26,not_applicable,0,1,0
TXN_2974,CUST_2156,6284.57,UPI,bank_declined,100343.09,17,5,0.34,22,84,inactive,0,1,0
TXN_2975,CUST_1464,3444.7,Card,bank_declined,179248.12,2,6,0.69,23,47,active,1,2,0
TXN_2976,CUST_2100,3345.79,Card,authentication_failed,194999.63,13,6,0.68,0,59,active,1,2,0
TXN_2977,CUST_2627,35116.38,Wallet,network_error,151510.03,22,4,0.78,12,22,not_applicable,0,2,1
TXN_2978,CUST_2521,21551.15,NetBanking,authentication_failed,3194.59,9,1,0.93,20,62,inactive,0,3,0
TXN_2979,CUST_1130,10237.38,Wallet,insufficient_funds,184001.08,10,0,0.91,5,21,active,0,3,0
TXN_2980,CUST_2156,43715.42,UPI,customer_abandoned,199559.09,26,4,0.24,3,29,inactive,1,3,1
TXN_2981,CUST_1791,41169.11,UPI,customer_abandoned,46957.13,18,4,0.1,17,26,not_applicable,1,3,1
TXN_2982,CUST_1589,14871.63,UPI,customer_abandoned,174307.47,4,2,0.0,17,51,inactive,0,1,0
TXN_2983,CUST_2578,23346.98,UPI,card_expired,48504.22,13,5,0.69,23,3,not_applicable,1,1,0
TXN_2984,CUST_1238,3966.54,Card,network_error,33363.03,12,7,0.39,14,15,not_applicable,1,3,0
TXN_2985,CUST_1847,39631.9,Wallet,insufficient_funds,83797.98,0,2,0.09,10,50,active,1,1,1
TXN_2986,CUST_2661,4632.83,UPI,card_expired,26658.52,25,2,0.24,4,87,not_applicable,0,2,0
TXN_2987,CUST_2256,46238.17,UPI,insufficient_funds,165425.29,28,3,0.33,23,56,inactive,0,3,0
TXN_2988,CUST_1999,27502.87,NetBanking,authentication_failed,144648.78,23,0,0.99,3,60,inactive,0,2,1
TXN_2989,CUST_1306,2559.67,NetBanking,bank_declined,139176.82,26,6,0.83,3,35,inactive,0,4,1
TXN_2990,CUST_1336,33955.33,Card,card_expired,190849.15,24,5,0.51,2,58,inactive,1,2,1
TXN_2991,CUST_1889,48393.83,NetBanking,card_expired,169584.33,27,6,0.31,1,14,not_applicable,1,1,0
TXN_2992,CUST_2002,27451.19,Card,network_error,91149.94,6,1,0.88,18,74,inactive,1,4,1
TXN_2993,CUST_2297,12961.23,NetBanking,bank_declined,150607.99,18,2,0.09,20,23,inactive,1,3,0
TXN_2994,CUST_2742,19419.05,NetBanking,insufficient_funds,124896.17,9,0,0.16,0,27,not_applicable,1,0,1
TXN_2995,CUST_2992,22432.36,Card,customer_abandoned,183487.32,25,5,0.47,10,8,not_applicable,0,2,0
TXN_2996,CUST_2596,7177.26,NetBanking,customer_abandoned,1745.27,8,8,0.53,12,61,active,0,4,0
TXN_2997,CUST_2864,19647.22,Card,authentication_failed,118265.08,0,4,0.28,15,30,active,0,2,0
TXN_2998,CUST_2894,38758.61,NetBanking,bank_declined,189411.44,12,1,0.1,11,87,inactive,1,4,0
TXN_2999,CUST_2698,48004.63,Card,card_expired,8519.06,11,1,0.98,3,33,not_applicable,1,4,0
TXN_3000,CUST_2058,43696.07,Wallet,authentication_failed,62157.71,26,5,0.94,6,8,active,0,2,1
TXN_3001,CUST_1028,32749.89,NetBanking,bank_declined,16926.48,7,7,0.24,15,83,inactive,1,0,1
TXN_3002,CUST_2052,26481.42,Card,insufficient_funds,185665.84,22,8,0.43,11,64,active,0,0,0
TXN_3003,CUST_2480,22502.88,Wallet,card_expired,195870.41,2,4,0.96,6,74,active,1,0,1
TXN_3004,CUST_2921,44307.59,UPI,bank_declined,169674.66,7,6,0.21,15,68,inactive,0,0,0
TXN_3005,CUST_2935,3726.85,UPI,network_error,167505.43,25,8,0.17,2,70,inactive,0,0,1
TXN_3006,CUST_2259,20070.93,Wallet,customer_abandoned,115807.51,16,5,0.85,13,38,active,1,3,1
TXN_3007,CUST_2718,22030.68,UPI,network_error,13028.94,20,8,0.75,20,0,active,1,4,1
TXN_3008,CUST_2344,22449.78,Card,card_expired,62544.51,29,1,0.5,11,33,active,0,0,1
TXN_3009,CUST_1827,37874.89,UPI,insufficient_funds,109234.85,5,3,0.88,1,23,not_applicable,1,2,1
TXN_3010,CUST_3000,11989.29,NetBanking,customer_abandoned,170367.28,0,5,0.56,4,21,inactive,0,0,0
TXN_3011,CUST_1592,31213.04,Card,insufficient_funds,72185.64,12,6,0.84,15,4,active,1,0,1
TXN_3012,CUST_1524,36349.42,NetBanking,customer_abandoned,20011.71,18,2,0.4,0,12,inactive,1,1,0
TXN_3013,CUST_1421,40442.17,Card,card_expired,32828.22,4,2,0.28,8,4,active,1,1,0
TXN_3014,CUST_2779,32553.24,Card,card_expired,151641.96,21,2,0.75,1,47,inactive,0,0,1
TXN_3015,CUST_1195,40559.94,UPI,insufficient_funds,87978.54,3,3,0.12,8,68,inactive,0,1,1
TXN_3016,CUST_2179,47619.84,UPI,card_expired,158805.74,7,2,0.58,11,23,not_applicable,1,0,1
TXN_3017,CUST_2631,46535.05,Card,card_expired,86240.22,7,4,0.33,10,52,not_applicable,1,2,1
TXN_3018,CUST_1258,43185.81,Card,bank_declined,65285.67,5,8,0.46,12,38,inactive,1,3,0
TXN_3019,CUST_2624,7539.87,UPI,card_expired,191606.05,8,8,0.4,13,54,active,1,1,1
TXN_3020,CUST_2526,9548.88,UPI,customer_abandoned,110026.29,25,5,0.02,7,55,inactive,1,1,1
TXN_3021,CUST_1566,29087.6,NetBanking,card_expired,125492.33,19,7,0.05,7,45,inactive,0,2,0
TXN_3022,CUST_2409,3809.11,Card,network_error,58493.95,30,6,0.63,11,42,not_applicable,0,2,1
TXN_3023,CUST_1999,30646.28,Wallet,card_expired,110301.0,11,3,0.27,20,65,active,1,3,0
TXN_3024,CUST_1614,6939.28,UPI,bank_declined,169965.1,15,5,0.62,7,31,inactive,1,1,0
TXN_3025,CUST_1590,8942.75,Wallet,bank_declined,174734.08,29,6,0.74,13,40,not_applicable,0,2,0
TXN_3026,CUST_1426,20402.52,Wallet,card_expired,53133.14,24,8,0.98,10,31,active,1,1,0
TXN_3027,CUST_2796,15158.78,Wallet,network_error,169665.39,29,2,0.76,9,13,inactive,1,0,1
TXN_3028,CUST_1320,21384.99,Wallet,customer_abandoned,38004.74,22,6,0.11,6,80,not_applicable,0,2,1
TXN_3029,CUST_1555,13448.84,Card,customer_abandoned,164191.81,9,6,1.0,17,42,not_applicable,1,1,0
TXN_3030,CUST_2369,23704.45,UPI,network_error,160610.45,25,1,0.79,12,68,active,1,4,1
TXN_3031,CUST_1963,17514.85,Card,authentication_failed,91316.8,19,8,0.59,21,9,inactive,0,2,1
TXN_3032,CUST_2762,16444.61,Card,customer_abandoned,184705.63,30,8,0.27,2,12,inactive,0,3,1
TXN_3033,CUST_1181,33546.16,UPI,card_expired,93238.78,0,7,0.61,6,60,active,1,0,0
TXN_3034,CUST_1965,13781.28,Card,insufficient_funds,23597.35,30,1,0.11,8,68,not_applicable,1,3,0
TXN_3035,CUST_2963,38166.49,UPI,authentication_failed,121986.26,28,2,0.1,12,35,not_applicable,0,0,1
TXN_3036,CUST_1269,30108.24,UPI,bank_declined,192210.26,12,3,0.67,18,38,inactive,1,1,1
TXN_3037,CUST_1662,23741.79,NetBanking,card_expired,130051.02,23,2,0.03,12,89,inactive,1,3,0
TXN_3038,CUST_1420,6557.21,Card,authentication_failed,51081.22,3,7,0.43,4,74,not_applicable,1,0,0
TXN_3039,CUST_1440,6987.58,Wallet,authentication_failed,135004.92,8,8,0.6,21,10,not_applicable,0,1,0
TXN_3040,CUST_2314,781.63,Wallet,customer_abandoned,16451.94,29,6,0.39,22,37,not_applicable,1,0,0
TXN_3041,CUST_2270,18903.3,Wallet,network_error,126008.34,21,0,0.55,13,87,not_applicable,0,1,1
TXN_3042,CUST_1673,17256.74,Card,authentication_failed,123192.21,3,0,0.86,3,49,active,0,2,0
TXN_3043,CUST_2608,27714.66,UPI,insufficient_funds,73096.31,12,3,0.37,18,77,inactive,0,0,0
TXN_3044,CUST_1398,2058.25,Card,card_expired,197608.55,8,4,0.66,6,60,not_applicable,1,3,0
TXN_3045,CUST_2345,1996.09,Card,customer_abandoned,121500.33,8,8,0.48,3,36,active,1,0,0
TXN_3046,CUST_2491,13968.31,UPI,insufficient_funds,178172.58,27,6,0.55,15,76,active,0,0,1
TXN_3047,CUST_1514,3726.84,UPI,insufficient_funds,143110.18,12,0,0.7,9,74,not_applicable,0,0,1
TXN_3048,CUST_1097,25562.11,NetBanking,customer_abandoned,87323.1,28,2,0.59,1,19,not_applicable,1,3,0
TXN_3049,CUST_2896,47068.83,UPI,network_error,118170.11,29,8,0.31,1,9,not_applicable,0,1,1
TXN_3050,CUST_1597,40303.67,Card,insufficient_funds,33161.6,30,3,0.29,8,64,not_applicable,1,2,0
TXN_3051,CUST_2133,15842.91,NetBanking,card_expired,158707.83,1,3,0.13,10,25,active,1,0,1
TXN_3052,CUST_2424,3510.75,Wallet,authentication_failed,3505.93,21,1,0.9,15,75,active,0,4,0
TXN_3053,CUST_1782,17656.16,UPI,insufficient_funds,47286.33,10,7,0.62,3,89,active,1,0,1
TXN_3054,CUST_1416,49580.73,Card,customer_abandoned,196659.98,3,4,0.64,0,17,inactive,1,0,0
TXN_3055,CUST_1330,24607.93,UPI,bank_declined,136813.33,2,1,0.1,4,68,inactive,1,2,0
TXN_3056,CUST_1279,3856.08,Wallet,customer_abandoned,15598.79,2,3,0.2,13,60,not_applicable,1,3,0
TXN_3057,CUST_1779,39260.24,NetBanking,network_error,97613.68,6,1,0.34,7,70,active,0,3,0
TXN_3058,CUST_1617,27559.75,UPI,customer_abandoned,54982.45,12,1,0.61,18,36,active,0,1,0
TXN_3059,CUST_1243,5654.58,NetBanking,bank_declined,43212.95,28,0,0.47,2,90,active,0,2,0
TXN_3060,CUST_1446,38613.31,NetBanking,insufficient_funds,179747.61,13,6,0.33,21,23,inactive,0,3,1
TXN_3061,CUST_2122,5231.36,NetBanking,bank_declined,11541.61,10,2,0.86,10,22,not_applicable,1,2,0
TXN_3062,CUST_2829,4620.21,UPI,insufficient_funds,23572.06,4,5,0.03,9,62,not_applicable,0,3,0
TXN_3063,CUST_2195,10550.05,NetBanking,authentication_failed,194045.25,16,5,0.67,13,49,not_applicable,1,4,0
TXN_3064,CUST_2167,38829.36,Card,insufficient_funds,107479.68,0,5,0.8,3,75,not_applicable,1,3,0
TXN_3065,CUST_1924,15795.85,NetBanking,customer_abandoned,112660.91,29,6,0.53,6,46,inactive,1,1,1
TXN_3066,CUST_2744,49088.19,Card,network_error,82797.47,20,1,0.76,14,19,inactive,1,1,1
TXN_3067,CUST_2557,38863.89,NetBanking,network_error,74911.97,11,0,0.04,8,48,active,1,0,1
TXN_3068,CUST_2358,30571.07,UPI,insufficient_funds,24730.78,9,4,0.92,3,28,active,1,4,1
TXN_3069,CUST_2327,46507.34,Wallet,card_expired,141720.37,8,0,0.33,22,65,inactive,0,0,0
TXN_3070,CUST_1007,37066.39,Wallet,network_error,120692.75,17,0,0.67,21,34,active,1,1,1
TXN_3071,CUST_2098,24441.89,Card,insufficient_funds,197983.63,15,6,0.21,5,24,not_applicable,0,0,0
TXN_3072,CUST_1719,14661.98,Card,card_expired,153257.19,7,2,0.76,17,18,active,0,4,0
TXN_3073,CUST_1317,4161.38,NetBanking,insufficient_funds,3275.1,17,4,0.43,15,41,active,0,2,1
TXN_3074,CUST_2241,49420.65,NetBanking,insufficient_funds,94490.61,0,4,0.26,2,4,not_applicable,1,3,1
TXN_3075,CUST_2239,24604.29,UPI,card_expired,120235.95,11,1,0.1,22,14,active,1,0,1
TXN_3076,CUST_2691,47216.76,NetBanking,card_expired,118311.57,10,7,0.34,4,21,not_applicable,0,0,1
TXN_3077,CUST_2621,45529.51,Wallet,bank_declined,55524.13,3,5,0.51,15,71,active,1,4,1
TXN_3078,CUST_1492,8702.57,UPI,card_expired,144213.12,29,8,0.61,0,9,active,1,0,1
TXN_3079,CUST_2273,17625.86,NetBanking,customer_abandoned,63462.0,30,5,0.68,7,38,active,1,1,0
TXN_3080,CUST_2611,21040.77,UPI,customer_abandoned,38446.75,8,4,0.01,15,71,inactive,1,2,1
TXN_3081,CUST_2500,21641.98,Card,authentication_failed,193900.57,1,2,0.14,2,82,not_applicable,0,0,0
TXN_3082,CUST_1789,10128.6,Card,bank_declined,158224.75,15,8,0.78,20,90,active,0,3,0
TXN_3083,CUST_2143,45612.02,UPI,customer_abandoned,39731.3,4,1,0.61,7,84,not_applicable,1,2,1
TXN_3084,CUST_2907,44131.59,Card,customer_abandoned,191356.22,12,0,0.34,10,42,not_applicable,1,2,1
TXN_3085,CUST_2873,9498.51,Wallet,bank_declined,100598.48,18,4,0.79,22,2,not_applicable,1,1,1
TXN_3086,CUST_2179,33020.6,UPI,network_error,65391.94,19,6,0.34,18,81,active,1,2,1
TXN_3087,CUST_2830,23403.27,Card,authentication_failed,162594.63,19,8,0.16,13,1,inactive,0,0,1
TXN_3088,CUST_1795,3305.34,NetBanking,network_error,39616.72,14,3,0.66,7,57,inactive,1,3,0
TXN_3089,CUST_2830,12708.71,UPI,insufficient_funds,66111.13,12,5,0.54,4,56,inactive,0,1,0
TXN_3090,CUST_1856,40576.7,UPI,bank_declined,154953.69,18,8,0.15,1,17,inactive,0,0,0
TXN_3091,CUST_2048,38763.91,NetBanking,card_expired,68128.58,15,6,0.63,19,78,active,1,2,0
TXN_3092,CUST_1551,30473.57,NetBanking,network_error,31377.94,24,7,0.83,5,41,active,1,1,1
TXN_3093,CUST_1492,14149.54,Card,bank_declined,168336.91,5,3,0.05,9,65,active,0,2,1
TXN_3094,CUST_1163,18563.18,Wallet,customer_abandoned,57675.27,4,4,0.91,3,42,inactive,0,3,1
TXN_3095,CUST_2229,3289.77,UPI,bank_declined,143222.8,17,5,0.53,10,58,inactive,0,3,1
TXN_3096,CUST_1356,15715.99,Wallet,authentication_failed,115258.24,25,6,0.5,0,20,inactive,0,2,0
TXN_3097,CUST_1926,22859.66,UPI,card_expired,41920.27,24,3,0.76,7,84,active,1,4,1
TXN_3098,CUST_1596,47929.96,NetBanking,card_expired,52900.88,29,3,0.68,2,41,not_applicable,0,4,1
TXN_3099,CUST_1792,33206.57,Card,insufficient_funds,174383.31,8,0,0.83,4,77,inactive,1,1,1
TXN_3100,CUST_2853,30046.18,UPI,network_error,32096.01,5,1,0.54,15,37,active,0,1,1
TXN_3101,CUST_1054,37212.47,NetBanking,insufficient_funds,106083.63,13,7,0.41,17,22,active,1,1,1
TXN_3102,CUST_2209,49935.05,Card,network_error,15270.39,12,3,0.04,15,0,inactive,0,1,1
TXN_3103,CUST_2678,48556.52,NetBanking,insufficient_funds,195868.4,6,1,0.65,7,75,active,0,2,0
TXN_3104,CUST_2088,10776.69,NetBanking,insufficient_funds,194436.38,5,2,0.14,1,53,active,0,0,1
TXN_3105,CUST_2180,5699.36,Card,customer_abandoned,115052.46,7,3,0.78,11,79,active,1,4,0
TXN_3106,CUST_1997,48897.01,UPI,authentication_failed,87449.61,1,0,0.15,1,82,active,0,4,0
TXN_3107,CUST_2327,33983.95,NetBanking,network_error,166612.93,3,6,0.46,4,23,inactive,1,2,1
TXN_3108,CUST_2433,13440.5,Wallet,insufficient_funds,129537.39,16,5,0.99,11,76,inactive,0,3,0
TXN_3109,CUST_2186,44337.88,Card,card_expired,112894.22,0,4,0.25,11,27,active,0,0,1
TXN_3110,CUST_2970,24219.38,Wallet,customer_abandoned,67006.36,20,7,0.18,14,68,active,1,2,0
TXN_3111,CUST_1771,41659.17,NetBanking,network_error,123267.59,23,4,0.91,7,56,active,0,4,1
TXN_3112,CUST_1605,6144.81,NetBanking,card_expired,2211.42,21,1,0.51,2,85,inactive,1,3,1
TXN_3113,CUST_2984,34778.77,Wallet,customer_abandoned,62370.52,13,5,0.88,1,44,active,1,3,1
TXN_3114,CUST_1137,869.22,Card,insufficient_funds,163555.24,25,2,0.3,17,11,not_applicable,1,3,0
TXN_3115,CUST_2121,11393.91,UPI,network_error,94247.38,21,1,0.42,23,79,active,0,1,1
TXN_3116,CUST_1503,8693.69,UPI,customer_abandoned,152683.93,3,6,0.99,15,80,not_applicable,1,0,1
TXN_3117,CUST_1791,14867.25,Wallet,customer_abandoned,49716.98,13,3,0.22,10,31,active,0,1,1
TXN_3118,CUST_2400,27611.39,Wallet,insufficient_funds,121474.67,17,5,0.71,18,19,active,0,3,0
TXN_3119,CUST_2676,14687.43,NetBanking,customer_abandoned,66731.89,16,5,0.68,13,28,inactive,0,0,0
TXN_3120,CUST_1585,10709.9,Card,authentication_failed,75492.89,9,3,0.27,0,5,active,0,3,0
TXN_3121,CUST_2700,41523.93,NetBanking,card_expired,170769.17,18,8,0.22,18,89,active,0,0,0
TXN_3122,CUST_1424,36967.49,Card,bank_declined,43094.2,13,5,0.39,19,84,not_applicable,1,3,0
TXN_3123,CUST_2254,11390.85,Card,card_expired,158787.55,15,8,0.8,22,33,active,1,4,0
TXN_3124,CUST_1413,16862.1,Wallet,network_error,27713.45,10,1,0.07,10,26,not_applicable,0,0,0
TXN_3125,CUST_1193,32814.14,UPI,bank_declined,108877.21,21,0,0.77,12,45,active,1,3,0
TXN_3126,CUST_1599,40355.07,Card,network_error,4291.35,14,3,0.19,11,8,active,1,1,1
TXN_3127,CUST_1572,18850.39,NetBanking,bank_declined,196514.05,7,3,0.67,15,46,not_applicable,1,2,1
TXN_3128,CUST_2905,10152.18,Wallet,authentication_failed,172927.45,15,6,0.32,8,67,inactive,1,4,1
TXN_3129,CUST_1872,7968.66,Card,card_expired,103751.62,8,4,0.79,22,47,active,0,2,1
TXN_3130,CUST_1833,23457.39,Card,bank_declined,197284.8,0,6,0.43,18,16,not_applicable,1,2,0
TXN_3131,CUST_1784,2821.53,NetBanking,insufficient_funds,168599.81,4,0,0.65,13,16,inactive,1,3,0
TXN_3132,CUST_1367,906.86,Card,customer_abandoned,118742.1,10,0,0.01,19,56,not_applicable,0,2,1
TXN_3133,CUST_2402,30843.32,NetBanking,card_expired,38614.4,2,2,0.19,18,14,inactive,1,2,1
TXN_3134,CUST_2845,2779.49,UPI,card_expired,63367.71,4,3,0.15,9,63,inactive,0,2,0
TXN_3135,CUST_2865,33122.08,NetBanking,network_error,144506.03,23,7,0.26,4,47,active,1,0,1
TXN_3136,CUST_1939,4026.31,UPI,card_expired,85804.16,7,8,0.95,4,11,inactive,1,4,0
TXN_3137,CUST_2393,12911.41,Card,card_expired,21076.87,6,7,0.61,20,19,not_applicable,0,4,0
TXN_3138,CUST_2430,32182.27,NetBanking,bank_declined,172364.92,2,6,0.49,15,51,not_applicable,1,0,0
TXN_3139,CUST_1809,14541.32,Card,network_error,132823.56,20,3,0.61,21,17,not_applicable,1,1,1
TXN_3140,CUST_1008,34179.92,UPI,insufficient_funds,127840.78,4,2,0.88,0,6,not_applicable,1,4,1
TXN_3141,CUST_2880,38952.21,NetBanking,card_expired,50492.72,12,4,0.68,17,26,active,0,3,1
TXN_3142,CUST_2738,19348.04,Wallet,customer_abandoned,156041.73,18,6,0.72,0,65,active,1,3,0
TXN_3143,CUST_2482,29117.26,UPI,customer_abandoned,26907.68,6,6,0.97,0,42,not_applicable,1,4,1
TXN_3144,CUST_2878,5575.22,NetBanking,network_error,25228.65,28,2,0.59,0,71,inactive,1,2,1
TXN_3145,CUST_2163,1841.8,UPI,insufficient_funds,108786.66,27,3,0.39,4,33,not_applicable,1,0,1
TXN_3146,CUST_2859,40115.83,Card,bank_declined,183100.28,1,0,0.76,2,13,inactive,1,3,1
TXN_3147,CUST_1224,10902.88,Wallet,bank_declined,53451.02,25,8,0.21,22,88,not_applicable,0,4,1
TXN_3148,CUST_2797,47401.06,UPI,card_expired,143650.6,30,8,0.88,23,65,not_applicable,0,2,0
TXN_3149,CUST_1522,19444.23,UPI,insufficient_funds,85726.56,9,0,0.08,8,30,active,1,3,0
TXN_3150,CUST_1788,34804.23,NetBanking,insufficient_funds,88247.35,21,3,0.55,10,24,not_applicable,0,2,1
TXN_3151,CUST_2054,13941.05,Card,network_error,95702.61,9,7,0.47,10,45,not_applicable,0,1,0
TXN_3152,CUST_1086,41051.7,UPI,insufficient_funds,90781.64,29,6,0.6,16,40,inactive,1,3,1
TXN_3153,CUST_1225,43325.06,Wallet,network_error,178194.02,17,4,0.27,1,11,not_applicable,0,1,1
TXN_3154,CUST_2819,13127.23,Wallet,customer_abandoned,56462.76,3,6,0.91,19,67,not_applicable,0,3,0
TXN_3155,CUST_2437,4177.03,UPI,network_error,27940.34,2,1,0.16,11,66,inactive,1,4,1
TXN_3156,CUST_1865,36797.16,UPI,insufficient_funds,172069.14,18,7,0.94,12,56,inactive,0,1,1
TXN_3157,CUST_1327,15557.65,Wallet,insufficient_funds,48824.25,15,0,0.36,23,41,active,1,4,0
TXN_3158,CUST_1424,28798.12,NetBanking,card_expired,147900.19,8,5,0.49,20,69,active,1,3,0
TXN_3159,CUST_1670,3303.35,Wallet,customer_abandoned,108046.68,4,8,0.72,11,31,inactive,0,1,0
TXN_3160,CUST_2184,36123.29,Card,bank_declined,162322.49,5,6,0.41,12,84,active,0,3,0
TXN_3161,CUST_2854,20261.09,Wallet,bank_declined,135991.78,17,0,0.76,2,87,inactive,1,3,0
TXN_3162,CUST_1876,17335.29,Wallet,authentication_failed,82797.12,27,3,0.17,0,25,active,0,4,0
TXN_3163,CUST_1698,34700.41,Card,card_expired,183492.07,28,7,0.39,5,61,inactive,1,4,0
TXN_3164,CUST_2147,14326.47,Card,bank_declined,91555.29,10,1,0.29,20,47,not_applicable,0,1,1
TXN_3165,CUST_1655,36825.63,Card,authentication_failed,2561.14,11,4,0.54,13,13,active,0,4,1
TXN_3166,CUST_1956,13384.79,Card,insufficient_funds,121055.01,17,7,0.67,4,1,not_applicable,1,1,1
TXN_3167,CUST_2137,22347.9,Card,network_error,69969.02,25,7,0.84,15,58,not_applicable,0,0,0
TXN_3168,CUST_2799,16130.63,NetBanking,card_expired,21500.82,10,2,0.07,22,61,not_applicable,1,1,1
TXN_3169,CUST_1002,29185.18,UPI,insufficient_funds,11280.77,14,1,0.34,4,9,active,0,2,0
TXN_3170,CUST_1288,14787.97,Card,bank_declined,152898.31,21,4,0.75,15,27,not_applicable,0,2,1
TXN_3171,CUST_2513,36468.23,Wallet,customer_abandoned,149807.55,21,7,0.4,15,12,not_applicable,1,0,0
TXN_3172,CUST_2388,26111.41,Wallet,insufficient_funds,184358.12,12,5,0.64,22,78,inactive,1,3,0
TXN_3173,CUST_1824,34169.57,Wallet,network_error,86013.4,9,0,0.59,19,78,not_applicable,1,4,1
TXN_3174,CUST_2750,25795.87,Card,card_expired,162982.81,9,4,0.72,0,2,not_applicable,1,1,0
TXN_3175,CUST_1330,7624.56,NetBanking,card_expired,167353.87,21,6,0.94,21,46,active,1,4,0
TXN_3176,CUST_1410,24463.23,Card,card_expired,52518.86,26,1,0.75,18,9,inactive,0,4,1
TXN_3177,CUST_2440,7130.17,UPI,network_error,175528.43,0,5,0.18,22,36,inactive,0,3,1
TXN_3178,CUST_1102,22903.32,UPI,bank_declined,66326.19,15,1,0.16,2,42,active,0,0,1
TXN_3179,CUST_1141,33128.34,Wallet,customer_abandoned,110535.65,26,2,0.12,13,1,active,0,1,1
TXN_3180,CUST_1821,3708.3,NetBanking,authentication_failed,149009.7,18,3,0.71,21,33,inactive,1,4,0
TXN_3181,CUST_1933,28057.48,Card,card_expired,17850.55,10,4,0.9,16,64,not_applicable,0,2,0
TXN_3182,CUST_2007,34941.83,UPI,authentication_failed,185311.6,5,1,0.81,9,73,inactive,1,4,1
TXN_3183,CUST_1186,28528.42,NetBanking,network_error,61905.78,7,8,0.22,13,81,inactive,1,1,0
TXN_3184,CUST_2663,31461.92,Card,insufficient_funds,35358.65,28,3,0.26,2,63,not_applicable,0,3,0
TXN_3185,CUST_1866,11729.2,NetBanking,card_expired,118140.09,24,8,0.92,4,39,inactive,1,2,0
TXN_3186,CUST_2757,33354.69,Card,customer_abandoned,116961.57,15,2,0.49,9,0,active,0,1,1
TXN_3187,CUST_1042,44746.05,Wallet,customer_abandoned,50458.66,1,1,0.09,9,85,not_applicable,1,0,1
TXN_3188,CUST_1654,8863.22,UPI,authentication_failed,75007.3,0,8,0.03,10,35,active,0,3,0
TXN_3189,CUST_2796,8742.86,UPI,network_error,11827.62,30,3,0.66,23,7,not_applicable,0,1,0
TXN_3190,CUST_1655,18728.44,Wallet,customer_abandoned,175040.72,29,3,0.21,12,76,not_applicable,0,0,1
TXN_3191,CUST_1183,7621.78,UPI,insufficient_funds,124491.28,23,0,0.42,18,6,not_applicable,0,0,1
TXN_3192,CUST_2132,38107.58,Wallet,authentication_failed,109594.9,3,0,0.63,9,68,active,0,4,1
TXN_3193,CUST_2318,15023.31,Card,bank_declined,72473.62,22,4,0.72,2,42,not_applicable,0,4,0
TXN_3194,CUST_2398,9008.79,UPI,authentication_failed,75853.31,23,3,0.47,1,33,not_applicable,0,3,0
TXN_3195,CUST_1854,8995.91,Wallet,insufficient_funds,184961.59,7,6,0.76,12,21,not_applicable,0,4,0
TXN_3196,CUST_2615,34035.05,UPI,card_expired,179559.25,4,6,0.14,16,8,inactive,1,3,0
TXN_3197,CUST_2831,27180.79,NetBanking,network_error,160003.06,27,0,0.04,11,28,active,0,0,0
TXN_3198,CUST_1714,22799.84,Card,customer_abandoned,72487.0,24,3,0.29,0,78,inactive,1,1,1
TXN_3199,CUST_2238,39599.54,Wallet,authentication_failed,191127.42,16,4,0.41,4,12,not_applicable,0,2,1
TXN_3200,CUST_1286,41207.5,Wallet,authentication_failed,96729.17,7,7,0.67,13,45,not_applicable,0,0,0
TXN_3201,CUST_1830,27980.3,Wallet,network_error,12551.22,15,1,0.7,16,63,inactive,1,1,1
TXN_3202,CUST_2347,40872.54,Card,network_error,165164.44,29,3,0.24,13,69,not_applicable,1,0,1
TXN_3203,CUST_1179,24117.39,Wallet,customer_abandoned,119735.92,5,7,0.29,12,22,not_applicable,0,1,0
TXN_3204,CUST_1870,14959.57,Wallet,network_error,12042.65,14,8,0.0,22,65,active,0,3,0
TXN_3205,CUST_2318,39633.31,Wallet,insufficient_funds,192324.83,30,6,0.43,10,21,active,0,3,0
TXN_3206,CUST_1596,7427.72,Card,bank_declined,110655.24,18,8,0.14,3,17,inactive,1,4,0
TXN_3207,CUST_1976,46669.61,Wallet,network_error,39944.01,4,6,0.76,10,77,inactive,1,2,1
TXN_3208,CUST_1051,18837.31,Card,authentication_failed,23038.95,11,8,0.35,0,40,active,0,2,0
TXN_3209,CUST_1255,18727.92,Wallet,insufficient_funds,84087.04,28,6,0.3,10,61,not_applicable,0,4,0
TXN_3210,CUST_1143,45950.72,Card,authentication_failed,80718.48,30,5,0.19,12,44,active,1,0,0
TXN_3211,CUST_2327,42714.64,UPI,bank_declined,114756.3,16,6,0.46,1,7,not_applicable,1,0,0
TXN_3212,CUST_1008,22541.39,Card,bank_declined,56419.91,8,2,0.94,16,57,not_applicable,1,2,0
TXN_3213,CUST_2309,4286.74,Wallet,insufficient_funds,103814.04,20,3,0.23,20,2,active,0,0,1
TXN_3214,CUST_1252,43854.72,UPI,customer_abandoned,105975.39,28,2,0.33,10,81,active,0,4,0
TXN_3215,CUST_1801,40036.21,UPI,network_error,125279.09,8,2,0.47,18,2,inactive,1,1,1
TXN_3216,CUST_1371,16778.89,Card,card_expired,192008.84,27,3,0.52,13,77,active,0,4,0
TXN_3217,CUST_1032,26118.96,Wallet,card_expired,156018.71,28,0,0.34,0,63,not_applicable,0,0,1
TXN_3218,CUST_2925,29288.31,Card,bank_declined,133375.62,25,2,0.71,12,83,not_applicable,1,1,0
TXN_3219,CUST_1531,18621.59,Wallet,bank_declined,15995.62,7,7,0.96,23,81,inactive,0,2,0
TXN_3220,CUST_2013,31200.55,UPI,customer_abandoned,133594.76,24,4,0.55,9,50,not_applicable,1,3,0
TXN_3221,CUST_2389,37781.64,Wallet,bank_declined,160946.64,1,6,0.55,17,63,active,1,2,0
TXN_3222,CUST_1518,5785.52,NetBanking,card_expired,17706.38,8,5,0.34,23,8,inactive,1,3,0
TXN_3223,CUST_2835,47687.46,Wallet,bank_declined,156940.93,29,8,0.66,6,85,not_applicable,1,4,0
TXN_3224,CUST_1406,8451.64,NetBanking,authentication_failed,195712.88,23,3,0.38,21,45,not_applicable,1,1,0
TXN_3225,CUST_2750,24740.56,Wallet,network_error,174925.6,6,6,0.89,12,38,not_applicable,1,1,1
TXN_3226,CUST_1315,44326.16,UPI,customer_abandoned,55025.36,25,7,0.04,15,46,not_applicable,1,0,1
TXN_3227,CUST_2892,43206.95,NetBanking,card_expired,119649.98,5,6,0.57,19,71,active,1,2,1
TXN_3228,CUST_1499,39336.85,Wallet,authentication_failed,178130.99,22,5,0.55,17,4,inactive,0,2,1
TXN_3229,CUST_1653,49807.73,UPI,bank_declined,24192.38,23,0,0.85,19,22,not_applicable,1,3,1
TXN_3230,CUST_1949,19439.56,Card,customer_abandoned,123001.39,26,0,0.06,1,58,active,1,1,1
TXN_3231,CUST_2879,43557.44,Card,authentication_failed,43478.84,1,7,0.43,14,29,not_applicable,1,1,1
TXN_3232,CUST_2729,21485.34,NetBanking,bank_declined,72315.16,20,5,0.44,21,80,not_applicable,0,1,0
TXN_3233,CUST_2151,31636.37,UPI,insufficient_funds,160337.87,13,2,0.45,10,71,inactive,0,2,0
TXN_3234,CUST_1078,26732.66,Card,customer_abandoned,68357.62,22,0,0.66,9,43,active,0,4,1
TXN_3235,CUST_1192,27946.64,NetBanking,card_expired,12266.38,10,3,0.17,2,17,inactive,1,1,1
TXN_3236,CUST_2688,14203.02,Card,network_error,135010.74,19,5,0.02,6,10,not_applicable,0,0,0
TXN_3237,CUST_1291,13340.59,Card,customer_abandoned,62694.35,11,0,0.53,8,21,inactive,1,1,1
TXN_3238,CUST_2812,44235.12,Wallet,bank_declined,17988.39,4,8,0.44,13,86,inactive,0,2,1
TXN_3239,CUST_1227,30830.61,UPI,authentication_failed,59173.57,11,7,0.42,7,67,active,1,2,1
TXN_3240,CUST_1599,48665.71,NetBanking,insufficient_funds,178734.6,8,6,0.34,1,77,not_applicable,0,4,1
TXN_3241,CUST_1475,274.88,NetBanking,insufficient_funds,6498.32,2,7,0.82,21,38,inactive,1,2,0
TXN_3242,CUST_2547,3132.39,Card,customer_abandoned,48192.47,14,0,0.43,13,17,inactive,0,4,1
TXN_3243,CUST_2730,31254.34,UPI,network_error,48286.62,14,3,0.5,7,56,inactive,1,0,0
TXN_3244,CUST_2727,40768.89,Card,insufficient_funds,65314.77,21,5,0.98,15,47,inactive,0,3,1
TXN_3245,CUST_1527,3216.22,UPI,card_expired,7996.98,24,6,0.17,0,65,inactive,0,4,0
TXN_3246,CUST_2998,9268.57,Wallet,network_error,102785.87,5,0,0.09,18,79,active,1,4,1
TXN_3247,CUST_1479,17263.63,UPI,authentication_failed,181718.28,26,6,0.94,7,2,active,1,0,1
TXN_3248,CUST_1892,23260.35,Wallet,insufficient_funds,5906.56,9,5,0.91,1,42,not_applicable,0,1,1
TXN_3249,CUST_2872,3839.71,Wallet,network_error,22945.07,7,1,0.38,5,27,inactive,0,4,1
TXN_3250,CUST_2883,34676.17,UPI,bank_declined,173656.15,16,5,0.37,2,84,inactive,0,0,0
TXN_3251,CUST_1297,48718.45,NetBanking,authentication_failed,4417.43,26,3,0.95,12,38,inactive,0,1,1
TXN_3252,CUST_2132,603.51,Card,customer_abandoned,138142.29,7,1,0.98,7,32,active,1,2,0
TXN_3253,CUST_2571,8130.76,NetBanking,network_error,37068.31,12,7,0.57,5,77,not_applicable,0,0,0
TXN_3254,CUST_2471,36996.95,NetBanking,bank_declined,37029.02,18,0,0.96,23,36,not_applicable,1,1,1
TXN_3255,CUST_2833,42367.64,UPI,authentication_failed,108473.08,27,3,0.41,20,38,active,1,4,1
TXN_3256,CUST_1762,29147.86,Card,insufficient_funds,173507.84,28,0,0.95,21,83,active,1,3,1
TXN_3257,CUST_1243,27492.04,UPI,bank_declined,1698.66,0,6,0.04,4,87,not_applicable,0,3,0
TXN_3258,CUST_2238,9381.82,Card,network_error,51697.0,28,5,0.3,2,57,active,0,4,0
TXN_3259,CUST_1228,21084.83,Wallet,card_expired,20674.4,21,1,0.04,23,6,not_applicable,1,1,0
TXN_3260,CUST_2679,26913.01,Card,card_expired,89384.7,3,8,0.63,7,50,not_applicable,0,2,1
TXN_3261,CUST_1906,21441.88,Card,customer_abandoned,128582.77,14,6,0.95,15,14,active,1,1,0
TXN_3262,CUST_2156,21357.44,Wallet,network_error,129298.65,0,7,0.18,20,37,inactive,0,2,1
TXN_3263,CUST_2768,49068.28,Card,insufficient_funds,104144.71,8,4,0.93,10,6,active,0,0,1
TXN_3264,CUST_1268,49942.36,Wallet,customer_abandoned,116264.79,25,8,0.04,7,71,inactive,0,1,0
TXN_3265,CUST_2525,13801.18,NetBanking,customer_abandoned,7463.78,11,0,0.82,5,76,inactive,1,3,0
TXN_3266,CUST_2559,39847.77,Wallet,insufficient_funds,58355.3,7,0,0.19,8,1,not_applicable,0,2,1
TXN_3267,CUST_1835,18146.1,Wallet,customer_abandoned,120673.87,11,4,0.61,20,8,not_applicable,0,1,0
TXN_3268,CUST_2615,45743.32,Wallet,authentication_failed,135213.77,16,1,0.4,1,9,active,0,3,1
TXN_3269,CUST_1353,9135.04,UPI,insufficient_funds,109303.11,27,5,0.95,3,31,active,1,3,0
TXN_3270,CUST_1123,40866.73,UPI,authentication_failed,131058.58,9,2,0.84,4,0,active,0,4,1
TXN_3271,CUST_2346,13718.79,Card,bank_declined,34762.56,25,3,0.48,5,4,not_applicable,0,0,0
TXN_3272,CUST_2805,11436.84,Wallet,authentication_failed,1816.19,3,6,0.34,7,53,active,0,4,1
TXN_3273,CUST_2157,34778.88,UPI,customer_abandoned,80863.76,30,7,0.19,7,48,not_applicable,0,3,0
TXN_3274,CUST_2534,8574.99,NetBanking,customer_abandoned,22154.86,15,6,0.91,15,23,active,0,0,0
TXN_3275,CUST_1724,8289.31,Card,insufficient_funds,11849.99,8,1,0.33,1,60,active,1,0,1
TXN_3276,CUST_1888,10320.58,Card,bank_declined,60983.56,17,5,0.2,0,83,not_applicable,1,0,1
TXN_3277,CUST_1369,35657.64,Card,network_error,127355.35,0,8,0.39,11,10,active,0,4,1
TXN_3278,CUST_1542,48479.67,NetBanking,bank_declined,35554.22,8,5,0.22,13,77,inactive,0,4,0
TXN_3279,CUST_1809,4653.4,NetBanking,bank_declined,87853.23,12,1,0.58,19,23,inactive,1,3,0
TXN_3280,CUST_1160,16612.34,Card,network_error,108946.72,14,1,0.96,22,86,not_applicable,1,1,1
TXN_3281,CUST_2733,32776.08,Wallet,card_expired,9635.94,18,5,0.07,12,13,active,1,3,0
TXN_3282,CUST_2891,5336.47,Wallet,authentication_failed,5447.01,7,0,0.17,11,46,inactive,0,3,0
TXN_3283,CUST_1201,35196.71,Card,authentication_failed,41293.23,27,8,0.67,15,36,active,0,1,0
TXN_3284,CUST_1445,30711.53,NetBanking,customer_abandoned,82979.98,12,1,0.65,9,38,inactive,1,1,0
TXN_3285,CUST_2012,46897.07,Wallet,card_expired,1852.07,23,3,0.89,0,37,not_applicable,0,0,1
TXN_3286,CUST_2649,47657.02,Wallet,network_error,57083.31,24,1,0.38,21,38,active,0,2,1
TXN_3287,CUST_1380,5702.41,NetBanking,authentication_failed,145621.37,7,1,0.94,19,50,not_applicable,1,1,1
TXN_3288,CUST_2816,35820.92,Wallet,bank_declined,152631.98,15,0,0.26,8,49,inactive,1,4,0
TXN_3289,CUST_3000,193.45,Wallet,authentication_failed,70779.21,16,7,0.24,0,27,inactive,0,0,0
TXN_3290,CUST_1057,9058.46,NetBanking,authentication_failed,25775.28,7,7,0.91,21,77,not_applicable,0,3,0
TXN_3291,CUST_2492,26928.66,Card,customer_abandoned,119028.09,26,1,0.54,11,73,active,0,4,0
TXN_3292,CUST_1232,16008.04,Card,network_error,11202.8,29,0,0.4,12,42,not_applicable,0,2,1
TXN_3293,CUST_1131,28125.46,UPI,bank_declined,138868.87,1,6,0.53,23,87,active,0,0,0
TXN_3294,CUST_2112,19427.94,Wallet,card_expired,168496.66,4,8,0.22,5,35,inactive,0,4,0
TXN_3295,CUST_1394,37898.37,UPI,insufficient_funds,84420.8,17,1,0.3,14,89,not_applicable,1,0,1
TXN_3296,CUST_2736,4751.37,Wallet,bank_declined,10140.08,21,7,0.11,16,78,not_applicable,1,4,0
TXN_3297,CUST_1977,25258.42,NetBanking,authentication_failed,169978.19,19,7,0.24,19,76,active,1,1,1
TXN_3298,CUST_2904,47749.9,Card,insufficient_funds,191822.02,15,1,0.84,3,35,not_applicable,1,2,1
TXN_3299,CUST_1855,3726.93,NetBanking,authentication_failed,114194.93,23,1,0.56,17,79,not_applicable,0,0,1
TXN_3300,CUST_1886,49799.95,UPI,network_error,102123.3,6,5,0.35,13,31,active,1,1,1
TXN_3301,CUST_2697,339.51,UPI,card_expired,102313.62,19,7,0.56,11,45,inactive,0,3,1
TXN_3302,CUST_1211,25278.39,Wallet,authentication_failed,183377.2,9,6,0.63,6,62,not_applicable,0,0,1
TXN_3303,CUST_2175,7500.26,Card,authentication_failed,171211.89,27,0,0.68,12,67,active,0,0,1
TXN_3304,CUST_2563,9569.2,Card,customer_abandoned,185373.62,26,0,0.03,15,9,inactive,1,2,1
TXN_3305,CUST_1386,15742.42,Card,insufficient_funds,133350.41,12,3,0.84,22,24,inactive,0,1,1
TXN_3306,CUST_1157,21402.41,Wallet,authentication_failed,196401.64,27,8,0.78,10,34,not_applicable,0,0,1
TXN_3307,CUST_1635,21994.23,UPI,card_expired,47581.16,15,2,0.41,19,45,not_applicable,1,2,0
TXN_3308,CUST_2056,5560.58,NetBanking,authentication_failed,54823.35,7,5,0.05,22,53,active,0,1,0
TXN_3309,CUST_1986,41389.54,NetBanking,customer_abandoned,5908.07,6,2,0.68,4,41,inactive,0,3,1
TXN_3310,CUST_2656,11922.7,NetBanking,insufficient_funds,139033.33,26,2,0.98,10,71,active,1,3,0
TXN_3311,CUST_2776,11822.97,Wallet,card_expired,20965.88,28,1,0.15,22,23,not_applicable,0,3,1
TXN_3312,CUST_2661,36315.37,UPI,insufficient_funds,135173.08,22,8,0.34,12,29,not_applicable,1,2,0
TXN_3313,CUST_1528,29079.98,UPI,card_expired,97252.41,23,8,0.73,8,40,active,0,2,1
TXN_3314,CUST_1797,16998.12,Card,insufficient_funds,59402.24,19,3,0.21,0,60,not_applicable,1,4,0
TXN_3315,CUST_2354,4832.04,NetBanking,authentication_failed,70024.55,1,6,0.04,22,84,inactive,1,4,0
TXN_3316,CUST_2102,37363.85,Wallet,card_expired,65768.33,20,4,0.67,23,4,not_applicable,0,0,0
TXN_3317,CUST_1943,29101.15,Wallet,customer_abandoned,191780.85,24,3,0.02,10,83,active,1,3,1
TXN_3318,CUST_2040,47943.45,UPI,insufficient_funds,172592.07,28,3,0.17,6,79,inactive,0,3,0
TXN_3319,CUST_1927,8705.35,UPI,network_error,120660.36,22,2,0.71,3,61,not_applicable,0,2,1
TXN_3320,CUST_2996,27021.38,UPI,customer_abandoned,138493.19,29,2,0.42,9,16,not_applicable,0,1,0
TXN_3321,CUST_2505,38600.34,NetBanking,insufficient_funds,13868.44,22,8,0.62,23,29,active,1,1,1
TXN_3322,CUST_1378,27920.16,Card,network_error,191420.8,10,4,0.88,0,12,not_applicable,0,2,1
TXN_3323,CUST_1594,14646.54,NetBanking,card_expired,47646.74,9,8,0.53,8,19,not_applicable,0,1,0
TXN_3324,CUST_2419,27508.82,NetBanking,card_expired,1265.39,25,5,0.32,0,89,not_applicable,1,3,0
TXN_3325,CUST_1842,48563.82,NetBanking,customer_abandoned,145721.22,28,1,0.35,3,85,not_applicable,1,0,1
TXN_3326,CUST_1688,25888.35,Wallet,bank_declined,43476.13,0,4,0.54,3,39,inactive,1,1,1
TXN_3327,CUST_2271,30828.05,UPI,card_expired,127123.9,14,0,0.54,10,39,not_applicable,0,2,0
TXN_3328,CUST_2717,46601.94,NetBanking,insufficient_funds,103031.92,21,0,0.31,16,22,inactive,0,0,1
TXN_3329,CUST_1055,9409.24,Card,bank_declined,127632.52,12,5,0.5,19,34,active,0,0,1
TXN_3330,CUST_2298,9962.62,Card,card_expired,96446.76,15,6,0.89,22,48,inactive,1,4,0
TXN_3331,CUST_1354,34108.6,Card,authentication_failed,68466.68,11,3,0.57,7,68,inactive,0,4,0
TXN_3332,CUST_1512,32990.58,UPI,insufficient_funds,11064.54,20,8,0.49,6,77,not_applicable,0,4,0
TXN_3333,CUST_2624,16376.63,Card,bank_declined,192222.57,4,4,0.18,20,80,active,1,0,1
TXN_3334,CUST_1775,25543.64,Wallet,customer_abandoned,172742.36,5,8,0.42,23,24,inactive,1,1,0
TXN_3335,CUST_1412,42833.07,NetBanking,customer_abandoned,62693.25,16,8,0.39,19,29,active,1,1,0
TXN_3336,CUST_1967,41659.5,NetBanking,insufficient_funds,9825.03,30,8,0.31,12,55,not_applicable,1,0,1
TXN_3337,CUST_2039,28315.63,Wallet,bank_declined,87821.58,25,4,0.54,5,36,active,0,3,0
TXN_3338,CUST_2932,21592.76,Card,authentication_failed,100838.89,10,5,0.9,0,57,inactive,0,2,0
TXN_3339,CUST_2681,43404.64,UPI,authentication_failed,129204.04,27,5,0.02,5,71,not_applicable,1,4,0
TXN_3340,CUST_1557,1874.04,Wallet,customer_abandoned,199478.84,27,0,0.87,7,72,inactive,1,2,1
TXN_3341,CUST_1669,12944.82,Card,bank_declined,76906.78,19,1,0.36,15,51,inactive,0,2,1
TXN_3342,CUST_1937,15982.0,UPI,authentication_failed,124605.55,16,3,0.16,0,4,not_applicable,1,2,1
TXN_3343,CUST_1279,40638.88,Wallet,card_expired,95820.16,29,4,0.85,9,78,not_applicable,1,3,0
TXN_3344,CUST_2057,976.52,Wallet,network_error,124222.38,14,8,0.46,19,74,inactive,1,0,1
TXN_3345,CUST_1836,44977.04,UPI,network_error,194015.19,22,0,0.63,13,74,active,0,2,1
TXN_3346,CUST_2272,4282.04,Wallet,insufficient_funds,32982.4,2,0,0.73,6,67,inactive,1,0,1
TXN_3347,CUST_1689,22353.67,Wallet,network_error,62412.93,26,5,0.61,13,55,not_applicable,1,0,1
TXN_3348,CUST_2336,31383.12,NetBanking,insufficient_funds,35585.97,17,8,0.06,13,2,not_applicable,0,3,0
TXN_3349,CUST_2006,11633.9,NetBanking,bank_declined,177909.34,18,2,0.05,6,36,not_applicable,0,2,1
TXN_3350,CUST_2250,27481.11,Wallet,authentication_failed,96732.37,16,5,0.05,0,35,inactive,0,2,0
TXN_3351,CUST_2600,49404.59,Wallet,network_error,132108.11,27,3,0.37,15,43,inactive,0,1,1
TXN_3352,CUST_2689,13400.85,NetBanking,card_expired,69629.88,25,8,0.65,13,9,inactive,0,2,1
TXN_3353,CUST_2641,9288.09,Wallet,insufficient_funds,168231.94,9,0,0.12,4,42,active,0,4,0
TXN_3354,CUST_1662,1955.05,Wallet,network_error,29021.56,23,2,0.92,12,38,not_applicable,0,3,1
TXN_3355,CUST_2557,3975.53,Card,authentication_failed,191985.64,20,4,0.88,18,31,not_applicable,1,4,1
TXN_3356,CUST_2778,46680.29,UPI,customer_abandoned,44805.75,12,3,0.84,10,65,inactive,0,0,1
TXN_3357,CUST_2474,43500.99,UPI,insufficient_funds,159585.4,24,1,0.35,4,56,not_applicable,1,4,1
TXN_3358,CUST_1682,13196.57,UPI,authentication_failed,66389.84,20,3,0.11,0,37,not_applicable,1,1,1
TXN_3359,CUST_2856,14621.07,Wallet,network_error,104603.87,11,8,0.39,12,60,active,0,3,1
TXN_3360,CUST_1670,16818.95,Wallet,card_expired,155930.62,1,3,0.86,23,54,active,1,2,1
TXN_3361,CUST_2392,18970.77,NetBanking,card_expired,149801.42,20,4,0.91,12,65,not_applicable,1,1,0
TXN_3362,CUST_1476,11433.61,UPI,authentication_failed,177773.24,2,2,0.39,6,28,inactive,1,3,0
TXN_3363,CUST_1181,41588.64,Wallet,customer_abandoned,38490.56,26,0,0.78,14,28,active,1,2,1
TXN_3364,CUST_1573,44677.75,NetBanking,network_error,35222.11,14,6,0.42,5,86,inactive,0,3,1
TXN_3365,CUST_1501,1059.66,Wallet,network_error,23328.07,17,5,0.99,22,5,not_applicable,1,3,1
TXN_3366,CUST_1542,48779.61,Wallet,bank_declined,37323.78,19,4,0.36,21,36,not_applicable,0,2,0
TXN_3367,CUST_2718,32923.14,NetBanking,card_expired,116643.36,18,5,0.53,6,57,not_applicable,1,2,1
TXN_3368,CUST_2798,11823.93,UPI,card_expired,89051.71,15,6,0.16,14,53,not_applicable,1,2,0
TXN_3369,CUST_1051,12602.17,NetBanking,card_expired,67434.57,0,7,0.47,13,59,inactive,0,2,0
TXN_3370,CUST_2222,4687.7,Wallet,bank_declined,137499.91,6,4,0.43,2,9,inactive,1,1,1
TXN_3371,CUST_2334,34764.13,Card,insufficient_funds,2612.09,19,0,0.62,1,82,not_applicable,0,4,0
TXN_3372,CUST_2743,39068.57,NetBanking,customer_abandoned,198310.03,1,6,0.53,11,50,inactive,0,1,0
TXN_3373,CUST_2525,11941.98,NetBanking,customer_abandoned,88081.95,8,5,0.86,7,67,inactive,1,2,0
TXN_3374,CUST_1503,13350.23,NetBanking,card_expired,89641.3,29,3,0.71,21,16,inactive,1,0,1
TXN_3375,CUST_2292,46393.84,UPI,insufficient_funds,19796.95,8,7,0.37,0,73,not_applicable,0,0,1
TXN_3376,CUST_1122,11376.74,Card,bank_declined,131626.21,18,5,0.16,13,9,active,1,2,1
TXN_3377,CUST_1164,6138.68,UPI,authentication_failed,186066.97,3,5,0.55,16,27,not_applicable,1,2,0
TXN_3378,CUST_1822,16699.46,Wallet,insufficient_funds,118939.07,9,4,0.49,15,57,inactive,0,4,1
TXN_3379,CUST_2316,37403.97,Wallet,authentication_failed,146377.98,15,0,0.05,8,59,not_applicable,1,3,0
TXN_3380,CUST_2374,23402.87,Wallet,authentication_failed,185640.61,28,2,0.26,22,78,active,1,1,1
TXN_3381,CUST_1755,20626.18,Wallet,bank_declined,49430.57,19,5,0.13,0,67,not_applicable,0,2,1
TXN_3382,CUST_2471,27958.0,Card,customer_abandoned,172411.18,7,3,0.83,0,23,not_applicable,0,3,0
TXN_3383,CUST_1865,27432.1,NetBanking,insufficient_funds,17560.32,10,4,0.92,15,87,active,1,1,1
TXN_3384,CUST_2873,19744.44,Card,insufficient_funds,61248.32,8,0,0.46,11,8,active,0,4,0
TXN_3385,CUST_1795,18805.13,Wallet,insufficient_funds,160189.46,9,7,0.83,9,57,active,0,4,0
TXN_3386,CUST_2209,23503.82,UPI,bank_declined,174890.14,14,8,0.05,10,21,inactive,1,2,1
TXN_3387,CUST_2770,11037.3,NetBanking,card_expired,136029.31,0,3,0.58,10,77,inactive,1,0,0
TXN_3388,CUST_1034,42982.08,Card,customer_abandoned,21212.86,7,8,0.35,15,82,active,1,0,0
TXN_3389,CUST_2100,40583.31,Wallet,network_error,44072.17,9,7,0.8,15,38,active,0,0,1
TXN_3390,CUST_2985,9526.8,Card,bank_declined,152038.3,2,8,0.09,21,24,active,0,2,0
TXN_3391,CUST_2052,3287.4,NetBanking,card_expired,71927.15,8,6,0.6,10,68,active,1,1,0
TXN_3392,CUST_2947,20292.31,NetBanking,customer_abandoned,86380.55,5,1,0.23,15,70,not_applicable,1,2,0
TXN_3393,CUST_2795,47667.42,UPI,authentication_failed,170240.13,16,4,0.15,22,86,active,0,4,0
TXN_3394,CUST_1768,46682.86,NetBanking,bank_declined,105823.2,25,8,0.54,3,48,inactive,1,4,1
TXN_3395,CUST_1364,15802.98,Card,authentication_failed,96899.61,6,1,0.97,18,28,inactive,0,4,0
TXN_3396,CUST_2825,7771.88,UPI,customer_abandoned,27512.12,1,3,0.2,17,8,inactive,1,1,1
TXN_3397,CUST_1530,14839.31,Card,customer_abandoned,5256.38,19,2,0.94,9,20,active,1,4,1
TXN_3398,CUST_1948,576.95,Card,insufficient_funds,48189.19,26,1,0.24,5,8,not_applicable,1,1,1
TXN_3399,CUST_1967,46027.45,Card,bank_declined,175957.8,2,1,0.46,9,51,active,0,1,1
TXN_3400,CUST_1171,27794.95,NetBanking,customer_abandoned,49447.35,11,5,0.05,6,6,active,1,1,1
TXN_3401,CUST_1079,9416.28,Card,insufficient_funds,40481.75,25,4,0.47,9,1,inactive,1,4,0
TXN_3402,CUST_1180,1019.87,UPI,insufficient_funds,30442.99,19,6,0.38,11,78,not_applicable,1,2,1
TXN_3403,CUST_1654,11498.08,Wallet,network_error,85179.87,23,6,0.56,7,39,inactive,1,0,0
TXN_3404,CUST_2603,16370.92,Card,authentication_failed,27578.09,18,1,0.49,4,52,not_applicable,1,2,1
TXN_3405,CUST_1312,5582.0,UPI,network_error,85512.01,9,1,0.02,19,13,active,1,0,1
TXN_3406,CUST_2879,24199.37,Wallet,customer_abandoned,60341.26,12,1,0.85,0,7,not_applicable,0,1,1
TXN_3407,CUST_2360,22751.25,NetBanking,card_expired,82179.14,25,1,0.5,12,68,active,1,4,0
TXN_3408,CUST_2894,44650.39,Card,card_expired,199662.33,21,1,0.18,20,63,inactive,1,1,1
TXN_3409,CUST_2331,7264.52,Wallet,authentication_failed,132544.38,18,6,0.66,4,3,not_applicable,0,2,1
TXN_3410,CUST_2016,37616.14,UPI,customer_abandoned,90488.25,0,0,0.61,11,72,active,0,2,1
TXN_3411,CUST_2008,25685.55,Card,card_expired,95654.55,17,7,0.65,1,90,active,0,1,1
TXN_3412,CUST_1062,32232.72,UPI,customer_abandoned,122958.1,21,7,0.72,8,71,inactive,1,1,0
TXN_3413,CUST_1520,26035.15,Card,authentication_failed,136677.57,14,1,0.45,4,78,inactive,0,2,0
TXN_3414,CUST_1685,170.77,Card,customer_abandoned,112432.87,25,0,0.59,10,86,not_applicable,0,1,0
TXN_3415,CUST_2870,18137.77,Wallet,insufficient_funds,79432.52,25,6,0.2,1,36,not_applicable,0,1,0
TXN_3416,CUST_2620,38662.94,Card,bank_declined,50686.53,0,6,0.61,11,38,inactive,1,3,0
TXN_3417,CUST_2955,23614.71,Wallet,customer_abandoned,175394.07,19,5,0.44,1,74,active,1,0,0
TXN_3418,CUST_2299,44811.17,NetBanking,network_error,172451.29,12,4,0.16,6,4,active,1,2,1
TXN_3419,CUST_2284,4590.28,NetBanking,network_error,58022.93,25,2,0.97,7,65,not_applicable,1,4,1
TXN_3420,CUST_2041,18725.76,Wallet,customer_abandoned,177854.5,28,6,0.45,11,54,not_applicable,0,0,0
TXN_3421,CUST_1421,47066.85,Wallet,customer_abandoned,170054.02,30,0,0.84,13,82,active,0,4,1
TXN_3422,CUST_1047,39492.98,UPI,insufficient_funds,36691.32,25,3,0.57,17,48,active,1,3,0
TXN_3423,CUST_2701,14618.83,NetBanking,customer_abandoned,159076.11,24,7,0.49,2,73,not_applicable,0,1,0
TXN_3424,CUST_2042,38174.67,UPI,card_expired,34545.26,10,1,0.63,23,32,not_applicable,1,1,1
TXN_3425,CUST_2147,47348.68,Card,customer_abandoned,59053.05,18,4,0.23,9,9,not_applicable,0,2,1
TXN_3426,CUST_1941,47305.51,UPI,bank_declined,142668.84,7,4,0.74,14,16,not_applicable,0,4,0
TXN_3427,CUST_1734,23788.92,UPI,customer_abandoned,22894.23,13,7,0.56,6,81,active,1,1,0
TXN_3428,CUST_1258,48859.55,Wallet,network_error,159519.61,0,8,0.41,8,65,not_applicable,1,4,0
TXN_3429,CUST_2532,39288.05,Wallet,bank_declined,25288.7,12,2,0.19,18,21,inactive,0,1,1
TXN_3430,CUST_2076,27888.84,Card,customer_abandoned,157624.27,17,0,0.31,3,67,active,0,1,1
TXN_3431,CUST_1764,23280.47,Card,insufficient_funds,149873.94,13,8,0.22,16,43,inactive,1,3,0
TXN_3432,CUST_1993,47366.63,Wallet,customer_abandoned,190876.59,15,8,0.99,0,78,inactive,1,2,0
TXN_3433,CUST_2641,9490.39,Card,network_error,43184.32,8,4,0.34,18,41,not_applicable,1,2,1
TXN_3434,CUST_1300,47830.73,UPI,card_expired,158025.72,11,3,0.72,2,61,inactive,1,2,1
TXN_3435,CUST_2228,45485.33,Card,authentication_failed,165746.21,22,7,0.16,8,68,not_applicable,1,2,1
TXN_3436,CUST_1178,13685.15,UPI,customer_abandoned,17093.08,20,4,0.66,16,49,not_applicable,0,3,1
TXN_3437,CUST_1908,4837.11,NetBanking,insufficient_funds,64451.51,26,1,0.99,19,79,inactive,1,2,1
TXN_3438,CUST_1685,36530.75,Card,bank_declined,43370.54,19,6,0.08,11,40,active,1,3,0
TXN_3439,CUST_1636,12520.03,UPI,authentication_failed,47674.28,12,7,0.19,16,76,inactive,0,0,0
TXN_3440,CUST_2870,16472.36,UPI,authentication_failed,164248.66,30,3,0.18,11,64,active,0,0,1
TXN_3441,CUST_1811,781.53,Card,insufficient_funds,96854.78,2,5,0.06,18,60,not_applicable,0,1,1
TXN_3442,CUST_2888,39550.55,NetBanking,card_expired,98532.18,4,8,0.09,8,69,not_applicable,0,2,0
TXN_3443,CUST_2581,37962.31,Card,network_error,38952.73,12,6,0.57,17,6,not_applicable,1,3,1
TXN_3444,CUST_2341,38435.56,UPI,insufficient_funds,160795.41,25,8,0.88,1,35,active,0,1,0
TXN_3445,CUST_2863,20335.51,NetBanking,authentication_failed,114185.05,0,1,0.79,10,28,inactive,0,2,1
TXN_3446,CUST_2627,49776.46,Wallet,network_error,3721.85,23,7,0.36,3,44,inactive,1,2,1
TXN_3447,CUST_1853,13189.56,UPI,bank_declined,45283.43,7,2,0.71,12,5,not_applicable,1,3,0
TXN_3448,CUST_2752,37106.28,NetBanking,customer_abandoned,138991.74,26,6,0.25,20,89,active,1,1,0
TXN_3449,CUST_1098,31480.14,NetBanking,customer_abandoned,152672.05,6,6,0.88,22,38,not_applicable,0,0,1
TXN_3450,CUST_2227,48247.66,Card,customer_abandoned,116695.59,16,5,0.91,13,56,not_applicable,0,4,1
TXN_3451,CUST_1746,44743.91,UPI,card_expired,3313.69,2,5,0.97,10,83,not_applicable,0,4,0
TXN_3452,CUST_1503,39929.33,UPI,customer_abandoned,26313.62,15,7,0.4,10,40,not_applicable,0,0,0
TXN_3453,CUST_2872,14653.77,Card,network_error,25527.87,5,6,0.81,8,27,not_applicable,1,3,0
TXN_3454,CUST_1978,15694.02,NetBanking,bank_declined,35707.7,23,6,0.59,0,57,not_applicable,0,3,0
TXN_3455,CUST_2700,13024.02,NetBanking,insufficient_funds,98179.29,21,1,0.65,19,64,active,1,3,1
TXN_3456,CUST_1767,8858.02,NetBanking,insufficient_funds,50187.77,4,4,0.97,9,12,inactive,0,2,1
TXN_3457,CUST_1421,29989.61,UPI,network_error,49067.02,29,4,0.49,19,69,active,0,4,1
TXN_3458,CUST_2598,1833.63,NetBanking,customer_abandoned,94277.97,18,7,0.4,8,56,inactive,1,2,0
TXN_3459,CUST_1776,34411.31,NetBanking,authentication_failed,198587.79,28,0,0.4,15,2,inactive,1,2,1
TXN_3460,CUST_2485,48152.5,NetBanking,customer_abandoned,166475.46,25,3,0.46,20,39,active,1,4,1
TXN_3461,CUST_1964,6493.94,Wallet,insufficient_funds,102908.67,10,6,0.28,18,22,active,0,4,0
TXN_3462,CUST_1544,21371.42,UPI,network_error,27071.9,12,3,0.7,9,14,inactive,0,2,1
TXN_3463,CUST_2215,26604.12,Wallet,network_error,30128.81,3,0,0.14,21,6,active,0,2,1
TXN_3464,CUST_2317,49251.99,NetBanking,network_error,20153.87,14,3,0.29,9,78,inactive,0,0,0
TXN_3465,CUST_2676,3706.37,NetBanking,customer_abandoned,175301.26,17,7,0.52,4,22,inactive,1,3,0
TXN_3466,CUST_2970,15553.06,NetBanking,network_error,60126.31,8,1,0.31,7,43,inactive,1,2,0
TXN_3467,CUST_1195,36217.38,Wallet,authentication_failed,134274.88,10,5,0.8,14,27,not_applicable,1,1,0
TXN_3468,CUST_1486,30940.34,Card,authentication_failed,92553.18,11,5,0.78,11,70,active,1,3,0
TXN_3469,CUST_2529,32194.61,NetBanking,network_error,176560.27,11,8,0.4,3,83,inactive,1,0,1
TXN_3470,CUST_1318,25850.94,NetBanking,customer_abandoned,69848.53,20,1,0.67,6,52,active,0,1,0
TXN_3471,CUST_2518,24331.86,NetBanking,network_error,93771.86,0,4,0.65,0,59,active,1,3,0
TXN_3472,CUST_2652,12749.96,Wallet,customer_abandoned,183876.89,22,1,0.67,8,63,not_applicable,1,1,1
TXN_3473,CUST_2995,10310.81,NetBanking,insufficient_funds,136884.62,17,5,0.76,22,40,not_applicable,1,0,0
TXN_3474,CUST_2061,14679.62,Card,network_error,186274.69,30,4,0.55,11,51,active,0,3,0
TXN_3475,CUST_1052,29877.27,Card,authentication_failed,25425.27,26,6,0.96,3,2,active,1,2,1
TXN_3476,CUST_2261,12818.61,UPI,customer_abandoned,162911.95,27,0,0.62,3,56,not_applicable,0,3,1
TXN_3477,CUST_1942,25835.24,NetBanking,authentication_failed,76021.65,1,7,0.92,17,55,not_applicable,0,4,0
TXN_3478,CUST_1640,42820.9,NetBanking,customer_abandoned,46932.74,3,6,0.85,22,19,active,1,4,0
TXN_3479,CUST_2659,29052.93,Card,customer_abandoned,177733.48,17,6,0.47,14,51,not_applicable,0,2,1
TXN_3480,CUST_1405,40253.11,Wallet,network_error,147562.35,7,5,0.93,21,45,not_applicable,1,0,1
TXN_3481,CUST_2001,8738.96,UPI,network_error,10514.4,4,2,0.25,17,68,active,1,0,1
TXN_3482,CUST_2980,27941.64,Card,card_expired,37804.12,25,5,0.04,3,24,not_applicable,0,0,0
TXN_3483,CUST_1557,41595.32,Card,insufficient_funds,118698.54,19,7,0.36,9,21,inactive,1,4,1
TXN_3484,CUST_1464,3602.81,Wallet,network_error,196084.09,27,3,0.62,10,61,not_applicable,1,3,1
TXN_3485,CUST_2574,33985.55,UPI,customer_abandoned,152912.87,8,8,0.43,0,25,not_applicable,0,0,1
TXN_3486,CUST_2872,7621.55,Wallet,customer_abandoned,56488.68,23,3,0.09,11,80,inactive,1,4,0
TXN_3487,CUST_2666,12012.57,Card,network_error,183609.0,26,0,0.08,16,22,inactive,0,3,1
TXN_3488,CUST_1485,26666.69,Wallet,authentication_failed,179839.92,30,4,1.0,22,8,active,1,3,0
TXN_3489,CUST_2923,48542.47,UPI,insufficient_funds,157633.13,25,2,0.96,21,16,active,0,0,1
TXN_3490,CUST_1540,4080.19,Card,bank_declined,80982.12,27,2,0.65,12,10,active,1,4,0
TXN_3491,CUST_2162,13741.86,Card,bank_declined,115902.45,25,4,0.93,12,40,inactive,1,2,1
TXN_3492,CUST_1773,38484.64,NetBanking,customer_abandoned,144822.73,6,2,0.96,11,87,inactive,1,2,0
TXN_3493,CUST_2893,38135.4,UPI,insufficient_funds,104561.34,16,1,0.2,22,68,not_applicable,1,0,1
TXN_3494,CUST_1437,38291.06,Wallet,network_error,179238.17,6,8,0.79,0,87,inactive,0,0,1
TXN_3495,CUST_1422,30024.35,UPI,customer_abandoned,67102.52,18,3,0.01,14,54,not_applicable,1,0,1
TXN_3496,CUST_2099,5749.71,NetBanking,network_error,168701.11,30,1,0.26,8,48,not_applicable,0,1,1
TXN_3497,CUST_1057,48000.83,UPI,bank_declined,76438.26,21,8,0.01,7,25,active,1,2,1
TXN_3498,CUST_2996,6053.05,UPI,insufficient_funds,21458.9,3,2,0.08,14,21,not_applicable,0,3,0
TXN_3499,CUST_1023,9548.45,Card,insufficient_funds,72887.32,16,7,0.86,12,37,inactive,1,0,1
TXN_3500,CUST_2499,45793.0,UPI,network_error,100089.67,21,7,0.4,13,13,not_applicable,0,3,1
TXN_3501,CUST_1772,3751.44,Card,customer_abandoned,18806.2,19,5,0.65,0,61,inactive,1,0,0
TXN_3502,CUST_2303,39541.72,Wallet,card_expired,183337.9,30,1,0.39,15,18,active,1,4,1
TXN_3503,CUST_2072,25084.76,Wallet,authentication_failed,196340.52,1,4,0.83,3,64,inactive,0,0,1
TXN_3504,CUST_1463,12791.57,Card,network_error,154732.76,27,4,0.27,20,42,inactive,1,4,1
TXN_3505,CUST_1879,47218.88,Wallet,bank_declined,4841.58,3,1,0.97,12,4,inactive,0,4,0
TXN_3506,CUST_2396,40989.96,UPI,network_error,55908.59,25,4,0.35,18,4,not_applicable,1,0,1
TXN_3507,CUST_1469,29317.15,NetBanking,card_expired,70271.01,10,1,0.66,22,76,inactive,0,0,1
TXN_3508,CUST_2131,3312.31,UPI,customer_abandoned,20832.57,27,5,0.42,17,73,active,0,3,1
TXN_3509,CUST_2115,44420.08,Card,authentication_failed,49717.34,12,7,0.57,0,59,inactive,0,0,1
TXN_3510,CUST_2967,14512.59,NetBanking,card_expired,82392.54,2,3,0.52,20,50,not_applicable,0,2,0
TXN_3511,CUST_2950,1396.52,Card,network_error,31408.36,25,0,0.63,4,22,active,1,4,1
TXN_3512,CUST_2505,9565.85,UPI,authentication_failed,68232.92,22,8,0.08,14,46,inactive,0,1,0
TXN_3513,CUST_2771,45572.36,Card,card_expired,4840.53,24,5,0.65,17,29,not_applicable,1,1,0
TXN_3514,CUST_2397,33665.17,UPI,insufficient_funds,118149.65,13,5,0.22,14,30,inactive,0,3,1
TXN_3515,CUST_1637,24647.83,NetBanking,bank_declined,164684.67,12,3,0.41,22,90,inactive,0,0,0
TXN_3516,CUST_2794,38547.42,Card,customer_abandoned,193224.09,2,4,0.51,1,11,active,0,1,0
TXN_3517,CUST_1177,37797.15,NetBanking,bank_declined,176177.96,16,7,0.96,18,74,active,0,2,1
TXN_3518,CUST_2654,39955.36,Wallet,insufficient_funds,42918.47,15,7,0.55,2,62,not_applicable,0,1,0
TXN_3519,CUST_1066,17435.13,NetBanking,network_error,186340.32,16,7,0.15,1,73,inactive,0,1,0
TXN_3520,CUST_1519,29688.42,Wallet,insufficient_funds,25026.93,10,1,0.33,12,32,not_applicable,0,4,1
TXN_3521,CUST_2209,9440.21,NetBanking,card_expired,160324.11,7,7,0.97,12,71,inactive,0,4,0
TXN_3522,CUST_1928,9426.91,Wallet,network_error,91532.08,14,6,0.75,1,1,inactive,1,1,1
TXN_3523,CUST_1635,1092.01,NetBanking,customer_abandoned,108702.9,26,7,0.96,21,81,not_applicable,0,0,1
TXN_3524,CUST_2308,21064.71,Wallet,card_expired,193811.44,1,3,0.69,7,22,inactive,1,3,0
TXN_3525,CUST_1682,28178.83,Wallet,bank_declined,194947.23,27,5,0.69,3,0,inactive,1,4,1
TXN_3526,CUST_2758,34999.01,UPI,authentication_failed,147288.05,9,7,0.29,23,27,active,0,2,0
TXN_3527,CUST_1792,39170.93,UPI,bank_declined,60044.55,27,4,0.56,5,61,active,1,4,0
TXN_3528,CUST_2596,40867.47,NetBanking,authentication_failed,22989.77,22,4,0.83,15,52,active,0,0,1
TXN_3529,CUST_1104,9426.79,Wallet,authentication_failed,108865.04,15,6,0.28,9,57,inactive,1,2,0
TXN_3530,CUST_1856,17641.25,NetBanking,network_error,13600.53,4,8,0.99,18,58,active,0,3,0
TXN_3531,CUST_2399,33158.59,Card,bank_declined,74874.3,16,5,0.65,8,87,active,0,4,0
TXN_3532,CUST_1021,33720.16,NetBanking,customer_abandoned,146117.87,12,8,0.69,11,53,active,1,3,0
TXN_3533,CUST_2481,32878.97,Card,customer_abandoned,56717.52,22,6,0.03,2,27,not_applicable,0,3,0
TXN_3534,CUST_2601,21733.8,Wallet,insufficient_funds,93967.65,19,7,0.7,14,58,inactive,1,3,0
TXN_3535,CUST_1083,15832.5,Card,authentication_failed,13049.9,18,6,0.69,4,48,active,1,3,0
TXN_3536,CUST_2206,17536.31,Card,customer_abandoned,141332.61,25,7,0.54,2,85,active,0,3,0
TXN_3537,CUST_2555,25615.09,Card,bank_declined,127633.28,3,2,0.66,17,76,inactive,0,1,0
TXN_3538,CUST_2353,7123.09,UPI,network_error,32170.2,17,2,0.64,9,25,active,0,1,0
TXN_3539,CUST_2401,20533.86,Card,insufficient_funds,34734.51,25,2,0.76,6,78,not_applicable,0,2,0
TXN_3540,CUST_1573,44041.06,Wallet,insufficient_funds,121759.45,25,6,0.86,22,3,inactive,1,1,1
TXN_3541,CUST_2392,5451.07,UPI,network_error,19422.64,19,5,0.71,20,16,active,1,3,1
TXN_3542,CUST_2101,24868.58,Wallet,bank_declined,95068.67,24,2,0.31,19,39,active,0,4,1
TXN_3543,CUST_1703,8604.62,Card,network_error,71140.09,22,0,0.77,1,48,inactive,1,4,1
TXN_3544,CUST_2814,33680.22,NetBanking,bank_declined,163463.15,17,7,0.93,10,31,active,0,4,1
TXN_3545,CUST_2293,16037.27,UPI,bank_declined,117686.46,5,5,0.08,11,39,active,0,2,0
TXN_3546,CUST_1507,4801.7,Wallet,network_error,63722.27,24,4,0.88,4,46,inactive,0,3,1
TXN_3547,CUST_2141,28138.72,Wallet,authentication_failed,87242.79,16,7,0.46,17,50,active,0,0,1
TXN_3548,CUST_1468,14878.11,Card,card_expired,125837.57,3,3,0.42,2,61,active,0,4,0
TXN_3549,CUST_2984,24517.61,NetBanking,authentication_failed,162855.32,12,6,0.1,6,75,not_applicable,0,4,0
TXN_3550,CUST_2661,7766.21,Wallet,authentication_failed,153115.62,16,7,0.72,5,66,inactive,0,0,1
TXN_3551,CUST_1515,23464.5,Card,bank_declined,177776.84,18,5,0.77,13,22,not_applicable,0,3,1
TXN_3552,CUST_2875,40681.79,Wallet,bank_declined,128900.71,9,1,0.46,13,1,active,0,1,0
TXN_3553,CUST_2109,46307.77,UPI,network_error,5737.4,0,0,0.05,10,10,not_applicable,0,1,0
TXN_3554,CUST_2079,13930.31,Wallet,bank_declined,174800.52,10,1,0.39,4,2,active,0,0,1
TXN_3555,CUST_1168,4114.12,Wallet,bank_declined,32145.07,9,5,0.25,8,8,inactive,1,4,0
TXN_3556,CUST_2020,35104.75,Card,customer_abandoned,197293.32,27,1,0.44,1,34,inactive,1,1,1
TXN_3557,CUST_2790,26138.6,Wallet,bank_declined,108347.44,20,0,0.52,3,45,active,1,4,0
TXN_3558,CUST_1916,186.07,NetBanking,bank_declined,20435.6,5,0,0.1,7,50,active,1,4,1
TXN_3559,CUST_2860,10325.31,NetBanking,bank_declined,179048.11,23,8,0.93,6,25,active,1,4,1
TXN_3560,CUST_2950,46960.16,Wallet,card_expired,55105.78,28,3,0.51,22,71,active,1,4,0
TXN_3561,CUST_2448,40329.86,UPI,network_error,177797.91,1,1,0.85,8,42,inactive,0,1,1
TXN_3562,CUST_1275,37957.83,Wallet,network_error,20418.25,2,4,0.04,23,84,not_applicable,1,4,1
TXN_3563,CUST_2441,21325.23,UPI,authentication_failed,199114.3,20,7,0.1,0,12,inactive,0,0,1
TXN_3564,CUST_2158,24051.15,Wallet,network_error,165602.89,19,7,0.82,21,16,active,0,2,0
TXN_3565,CUST_1150,14962.72,Card,insufficient_funds,190010.07,3,8,0.15,4,70,not_applicable,1,1,0
TXN_3566,CUST_1487,21637.61,Card,customer_abandoned,165836.27,4,7,0.47,0,34,not_applicable,0,3,0
TXN_3567,CUST_2199,36511.37,NetBanking,authentication_failed,42676.25,5,1,0.95,10,68,not_applicable,1,2,0
TXN_3568,CUST_2660,44924.16,UPI,insufficient_funds,61584.25,13,3,0.5,19,82,inactive,0,2,1
TXN_3569,CUST_2231,8674.54,Card,insufficient_funds,72271.23,28,7,0.19,10,58,inactive,0,2,0
TXN_3570,CUST_2873,9434.14,Card,bank_declined,98314.46,17,7,0.8,7,74,inactive,0,3,0
TXN_3571,CUST_1266,44671.01,NetBanking,authentication_failed,127672.35,2,8,0.69,17,30,not_applicable,0,1,0
TXN_3572,CUST_1615,22528.01,Wallet,customer_abandoned,138178.43,14,3,0.07,20,55,not_applicable,1,3,1
TXN_3573,CUST_1351,38912.83,NetBanking,bank_declined,49800.76,6,4,0.77,6,80,inactive,1,4,0
TXN_3574,CUST_2836,10940.6,Wallet,authentication_failed,13962.31,15,2,0.78,19,48,inactive,1,0,0
TXN_3575,CUST_1691,40700.44,Wallet,customer_abandoned,1891.86,27,4,0.5,7,66,not_applicable,0,1,0
TXN_3576,CUST_2256,7854.52,UPI,card_expired,130308.35,8,8,0.08,20,2,not_applicable,1,1,0
TXN_3577,CUST_1600,23842.26,Wallet,authentication_failed,131059.47,27,6,0.15,1,80,active,0,4,0
TXN_3578,CUST_1587,10301.87,UPI,authentication_failed,48501.46,2,6,0.23,22,45,inactive,0,3,0
TXN_3579,CUST_1850,32724.1,Card,bank_declined,88168.32,28,2,0.78,12,48,not_applicable,0,1,1
TXN_3580,CUST_1749,6413.69,NetBanking,authentication_failed,10719.48,4,0,0.88,7,52,not_applicable,0,0,0
TXN_3581,CUST_2219,7502.13,UPI,customer_abandoned,5404.52,30,4,0.63,20,7,active,1,1,1
TXN_3582,CUST_1955,49346.49,Card,insufficient_funds,177499.55,30,1,0.41,14,23,active,1,2,1
TXN_3583,CUST_2866,14912.92,UPI,bank_declined,31328.98,15,5,0.14,13,73,active,0,0,1
TXN_3584,CUST_2068,5794.33,NetBanking,card_expired,48861.9,29,3,0.31,6,42,not_applicable,1,3,1
TXN_3585,CUST_2640,28965.82,NetBanking,card_expired,197531.56,5,8,0.37,20,31,not_applicable,1,4,0
TXN_3586,CUST_1854,16296.48,Wallet,customer_abandoned,37394.64,15,7,0.14,2,45,active,0,1,1
TXN_3587,CUST_1340,49341.85,Wallet,card_expired,9936.99,23,4,0.15,14,30,inactive,1,0,1
TXN_3588,CUST_1087,9398.04,Card,card_expired,73412.2,19,0,0.13,18,4,not_applicable,0,3,0
TXN_3589,CUST_1615,13657.56,Wallet,network_error,71029.11,2,4,0.09,9,18,inactive,1,1,1
TXN_3590,CUST_2724,49164.55,NetBanking,bank_declined,66437.78,8,0,0.88,22,36,active,0,0,0
TXN_3591,CUST_1820,47607.72,Wallet,authentication_failed,158231.79,4,0,0.66,23,55,inactive,1,2,1
TXN_3592,CUST_2937,3874.67,Card,authentication_failed,93103.3,6,4,0.99,7,87,not_applicable,1,4,1
TXN_3593,CUST_1039,48107.56,NetBanking,bank_declined,156147.24,27,3,0.87,23,85,not_applicable,0,2,1
TXN_3594,CUST_1357,38049.05,Wallet,authentication_failed,105112.42,22,3,0.92,10,58,active,0,4,0
TXN_3595,CUST_1201,42209.86,Card,card_expired,134928.81,0,7,0.3,7,35,inactive,0,1,0
TXN_3596,CUST_1103,46789.19,Card,card_expired,117637.95,13,4,0.3,3,22,active,1,3,0
TXN_3597,CUST_2911,41493.21,NetBanking,insufficient_funds,167467.52,20,8,0.81,11,24,not_applicable,1,1,1
TXN_3598,CUST_1112,18364.17,Card,card_expired,61509.99,11,0,0.01,10,9,inactive,0,1,0
TXN_3599,CUST_1509,4462.89,Card,bank_declined,126520.24,3,0,0.5,15,90,active,1,2,1
TXN_3600,CUST_1664,46342.97,Wallet,insufficient_funds,7291.39,25,4,0.77,20,89,active,1,1,1
TXN_3601,CUST_1311,2003.86,NetBanking,bank_declined,86533.72,12,4,0.06,2,10,not_applicable,0,2,0
TXN_3602,CUST_2665,26525.2,NetBanking,insufficient_funds,6778.72,4,5,0.04,7,65,active,1,4,0
TXN_3603,CUST_1154,40324.98,UPI,card_expired,88122.11,26,5,0.55,0,44,not_applicable,0,2,1
TXN_3604,CUST_2251,30564.26,NetBanking,insufficient_funds,45727.29,19,7,0.61,3,42,not_applicable,1,2,1
TXN_3605,CUST_1733,36731.94,Wallet,insufficient_funds,124553.96,28,6,0.97,13,29,active,0,2,1
TXN_3606,CUST_1838,47559.42,Card,insufficient_funds,108129.56,26,6,0.67,3,52,active,0,4,0
TXN_3607,CUST_2345,19090.74,NetBanking,customer_abandoned,154106.45,13,3,0.71,10,16,active,0,3,1
TXN_3608,CUST_1892,27375.05,UPI,bank_declined,18567.36,1,4,1.0,4,7,inactive,1,4,1
TXN_3609,CUST_2656,1151.92,NetBanking,customer_abandoned,171871.27,20,6,0.92,19,57,inactive,0,2,1
TXN_3610,CUST_1388,36003.13,Card,customer_abandoned,88978.65,30,6,0.66,0,64,active,0,0,0
TXN_3611,CUST_1090,16195.71,UPI,bank_declined,85462.34,24,6,0.15,23,12,active,0,4,1
TXN_3612,CUST_1304,17500.02,Wallet,authentication_failed,80629.76,16,8,0.89,17,12,not_applicable,0,0,0
TXN_3613,CUST_1575,27258.27,Wallet,customer_abandoned,191343.13,3,6,0.89,7,71,not_applicable,0,3,0
TXN_3614,CUST_2980,23713.43,Wallet,customer_abandoned,194287.95,17,5,0.37,2,67,not_applicable,1,3,0
TXN_3615,CUST_2906,9832.01,UPI,bank_declined,23750.3,20,0,0.74,21,75,inactive,1,3,0
TXN_3616,CUST_2553,48453.75,Card,network_error,154910.22,15,2,0.24,16,4,active,1,1,1
TXN_3617,CUST_2463,49273.33,Wallet,card_expired,68749.69,26,0,0.31,23,81,not_applicable,0,2,0
TXN_3618,CUST_1916,29296.48,Card,customer_abandoned,43759.36,6,7,0.89,6,45,inactive,1,0,1
TXN_3619,CUST_1954,4425.26,Card,customer_abandoned,172588.07,23,0,0.39,17,28,active,1,4,0
TXN_3620,CUST_1908,45749.32,NetBanking,insufficient_funds,194702.46,20,4,0.26,11,36,not_applicable,0,3,0
TXN_3621,CUST_1945,4117.78,UPI,bank_declined,112797.77,12,7,0.01,8,72,active,1,3,0
TXN_3622,CUST_2078,3761.86,Wallet,network_error,81639.93,11,1,0.04,17,43,inactive,0,0,0
TXN_3623,CUST_1870,10565.98,NetBanking,bank_declined,66333.43,13,0,0.87,11,85,not_applicable,1,3,0
TXN_3624,CUST_1424,11030.01,NetBanking,card_expired,15307.98,29,1,0.72,16,6,not_applicable,1,1,1
TXN_3625,CUST_2205,38327.39,Card,insufficient_funds,89613.66,23,0,0.35,4,44,not_applicable,1,3,0
TXN_3626,CUST_1678,37453.09,Card,card_expired,180541.84,24,7,0.05,22,61,inactive,0,0,0
TXN_3627,CUST_2386,1738.49,Card,insufficient_funds,94213.5,12,7,0.89,22,71,inactive,0,4,0
TXN_3628,CUST_2603,46629.28,Card,network_error,126491.09,3,5,0.93,9,70,inactive,0,0,0
TXN_3629,CUST_2745,5261.41,UPI,card_expired,46999.12,8,0,0.39,4,47,inactive,1,2,0
TXN_3630,CUST_1048,24796.09,UPI,bank_declined,94802.26,9,0,0.96,16,4,not_applicable,0,4,0
TXN_3631,CUST_2733,39302.78,Wallet,network_error,188440.2,20,7,0.88,7,66,not_applicable,1,1,1
TXN_3632,CUST_1634,24851.89,Wallet,insufficient_funds,70200.22,12,3,0.4,0,25,inactive,0,4,0
TXN_3633,CUST_1450,41335.32,UPI,insufficient_funds,90975.67,0,1,0.52,9,28,inactive,0,4,1
TXN_3634,CUST_1629,3092.97,Card,insufficient_funds,98103.57,15,4,0.77,3,56,not_applicable,1,2,1
TXN_3635,CUST_1555,30615.43,Wallet,network_error,48653.49,4,8,0.87,19,63,not_applicable,0,2,1
TXN_3636,CUST_1204,16520.23,Wallet,card_expired,120040.58,4,5,0.18,4,57,inactive,1,0,0
TXN_3637,CUST_1008,20889.93,Card,card_expired,71373.93,7,0,0.52,4,28,inactive,0,2,0
TXN_3638,CUST_1782,28376.71,Wallet,network_error,131179.49,27,1,0.31,5,46,active,1,4,1
TXN_3639,CUST_2154,38064.3,UPI,bank_declined,170305.3,3,8,0.26,20,21,not_applicable,0,2,0
TXN_3640,CUST_1142,24978.6,Wallet,network_error,107132.04,13,0,0.66,22,69,active,0,1,1
TXN_3641,CUST_2186,36101.71,Card,network_error,13332.23,16,8,0.47,9,35,inactive,0,4,1
TXN_3642,CUST_2140,22615.64,Wallet,card_expired,30668.86,13,1,0.99,10,17,inactive,1,4,1
TXN_3643,CUST_1661,38588.55,NetBanking,bank_declined,82890.81,9,2,0.18,0,18,active,1,4,1
TXN_3644,CUST_1305,26664.32,NetBanking,authentication_failed,170618.74,17,6,0.34,6,9,active,1,1,0
TXN_3645,CUST_1946,49278.47,UPI,bank_declined,104844.78,11,0,0.14,7,9,active,0,1,1
TXN_3646,CUST_1778,24149.02,Wallet,customer_abandoned,9451.71,18,1,0.46,8,15,not_applicable,0,4,0
TXN_3647,CUST_1837,38988.88,UPI,network_error,71633.45,2,0,0.98,8,58,active,0,0,1
TXN_3648,CUST_2668,29590.24,Card,customer_abandoned,18850.16,10,6,0.73,21,86,not_applicable,0,2,0
TXN_3649,CUST_2487,40975.02,Wallet,network_error,111585.0,17,8,0.48,21,27,inactive,0,0,0
TXN_3650,CUST_1451,46805.11,NetBanking,insufficient_funds,197852.1,8,1,0.4,6,8,not_applicable,0,0,1
TXN_3651,CUST_2933,7880.72,UPI,bank_declined,51456.41,0,5,0.09,2,89,not_applicable,0,1,0
TXN_3652,CUST_1644,38420.08,UPI,network_error,170731.95,27,0,0.78,9,39,inactive,0,4,1
TXN_3653,CUST_1739,25746.93,Wallet,insufficient_funds,142032.15,18,4,0.39,1,49,inactive,0,2,0
TXN_3654,CUST_2352,33891.79,Wallet,authentication_failed,139863.14,6,1,0.54,0,25,active,1,2,1
TXN_3655,CUST_2562,12675.54,Wallet,bank_declined,76848.38,10,7,0.78,4,19,inactive,1,3,0
TXN_3656,CUST_2228,44471.78,NetBanking,insufficient_funds,69933.46,14,4,0.37,0,28,active,1,2,0
TXN_3657,CUST_1528,23272.08,Wallet,insufficient_funds,103708.79,19,3,0.33,7,77,active,0,3,1
TXN_3658,CUST_2531,32831.84,NetBanking,insufficient_funds,24848.29,5,6,0.88,9,9,active,1,0,0
TXN_3659,CUST_1459,9618.34,Card,network_error,139109.97,24,7,0.6,11,29,active,0,2,1
TXN_3660,CUST_2001,13732.85,Wallet,card_expired,82388.31,2,0,0.7,2,3,not_applicable,1,2,0
TXN_3661,CUST_1604,26658.52,Wallet,insufficient_funds,153913.7,5,5,0.76,7,50,active,1,2,0
TXN_3662,CUST_1043,39370.81,UPI,bank_declined,67518.41,14,4,0.88,16,51,inactive,1,4,0
TXN_3663,CUST_1775,41135.94,NetBanking,authentication_failed,109709.54,8,8,0.22,2,59,active,0,3,0
TXN_3664,CUST_2655,18618.47,UPI,insufficient_funds,139802.31,1,7,0.48,14,0,active,1,3,1
TXN_3665,CUST_2944,33935.82,Card,customer_abandoned,137224.34,15,5,0.22,18,39,not_applicable,0,1,1
TXN_3666,CUST_2670,42099.59,UPI,network_error,158011.97,16,1,0.33,3,9,inactive,0,4,1
TXN_3667,CUST_2440,6941.45,Wallet,insufficient_funds,108156.72,1,4,0.15,19,3,active,0,2,1
TXN_3668,CUST_1586,32471.22,NetBanking,insufficient_funds,78649.0,30,5,0.5,10,75,inactive,1,2,1
TXN_3669,CUST_1465,5517.3,Card,card_expired,158554.85,21,8,0.17,9,84,not_applicable,1,2,0
TXN_3670,CUST_1766,9360.17,Card,card_expired,153243.59,18,1,0.41,15,87,active,0,1,0
TXN_3671,CUST_1737,26282.91,Card,insufficient_funds,5427.82,28,0,0.72,9,79,not_applicable,0,3,1
TXN_3672,CUST_2283,39490.04,Wallet,bank_declined,34452.41,6,6,0.35,22,14,not_applicable,1,3,0
TXN_3673,CUST_1482,47716.14,UPI,network_error,74915.36,6,4,0.83,13,88,active,1,4,1
TXN_3674,CUST_2014,40378.27,Card,card_expired,131841.32,25,8,0.19,11,67,inactive,1,1,0
TXN_3675,CUST_2711,6675.37,Card,network_error,77210.44,21,6,0.2,17,58,not_applicable,0,2,0
TXN_3676,CUST_2436,49725.8,UPI,card_expired,3389.82,8,3,0.54,3,61,not_applicable,1,3,0
TXN_3677,CUST_2919,45719.02,UPI,network_error,101695.06,0,5,0.54,11,71,not_applicable,0,3,0
TXN_3678,CUST_2787,13518.32,Card,bank_declined,12149.8,14,2,0.41,3,15,inactive,0,2,1
TXN_3679,CUST_1050,27569.57,Wallet,customer_abandoned,62151.44,25,8,0.53,19,24,inactive,1,3,0
TXN_3680,CUST_1619,46638.24,Wallet,card_expired,179009.73,26,8,0.19,22,76,inactive,0,0,0
TXN_3681,CUST_2922,30713.29,NetBanking,customer_abandoned,20041.56,20,5,0.35,11,62,active,0,4,0
TXN_3682,CUST_2469,45784.28,Card,bank_declined,170649.62,21,2,0.58,15,89,active,1,3,1
TXN_3683,CUST_2953,46543.22,Card,bank_declined,186553.13,10,2,0.97,19,83,active,1,0,1
TXN_3684,CUST_2272,8111.83,Card,network_error,135670.6,1,0,0.54,1,85,active,0,0,1
TXN_3685,CUST_1170,3192.55,NetBanking,network_error,177728.0,2,6,0.87,2,74,inactive,0,4,0
TXN_3686,CUST_1528,44563.43,NetBanking,customer_abandoned,119141.34,19,8,0.81,2,17,active,0,0,1
TXN_3687,CUST_1096,5758.58,Card,customer_abandoned,87311.69,24,3,0.46,16,38,not_applicable,1,4,0
TXN_3688,CUST_2278,5368.58,UPI,customer_abandoned,198288.97,21,8,0.24,12,61,active,0,1,0
TXN_3689,CUST_1150,26387.47,UPI,bank_declined,107904.43,21,4,0.44,16,15,inactive,1,1,0
TXN_3690,CUST_2286,25881.05,Wallet,bank_declined,122329.4,10,6,0.72,2,77,active,0,0,1
TXN_3691,CUST_2581,28575.14,Card,card_expired,176954.7,0,6,0.02,6,10,not_applicable,1,2,0
TXN_3692,CUST_1248,46318.75,Wallet,network_error,71277.73,2,3,0.46,0,19,active,1,2,0
TXN_3693,CUST_2565,10046.26,UPI,customer_abandoned,13985.78,20,6,0.86,19,30,inactive,0,2,0
TXN_3694,CUST_2869,23656.68,UPI,network_error,103327.23,27,7,0.84,13,35,active,0,1,1
TXN_3695,CUST_1461,13330.94,UPI,customer_abandoned,4361.78,18,3,0.48,21,22,inactive,0,4,1
TXN_3696,CUST_1305,44802.15,Wallet,network_error,191289.01,29,1,0.88,5,48,not_applicable,0,3,1
TXN_3697,CUST_2194,22285.82,NetBanking,authentication_failed,155195.12,27,5,0.74,5,23,inactive,0,4,0
TXN_3698,CUST_1848,4457.64,NetBanking,bank_declined,185290.19,9,8,0.46,8,31,not_applicable,1,4,0
TXN_3699,CUST_1890,31515.41,UPI,insufficient_funds,135093.75,2,4,0.21,7,28,active,1,2,0
TXN_3700,CUST_1049,14567.86,UPI,bank_declined,38150.1,17,7,0.41,15,10,inactive,1,2,1
TXN_3701,CUST_2216,48276.36,UPI,customer_abandoned,162046.97,29,6,0.94,22,21,inactive,1,4,0
TXN_3702,CUST_1106,3651.72,Card,bank_declined,111983.25,18,1,0.29,22,19,active,1,3,1
TXN_3703,CUST_2953,33632.19,Card,network_error,194174.9,5,1,0.25,13,22,not_applicable,1,3,0
TXN_3704,CUST_2484,25111.9,UPI,card_expired,48596.18,4,3,0.59,10,65,inactive,0,4,0
TXN_3705,CUST_2630,22391.41,UPI,card_expired,73184.59,19,5,0.02,11,84,not_applicable,1,3,0
TXN_3706,CUST_2576,16828.87,Card,customer_abandoned,1262.65,14,3,0.31,19,45,inactive,1,2,1
TXN_3707,CUST_1138,19733.06,Card,bank_declined,27238.55,23,7,0.51,8,87,active,0,0,0
TXN_3708,CUST_1981,31546.26,Card,network_error,160947.23,30,7,0.45,0,27,not_applicable,1,1,1
TXN_3709,CUST_2968,40539.06,NetBanking,network_error,86112.53,30,7,0.7,13,13,active,0,2,1
TXN_3710,CUST_2941,20945.04,NetBanking,customer_abandoned,152280.92,27,2,0.17,6,26,active,0,4,0
TXN_3711,CUST_1087,11286.2,NetBanking,network_error,72462.88,30,3,0.23,1,65,not_applicable,0,4,0
TXN_3712,CUST_2974,39928.72,Card,customer_abandoned,157536.0,8,8,0.36,4,65,inactive,0,1,1
TXN_3713,CUST_2637,29733.33,UPI,insufficient_funds,80480.66,28,7,0.84,21,66,not_applicable,0,0,0
TXN_3714,CUST_1351,37488.84,Wallet,card_expired,40031.73,22,6,0.47,11,37,not_applicable,1,1,1
TXN_3715,CUST_1376,25251.5,UPI,network_error,137007.1,4,0,0.59,2,78,inactive,0,4,1
TXN_3716,CUST_1604,14299.59,Card,authentication_failed,115519.58,15,4,0.12,21,8,inactive,0,3,0
TXN_3717,CUST_2255,36625.2,Wallet,card_expired,9524.63,20,6,0.68,10,8,active,1,2,0
TXN_3718,CUST_1679,6292.43,UPI,customer_abandoned,84561.6,22,0,0.19,0,46,active,0,4,0
TXN_3719,CUST_1235,19278.52,NetBanking,customer_abandoned,147939.94,17,4,0.77,22,16,active,1,1,1
TXN_3720,CUST_1425,1232.07,UPI,insufficient_funds,186273.43,6,6,0.69,0,57,active,0,1,0
TXN_3721,CUST_1659,40959.76,UPI,card_expired,40852.96,23,8,0.58,7,0,not_applicable,0,2,0
TXN_3722,CUST_2398,21049.96,Card,customer_abandoned,178053.03,8,3,0.44,14,42,active,0,3,0
TXN_3723,CUST_2571,47337.27,Card,authentication_failed,184186.51,0,1,0.68,13,90,inactive,0,0,0
TXN_3724,CUST_1864,4733.69,Wallet,authentication_failed,158358.88,12,8,0.08,15,86,inactive,0,1,0
TXN_3725,CUST_1422,26915.45,UPI,bank_declined,32865.52,11,4,0.01,8,8,active,1,0,1
TXN_3726,CUST_1892,6947.14,Wallet,bank_declined,32942.57,18,7,0.08,0,3,not_applicable,1,2,0
TXN_3727,CUST_2615,35802.66,NetBanking,authentication_failed,161976.53,0,1,0.45,10,83,active,1,3,0
TXN_3728,CUST_1613,1729.49,Card,authentication_failed,14793.94,30,6,0.26,22,21,not_applicable,0,4,0
TXN_3729,CUST_1265,37003.6,NetBanking,insufficient_funds,121395.61,3,5,0.39,0,40,active,1,4,0
TXN_3730,CUST_2173,39060.58,Wallet,insufficient_funds,73393.42,23,3,0.74,3,42,active,1,2,1
TXN_3731,CUST_1327,36959.24,Card,customer_abandoned,181550.62,5,2,0.92,21,70,active,1,4,0
TXN_3732,CUST_2715,25624.27,Card,network_error,53870.01,20,7,0.94,20,38,active,1,2,1
TXN_3733,CUST_2515,6466.8,UPI,customer_abandoned,87108.28,27,4,0.13,15,51,active,1,1,1
TXN_3734,CUST_2220,28107.65,NetBanking,insufficient_funds,68213.4,24,1,0.07,2,14,inactive,0,2,0
TXN_3735,CUST_1654,38690.32,Wallet,card_expired,167937.34,14,7,0.37,22,69,not_applicable,0,3,0
TXN_3736,CUST_1082,24320.11,Card,insufficient_funds,41015.61,14,4,0.12,17,75,active,0,0,1
TXN_3737,CUST_1521,6963.85,NetBanking,authentication_failed,199655.53,28,8,0.05,0,90,not_applicable,1,0,0
TXN_3738,CUST_2713,22659.47,Wallet,insufficient_funds,60825.75,25,4,0.57,4,22,not_applicable,0,2,1
TXN_3739,CUST_2960,39217.23,NetBanking,customer_abandoned,67157.1,24,4,0.59,21,46,not_applicable,0,0,0
TXN_3740,CUST_1667,44463.2,NetBanking,authentication_failed,167321.7,13,7,0.61,10,56,inactive,0,0,0
TXN_3741,CUST_2393,25209.91,Card,network_error,153978.22,18,8,0.88,7,2,not_applicable,1,2,1
TXN_3742,CUST_1957,19304.33,Wallet,card_expired,155447.2,14,4,0.43,10,87,active,0,3,0
TXN_3743,CUST_1001,20625.0,NetBanking,authentication_failed,120966.1,18,7,1.0,1,13,inactive,0,1,0
TXN_3744,CUST_1238,10503.87,Card,card_expired,33406.47,12,8,0.04,19,48,active,0,4,0
TXN_3745,CUST_1400,27274.15,NetBanking,network_error,41841.55,13,1,0.7,4,85,not_applicable,0,0,1
TXN_3746,CUST_2406,13029.0,Wallet,bank_declined,69475.85,12,1,0.99,23,14,not_applicable,0,4,1
TXN_3747,CUST_2237,38064.0,Wallet,authentication_failed,91092.36,28,2,0.79,14,13,not_applicable,1,3,1
TXN_3748,CUST_2914,33421.03,UPI,card_expired,171100.89,6,8,0.94,21,62,not_applicable,1,1,0
TXN_3749,CUST_2051,11949.7,NetBanking,customer_abandoned,80327.16,20,8,0.76,19,65,inactive,0,4,1
TXN_3750,CUST_2583,8972.14,NetBanking,card_expired,11196.67,18,7,0.68,12,89,active,0,4,0
TXN_3751,CUST_1017,25033.55,UPI,network_error,149602.61,7,7,0.56,18,36,not_applicable,1,2,0
TXN_3752,CUST_1640,9360.45,Wallet,customer_abandoned,44646.31,28,4,0.26,9,35,active,0,3,1
TXN_3753,CUST_1825,25247.89,Card,customer_abandoned,41428.85,13,2,0.07,12,81,inactive,1,1,1
TXN_3754,CUST_1609,49220.63,Wallet,bank_declined,94240.84,18,1,0.87,22,50,active,1,1,1
TXN_3755,CUST_1698,25624.83,Card,authentication_failed,141630.85,16,5,0.19,20,81,not_applicable,0,3,0
TXN_3756,CUST_2663,13691.99,Wallet,bank_declined,166580.36,16,5,0.08,14,64,active,1,2,0
TXN_3757,CUST_1853,5086.85,UPI,network_error,176356.66,15,8,0.3,9,27,inactive,0,3,1
TXN_3758,CUST_2722,24426.36,Card,insufficient_funds,73894.33,14,1,0.65,21,59,inactive,1,0,0
TXN_3759,CUST_2802,2159.36,Card,bank_declined,183851.72,21,0,0.61,20,80,active,1,4,1
TXN_3760,CUST_2094,19255.36,Card,network_error,94896.75,18,2,0.87,4,24,active,1,2,1
TXN_3761,CUST_1027,26779.51,Card,card_expired,5018.79,13,5,0.16,4,70,inactive,0,1,1
TXN_3762,CUST_1459,35877.15,UPI,card_expired,116937.59,29,6,0.14,10,25,active,1,1,0
TXN_3763,CUST_1642,17819.23,NetBanking,insufficient_funds,99636.61,9,7,0.87,4,33,not_applicable,0,1,1
TXN_3764,CUST_1286,4291.08,Card,card_expired,178171.53,8,7,0.47,15,9,inactive,1,4,0
TXN_3765,CUST_1675,7087.96,UPI,authentication_failed,134473.19,7,5,0.24,10,47,inactive,1,0,0
TXN_3766,CUST_2870,941.46,Card,insufficient_funds,31170.52,1,6,0.09,3,60,inactive,0,1,0
TXN_3767,CUST_1856,5090.9,NetBanking,bank_declined,138690.1,29,5,0.03,18,35,inactive,1,0,1
TXN_3768,CUST_2568,7121.32,Card,insufficient_funds,189087.13,17,3,0.93,21,76,active,0,3,1
TXN_3769,CUST_2386,30759.62,UPI,network_error,6573.06,10,0,0.93,14,51,active,0,1,1
TXN_3770,CUST_2780,2256.84,Card,authentication_failed,69157.5,20,3,0.08,20,90,not_applicable,0,2,0
TXN_3771,CUST_1790,33529.32,NetBanking,bank_declined,94508.09,13,8,0.38,22,45,active,0,2,1
TXN_3772,CUST_1759,12322.46,NetBanking,bank_declined,20928.51,25,5,0.81,18,42,active,0,3,0
TXN_3773,CUST_1434,29809.13,NetBanking,network_error,69205.34,0,7,0.23,15,62,not_applicable,1,1,1
TXN_3774,CUST_1475,22904.42,Card,network_error,80628.95,13,3,0.59,18,76,active,1,3,1
TXN_3775,CUST_1072,15243.86,UPI,authentication_failed,112253.2,5,3,0.67,12,72,inactive,0,3,0
TXN_3776,CUST_2822,23347.0,UPI,card_expired,12478.97,30,2,0.19,4,7,not_applicable,1,2,0
TXN_3777,CUST_2943,43322.83,NetBanking,customer_abandoned,176678.33,0,6,0.07,3,58,not_applicable,0,3,0
TXN_3778,CUST_2317,29192.02,Wallet,insufficient_funds,30266.91,29,1,0.77,10,86,active,0,0,1
TXN_3779,CUST_1114,45176.72,Card,authentication_failed,2688.72,27,3,0.22,8,39,not_applicable,0,3,1
TXN_3780,CUST_1893,33561.94,Wallet,card_expired,178983.58,29,1,0.06,12,23,not_applicable,0,4,0
TXN_3781,CUST_2329,28495.42,Card,customer_abandoned,8099.21,7,3,0.51,18,81,active,0,4,0
TXN_3782,CUST_2883,9645.53,Wallet,customer_abandoned,55392.59,19,2,0.64,3,0,inactive,0,0,1
TXN_3783,CUST_1983,42914.88,UPI,card_expired,69133.97,5,6,0.27,1,7,not_applicable,0,1,1
TXN_3784,CUST_2046,45565.67,Card,customer_abandoned,6769.56,14,7,0.77,23,35,active,1,0,1
TXN_3785,CUST_1646,1471.51,NetBanking,authentication_failed,55465.41,17,5,0.27,15,69,not_applicable,1,1,1
TXN_3786,CUST_2824,35562.3,Card,insufficient_funds,196340.28,12,3,0.71,4,20,not_applicable,0,0,1
TXN_3787,CUST_1342,34976.49,Wallet,authentication_failed,199892.35,17,0,0.71,9,33,inactive,1,2,0
TXN_3788,CUST_2030,46924.41,NetBanking,card_expired,23616.6,23,4,0.7,15,52,active,1,0,0
TXN_3789,CUST_2324,47723.49,Wallet,bank_declined,42982.89,14,2,0.5,22,80,inactive,1,1,0
TXN_3790,CUST_1740,12448.64,Wallet,card_expired,120494.1,14,8,0.26,14,88,inactive,1,3,0
TXN_3791,CUST_2121,22131.78,NetBanking,insufficient_funds,106308.83,14,0,0.45,22,89,not_applicable,1,3,0
TXN_3792,CUST_1651,14999.58,Wallet,network_error,32634.05,14,0,0.05,13,11,active,1,1,1
TXN_3793,CUST_2117,29138.99,NetBanking,card_expired,157436.97,12,8,0.17,1,76,active,0,3,0
TXN_3794,CUST_2407,37489.59,UPI,customer_abandoned,61726.51,20,6,0.95,8,15,inactive,0,0,0
TXN_3795,CUST_1699,16405.13,Card,network_error,58619.01,2,8,0.52,13,4,inactive,1,3,0
TXN_3796,CUST_2111,5972.06,UPI,card_expired,35995.72,2,6,0.77,12,39,inactive,1,0,0
TXN_3797,CUST_1295,627.3,Wallet,authentication_failed,135029.79,16,3,0.42,3,22,inactive,0,4,0
TXN_3798,CUST_2402,10784.4,NetBanking,card_expired,110804.66,11,4,0.98,2,51,active,0,4,1
TXN_3799,CUST_2236,14267.48,UPI,authentication_failed,49356.52,17,4,0.25,17,2,not_applicable,1,0,0
TXN_3800,CUST_2906,40923.68,UPI,network_error,182658.88,0,8,0.2,23,87,inactive,1,0,0
TXN_3801,CUST_1751,31881.26,Card,insufficient_funds,104843.67,15,7,0.43,20,13,not_applicable,0,3,0
TXN_3802,CUST_2693,24462.15,NetBanking,insufficient_funds,80841.75,9,3,0.8,7,54,not_applicable,1,3,1
TXN_3803,CUST_2222,6786.53,Wallet,network_error,18615.29,22,2,0.91,20,37,inactive,0,0,1
TXN_3804,CUST_1670,42904.27,UPI,insufficient_funds,12572.07,1,0,0.53,1,86,inactive,0,0,1
TXN_3805,CUST_2016,43049.03,NetBanking,insufficient_funds,20424.39,23,2,0.24,0,47,active,0,2,1
TXN_3806,CUST_2362,43305.49,NetBanking,authentication_failed,187837.78,15,2,0.99,21,80,active,0,0,0
TXN_3807,CUST_1167,396.49,UPI,customer_abandoned,10493.96,5,7,0.15,11,79,not_applicable,1,2,0
TXN_3808,CUST_2327,41512.91,Wallet,customer_abandoned,178638.58,22,5,0.19,20,29,not_applicable,1,2,1
TXN_3809,CUST_2218,45876.36,Wallet,customer_abandoned,93282.62,9,4,0.1,5,44,active,1,4,0
TXN_3810,CUST_2563,18852.17,NetBanking,customer_abandoned,115953.94,20,2,0.44,1,36,active,1,2,1
TXN_3811,CUST_1231,49700.49,NetBanking,customer_abandoned,109164.51,6,7,0.47,9,5,not_applicable,1,0,1
TXN_3812,CUST_2844,7877.43,Card,card_expired,38658.28,14,3,0.81,14,54,inactive,1,3,0
TXN_3813,CUST_2092,39981.43,UPI,customer_abandoned,55035.16,21,6,0.03,0,67,inactive,1,3,0
TXN_3814,CUST_2570,9914.65,UPI,network_error,151811.41,9,0,0.64,11,66,inactive,1,4,1
TXN_3815,CUST_2042,39171.12,UPI,bank_declined,36974.42,8,0,0.8,16,7,active,1,4,1
TXN_3816,CUST_1820,33480.69,Card,bank_declined,166620.31,23,0,0.57,21,45,inactive,1,2,1
TXN_3817,CUST_1677,31868.39,UPI,authentication_failed,60293.53,19,8,0.18,13,26,active,1,2,1
TXN_3818,CUST_2566,11769.03,Card,bank_declined,16903.11,4,7,0.0,23,75,active,0,0,1
TXN_3819,CUST_1185,18171.22,UPI,customer_abandoned,150709.88,16,5,0.38,22,9,not_applicable,1,3,0
TXN_3820,CUST_2387,20413.54,Wallet,authentication_failed,130464.38,19,8,0.36,21,41,not_applicable,0,1,1
TXN_3821,CUST_1156,46813.73,Card,bank_declined,169757.55,26,6,0.92,3,64,not_applicable,0,0,1
TXN_3822,CUST_2676,26867.88,Wallet,customer_abandoned,148676.43,22,3,0.7,20,35,not_applicable,0,0,0
TXN_3823,CUST_2811,35844.92,Card,card_expired,199579.06,21,6,0.35,8,19,inactive,1,1,1
TXN_3824,CUST_1017,34911.98,NetBanking,bank_declined,138585.9,9,8,0.33,5,73,not_applicable,1,4,0
TXN_3825,CUST_2770,45028.76,UPI,customer_abandoned,44491.14,19,2,0.63,2,36,inactive,1,4,0
TXN_3826,CUST_2492,49478.45,NetBanking,network_error,96287.73,9,6,0.23,0,37,active,0,3,0
TXN_3827,CUST_2962,32726.54,UPI,network_error,16141.78,23,8,0.6,8,87,inactive,0,0,0
TXN_3828,CUST_1537,42533.1,Wallet,insufficient_funds,14467.03,14,2,0.99,15,43,not_applicable,0,2,1
TXN_3829,CUST_1704,8197.81,Card,authentication_failed,3470.8,26,2,0.17,13,57,inactive,1,4,1
TXN_3830,CUST_2109,1179.8,Wallet,network_error,47396.31,10,4,0.76,8,42,not_applicable,1,3,1
TXN_3831,CUST_2553,39158.51,NetBanking,insufficient_funds,149483.95,7,4,0.05,0,14,not_applicable,0,4,1
TXN_3832,CUST_2417,11428.89,Card,network_error,111125.1,28,0,0.64,22,42,not_applicable,1,1,1
TXN_3833,CUST_2424,48813.94,Wallet,bank_declined,98143.04,21,1,0.06,22,74,active,1,3,1
TXN_3834,CUST_2834,29354.77,Card,authentication_failed,140139.45,19,0,0.53,3,19,inactive,1,2,1
TXN_3835,CUST_1980,1753.36,Card,network_error,54407.29,23,5,0.47,13,15,active,1,3,0
TXN_3836,CUST_2135,35324.74,Wallet,card_expired,79339.02,22,2,0.27,22,30,active,1,0,1
TXN_3837,CUST_2346,36019.53,Wallet,bank_declined,166928.05,19,4,0.4,16,3,inactive,0,0,1
TXN_3838,CUST_1775,11461.56,UPI,card_expired,124817.33,22,2,0.01,14,81,inactive,0,1,1
TXN_3839,CUST_1108,32245.85,Card,network_error,183720.16,30,2,0.38,20,62,active,1,1,1
TXN_3840,CUST_1582,29924.58,NetBanking,network_error,185475.41,27,5,0.4,13,24,active,0,1,1
TXN_3841,CUST_2281,44368.39,UPI,card_expired,10799.64,17,0,0.14,15,69,active,1,4,0
TXN_3842,CUST_2552,42171.19,UPI,network_error,3110.88,13,1,0.86,10,89,inactive,1,4,1
TXN_3843,CUST_2764,300.86,NetBanking,authentication_failed,80927.39,12,6,0.19,7,45,inactive,1,2,0
TXN_3844,CUST_1163,34000.0,UPI,card_expired,98017.99,20,8,0.04,21,66,active,1,1,1
TXN_3845,CUST_1155,42117.74,Card,customer_abandoned,144344.53,16,8,0.83,12,55,not_applicable,0,2,1
TXN_3846,CUST_2708,44455.51,NetBanking,network_error,65116.5,18,8,0.01,9,22,not_applicable,0,4,1
TXN_3847,CUST_1586,47096.88,Wallet,insufficient_funds,131456.08,10,2,0.23,1,31,active,0,1,1
TXN_3848,CUST_2668,23382.98,Wallet,insufficient_funds,179668.38,25,2,0.15,6,20,active,0,3,0
TXN_3849,CUST_2934,14636.01,Wallet,authentication_failed,161908.65,13,4,0.92,4,56,not_applicable,1,4,0
TXN_3850,CUST_1797,18316.03,Card,network_error,160642.04,30,8,0.53,22,84,inactive,0,3,1
TXN_3851,CUST_1294,31179.18,Wallet,customer_abandoned,31424.88,12,0,0.84,23,31,active,0,4,1
TXN_3852,CUST_2869,46620.88,Wallet,network_error,50863.69,17,3,0.73,8,56,active,0,3,1
TXN_3853,CUST_1372,15957.49,Card,card_expired,62690.37,8,5,0.75,20,90,inactive,1,1,0
TXN_3854,CUST_1700,44159.33,Wallet,card_expired,62167.17,6,2,0.69,14,63,not_applicable,0,0,1
TXN_3855,CUST_1521,7658.96,NetBanking,card_expired,80717.28,10,8,0.48,11,90,not_applicable,1,1,0
TXN_3856,CUST_1124,16173.42,Card,network_error,137597.56,7,2,0.22,5,70,inactive,1,0,0
TXN_3857,CUST_1639,46758.71,Card,bank_declined,113474.31,1,2,0.61,10,43,inactive,1,3,0
TXN_3858,CUST_2067,43237.4,Card,authentication_failed,57804.11,25,7,0.62,14,83,active,1,0,1
TXN_3859,CUST_1212,29815.58,Wallet,network_error,145217.19,17,8,0.45,2,46,not_applicable,1,2,1
TXN_3860,CUST_1818,39900.21,Wallet,card_expired,7964.77,16,6,0.7,10,48,not_applicable,0,2,1
TXN_3861,CUST_2974,43129.03,NetBanking,authentication_failed,32369.57,21,4,0.51,23,85,inactive,1,1,1
TXN_3862,CUST_1424,22931.52,Card,customer_abandoned,68811.93,5,1,0.47,22,20,inactive,1,2,0
TXN_3863,CUST_2094,21962.31,Wallet,customer_abandoned,72423.69,14,0,0.57,0,84,inactive,0,1,1
TXN_3864,CUST_2387,49433.96,NetBanking,bank_declined,100673.12,18,4,0.19,5,53,inactive,0,3,0
TXN_3865,CUST_1844,43334.11,UPI,customer_abandoned,5339.55,17,5,0.68,6,7,active,0,0,1
TXN_3866,CUST_1461,8560.94,Card,authentication_failed,163677.81,16,0,0.37,22,15,active,1,0,1
TXN_3867,CUST_2775,41423.45,Wallet,card_expired,128066.48,17,3,0.9,7,45,inactive,0,2,1
TXN_3868,CUST_2824,37066.8,UPI,insufficient_funds,167452.73,17,0,0.05,3,46,active,0,3,0
TXN_3869,CUST_1573,30723.95,Card,bank_declined,14832.05,12,7,0.51,0,16,not_applicable,1,3,0
TXN_3870,CUST_1339,36823.77,Wallet,insufficient_funds,109753.84,10,6,0.95,11,77,inactive,1,3,0
TXN_3871,CUST_2427,30341.07,NetBanking,bank_declined,43104.84,30,7,0.61,10,72,inactive,1,2,1
TXN_3872,CUST_1052,36142.99,NetBanking,bank_declined,163199.72,28,3,0.85,22,80,inactive,0,4,1
TXN_3873,CUST_2454,17229.03,UPI,network_error,137737.38,3,4,0.5,16,46,inactive,0,4,0
TXN_3874,CUST_1459,27680.21,NetBanking,card_expired,82079.69,22,5,0.39,4,84,inactive,0,0,1
TXN_3875,CUST_2930,20439.16,Wallet,customer_abandoned,6264.45,24,8,0.06,20,64,active,0,3,1
TXN_3876,CUST_2331,48033.98,NetBanking,insufficient_funds,137993.46,27,1,0.36,19,80,not_applicable,0,0,0
TXN_3877,CUST_1613,33173.87,NetBanking,network_error,169022.38,9,4,0.77,10,19,active,0,0,1
TXN_3878,CUST_2616,23987.24,Card,network_error,38040.3,20,6,0.29,19,33,inactive,0,0,0
TXN_3879,CUST_2050,44709.52,Card,bank_declined,145167.62,30,0,0.47,6,46,not_applicable,0,1,1
TXN_3880,CUST_2481,2941.7,UPI,card_expired,75490.79,23,4,0.46,9,1,not_applicable,0,4,0
TXN_3881,CUST_1410,423.83,Wallet,card_expired,197954.86,9,0,0.36,18,32,active,0,0,1
TXN_3882,CUST_2684,26794.84,UPI,bank_declined,26957.45,22,2,0.8,11,61,not_applicable,1,4,0
TXN_3883,CUST_2163,26419.06,UPI,customer_abandoned,103396.07,0,4,0.09,15,77,inactive,0,1,1
TXN_3884,CUST_2639,45571.13,Card,card_expired,19555.74,10,4,0.26,13,1,active,0,0,0
TXN_3885,CUST_1417,14288.76,NetBanking,customer_abandoned,131134.79,30,3,0.53,8,64,not_applicable,1,3,0
TXN_3886,CUST_1140,20847.87,Card,card_expired,60698.3,19,6,0.05,22,22,inactive,1,4,0
TXN_3887,CUST_1851,37330.06,UPI,card_expired,134474.42,15,3,0.64,9,16,active,0,1,1
TXN_3888,CUST_1053,1215.01,Card,authentication_failed,161934.36,2,3,0.49,16,10,active,0,0,0
TXN_3889,CUST_1593,5186.4,NetBanking,authentication_failed,13481.6,1,2,0.35,19,67,not_applicable,0,4,0
TXN_3890,CUST_2116,45944.32,UPI,authentication_failed,179453.52,12,6,0.92,9,46,active,0,0,0
TXN_3891,CUST_2688,26408.52,UPI,customer_abandoned,44663.71,18,0,0.8,16,19,active,0,1,1
TXN_3892,CUST_1657,13433.64,Wallet,authentication_failed,47417.61,23,3,0.51,3,56,active,0,3,0
TXN_3893,CUST_2804,7792.39,Wallet,network_error,91181.51,1,4,0.87,22,89,active,1,0,1
TXN_3894,CUST_1023,43928.95,Card,customer_abandoned,39978.56,17,1,0.17,19,14,not_applicable,1,2,0
TXN_3895,CUST_1073,23220.11,NetBanking,insufficient_funds,132374.36,3,3,0.79,23,26,active,0,1,0
TXN_3896,CUST_1557,47118.83,NetBanking,authentication_failed,80253.03,11,6,0.21,0,63,active,1,4,0
TXN_3897,CUST_1972,5626.08,Wallet,bank_declined,58481.37,1,7,0.21,14,44,not_applicable,0,2,0
TXN_3898,CUST_2448,5649.71,Wallet,card_expired,7336.51,7,1,0.66,12,26,active,1,0,1
TXN_3899,CUST_2710,35447.11,Card,customer_abandoned,132416.9,15,8,0.11,23,9,active,0,2,0
TXN_3900,CUST_2578,6563.38,Wallet,insufficient_funds,168751.51,30,3,0.75,18,78,inactive,0,0,1
TXN_3901,CUST_1869,17131.33,Wallet,network_error,193356.38,0,0,0.59,11,76,not_applicable,1,3,1
TXN_3902,CUST_2871,13303.09,Wallet,network_error,42800.53,21,3,0.78,22,17,active,0,3,1
TXN_3903,CUST_1121,34080.8,UPI,network_error,110974.28,3,5,0.56,16,1,active,1,0,0
TXN_3904,CUST_1561,13573.12,UPI,authentication_failed,71200.92,13,3,0.87,7,23,active,1,1,1
TXN_3905,CUST_2729,27360.85,UPI,network_error,140825.25,10,8,1.0,15,37,inactive,0,4,1
TXN_3906,CUST_2792,21461.83,Card,card_expired,168675.09,14,5,0.81,19,0,not_applicable,1,1,0
TXN_3907,CUST_1291,23215.16,NetBanking,authentication_failed,65463.88,26,2,0.61,21,47,not_applicable,1,2,1
TXN_3908,CUST_1729,44200.5,NetBanking,insufficient_funds,22591.17,6,1,0.43,18,53,active,0,2,1
TXN_3909,CUST_2063,48883.01,Card,card_expired,135921.61,13,7,0.41,17,71,active,1,1,0
TXN_3910,CUST_1811,28312.72,Card,card_expired,20119.12,30,3,0.83,17,2,active,1,1,1
TXN_3911,CUST_1842,23079.41,NetBanking,network_error,86412.95,11,8,0.9,9,52,inactive,1,4,1
TXN_3912,CUST_1882,12526.1,Wallet,customer_abandoned,187900.29,8,1,0.81,12,29,inactive,0,1,0
TXN_3913,CUST_1079,9840.17,Wallet,card_expired,29515.9,3,7,0.03,10,44,active,1,3,0
TXN_3914,CUST_1818,38732.11,UPI,insufficient_funds,48767.65,8,5,0.73,16,38,active,0,0,1
TXN_3915,CUST_2534,19825.1,NetBanking,bank_declined,196649.3,25,1,0.24,11,56,active,0,2,1
TXN_3916,CUST_2456,15124.25,Card,customer_abandoned,22815.37,12,1,0.49,2,53,not_applicable,1,0,1
TXN_3917,CUST_1208,34774.87,NetBanking,network_error,163701.31,29,0,0.54,6,48,active,0,4,1
TXN_3918,CUST_2244,30984.23,Card,network_error,12022.76,23,0,0.62,10,43,inactive,1,3,0
TXN_3919,CUST_2989,9968.6,NetBanking,bank_declined,164049.88,5,6,0.91,16,31,inactive,1,1,1
TXN_3920,CUST_2023,15324.95,Wallet,insufficient_funds,117741.96,8,0,0.91,6,37,not_applicable,1,2,1
TXN_3921,CUST_1575,41019.39,NetBanking,authentication_failed,2885.55,11,6,0.0,13,3,active,0,0,1
TXN_3922,CUST_2743,38096.23,UPI,insufficient_funds,158006.46,19,6,0.93,20,17,active,1,1,1
TXN_3923,CUST_2958,11676.05,Card,authentication_failed,180841.26,12,7,0.18,8,87,active,0,3,0
TXN_3924,CUST_2523,26570.1,Card,network_error,17555.54,25,8,0.29,7,68,inactive,0,4,0
TXN_3925,CUST_1665,42632.27,Wallet,insufficient_funds,141800.16,25,3,0.62,8,3,not_applicable,0,3,0
TXN_3926,CUST_2398,15004.33,NetBanking,insufficient_funds,24729.74,17,1,0.41,2,24,inactive,1,0,1
TXN_3927,CUST_1492,10631.69,NetBanking,authentication_failed,87064.19,20,4,0.42,17,34,active,1,3,0
TXN_3928,CUST_1069,29494.1,UPI,customer_abandoned,110387.17,13,2,0.08,15,73,inactive,1,0,0
TXN_3929,CUST_1624,5059.2,Card,authentication_failed,171112.0,30,5,0.0,8,36,not_applicable,1,3,1
TXN_3930,CUST_2179,1084.01,NetBanking,bank_declined,151804.59,4,1,0.36,23,89,inactive,1,3,0
TXN_3931,CUST_1267,20147.09,Wallet,bank_declined,15110.68,5,8,0.77,0,1,active,1,0,1
TXN_3932,CUST_2327,46113.81,Wallet,card_expired,11143.83,8,4,0.48,14,74,not_applicable,1,2,1
TXN_3933,CUST_2198,19723.0,Card,card_expired,44229.46,10,1,0.76,13,27,not_applicable,0,1,0
TXN_3934,CUST_1865,46142.48,NetBanking,customer_abandoned,75856.86,16,7,0.51,22,11,not_applicable,0,0,0
TXN_3935,CUST_1185,12928.38,Wallet,insufficient_funds,150455.56,14,8,0.34,3,16,not_applicable,1,2,0
TXN_3936,CUST_1918,20243.32,Wallet,insufficient_funds,142819.58,23,3,0.92,1,34,not_applicable,1,4,0
TXN_3937,CUST_1577,23631.97,UPI,customer_abandoned,156061.82,29,4,0.64,5,80,not_applicable,0,2,1
TXN_3938,CUST_2461,4873.61,NetBanking,card_expired,8545.47,25,8,0.46,6,81,active,1,1,1
TXN_3939,CUST_2381,15722.85,Wallet,customer_abandoned,77447.88,11,6,0.91,21,62,not_applicable,0,1,0
TXN_3940,CUST_1098,33285.9,Card,network_error,54093.95,28,5,0.12,12,35,not_applicable,1,3,0
TXN_3941,CUST_1196,5439.83,UPI,bank_declined,59226.69,16,8,0.55,4,8,not_applicable,1,0,0
TXN_3942,CUST_2382,6897.77,NetBanking,insufficient_funds,37035.06,29,0,0.63,15,73,active,0,3,0
TXN_3943,CUST_1244,27583.21,UPI,bank_declined,50849.78,29,6,0.37,8,32,inactive,0,0,0
TXN_3944,CUST_2193,11400.38,Card,insufficient_funds,179643.34,24,7,0.98,11,38,active,1,3,0
TXN_3945,CUST_1435,45849.48,NetBanking,customer_abandoned,128905.64,5,3,0.03,15,85,inactive,1,4,1
TXN_3946,CUST_2381,5037.72,Wallet,network_error,136845.72,0,0,0.25,15,71,not_applicable,0,1,1
TXN_3947,CUST_1697,32332.12,Card,card_expired,87860.98,10,1,0.25,5,11,not_applicable,0,4,0
TXN_3948,CUST_2984,17143.25,Card,card_expired,191905.46,12,7,0.8,18,74,active,1,3,0
TXN_3949,CUST_1843,10071.06,UPI,card_expired,162392.21,17,6,0.16,11,26,not_applicable,0,4,0
TXN_3950,CUST_2324,18364.07,NetBanking,network_error,176189.29,2,6,0.13,9,51,not_applicable,0,0,0
TXN_3951,CUST_2573,24749.35,UPI,insufficient_funds,56005.7,6,7,0.57,0,75,active,1,0,0
TXN_3952,CUST_2660,21804.46,Card,network_error,23282.62,16,0,0.14,16,80,not_applicable,1,3,0
TXN_3953,CUST_2538,44305.55,Card,card_expired,47702.02,1,7,0.11,22,4,not_applicable,0,2,0
TXN_3954,CUST_2033,30454.05,NetBanking,authentication_failed,143355.29,4,6,0.37,15,38,not_applicable,1,3,0
TXN_3955,CUST_2912,35676.64,Card,authentication_failed,187133.11,13,5,0.06,1,60,inactive,1,2,0
TXN_3956,CUST_1808,3519.45,NetBanking,network_error,173730.79,4,6,0.79,15,50,inactive,1,0,1
TXN_3957,CUST_2583,4274.8,Card,authentication_failed,55389.16,3,7,0.3,18,34,inactive,1,4,0
TXN_3958,CUST_1716,12976.39,UPI,insufficient_funds,15519.01,6,4,0.73,10,16,active,0,1,1
TXN_3959,CUST_1895,22673.47,Card,network_error,26405.66,19,3,0.8,1,27,active,1,2,1
TXN_3960,CUST_1707,45089.12,Card,bank_declined,99598.84,30,7,0.94,7,30,active,0,3,1
TXN_3961,CUST_2543,28865.35,NetBanking,insufficient_funds,186844.79,23,6,0.32,7,42,active,1,4,0
TXN_3962,CUST_1702,2369.35,Card,customer_abandoned,118250.98,4,4,0.72,14,51,not_applicable,1,2,0
TXN_3963,CUST_1250,7575.83,Card,bank_declined,89387.66,22,8,0.18,6,61,not_applicable,0,0,1
TXN_3964,CUST_2474,7981.52,NetBanking,card_expired,180928.57,12,6,0.23,19,26,active,0,3,0
TXN_3965,CUST_1889,42560.23,Card,card_expired,92235.05,8,2,0.02,4,68,inactive,1,1,0
TXN_3966,CUST_2583,4318.71,Card,network_error,197083.6,4,3,0.59,15,86,active,0,2,1
TXN_3967,CUST_2537,28229.51,Card,insufficient_funds,16296.55,1,3,0.8,7,60,not_applicable,0,0,0
TXN_3968,CUST_2112,43734.77,NetBanking,card_expired,69009.76,20,3,0.33,8,4,active,1,0,1
TXN_3969,CUST_1547,32604.88,Card,card_expired,107446.05,7,3,0.46,21,15,not_applicable,0,4,1
TXN_3970,CUST_1575,8477.16,NetBanking,network_error,2923.59,20,1,0.07,4,46,not_applicable,1,4,1
TXN_3971,CUST_2281,1760.95,UPI,bank_declined,101065.9,14,3,0.31,14,12,not_applicable,1,0,1
TXN_3972,CUST_1977,37529.2,Wallet,authentication_failed,41685.81,21,6,0.69,17,2,not_applicable,1,2,0
TXN_3973,CUST_1756,25640.21,NetBanking,bank_declined,186839.54,9,2,0.04,3,47,inactive,0,3,0
TXN_3974,CUST_2271,42735.71,Card,network_error,118006.88,9,0,0.28,10,26,not_applicable,0,3,0
TXN_3975,CUST_1405,34045.25,Wallet,authentication_failed,178271.57,16,5,0.04,19,26,inactive,0,4,0
TXN_3976,CUST_2138,16320.07,Card,customer_abandoned,47323.16,25,0,0.26,7,77,inactive,1,4,0
TXN_3977,CUST_2766,9871.67,Card,customer_abandoned,26994.17,6,1,0.93,22,47,active,0,1,1
TXN_3978,CUST_1193,10299.75,NetBanking,authentication_failed,50006.88,26,6,0.93,11,46,active,0,1,0
TXN_3979,CUST_1679,39506.0,UPI,network_error,21846.89,13,6,0.84,23,83,not_applicable,1,0,1
TXN_3980,CUST_1825,13214.87,Wallet,card_expired,115574.27,9,7,0.82,13,60,active,1,4,1
TXN_3981,CUST_2181,44510.87,Wallet,card_expired,185698.31,4,8,0.24,18,45,not_applicable,0,0,0
TXN_3982,CUST_1473,829.96,NetBanking,card_expired,175985.01,9,2,0.15,15,48,active,0,0,1
TXN_3983,CUST_1666,16536.43,NetBanking,authentication_failed,74258.58,24,6,0.04,7,86,inactive,1,1,0
TXN_3984,CUST_2173,44429.35,Wallet,card_expired,6083.93,19,4,0.41,19,43,not_applicable,1,0,1
TXN_3985,CUST_1411,18609.08,NetBanking,bank_declined,35355.49,25,4,0.25,13,46,inactive,1,1,0
TXN_3986,CUST_1152,21858.86,Wallet,insufficient_funds,55485.8,16,7,0.59,6,4,active,0,0,1
TXN_3987,CUST_1032,13043.64,Card,customer_abandoned,109703.35,25,7,0.24,6,48,not_applicable,1,1,1
TXN_3988,CUST_2398,24625.42,Card,bank_declined,154625.82,23,6,0.95,21,59,active,0,1,1
TXN_3989,CUST_2939,16799.78,Card,bank_declined,64590.26,29,8,0.15,14,34,not_applicable,0,4,1
TXN_3990,CUST_1133,38017.95,Wallet,customer_abandoned,97400.67,12,0,0.54,3,74,active,0,4,0
TXN_3991,CUST_1021,27819.82,NetBanking,authentication_failed,158476.96,16,6,0.57,12,2,not_applicable,1,1,0
TXN_3992,CUST_2999,33410.66,Card,network_error,72936.2,9,4,0.54,14,71,not_applicable,0,3,0
TXN_3993,CUST_2052,19120.63,NetBanking,authentication_failed,144056.72,11,4,0.88,2,61,inactive,0,4,0
TXN_3994,CUST_2373,46687.46,UPI,authentication_failed,102791.51,6,7,0.7,3,53,inactive,1,4,1
TXN_3995,CUST_1220,23408.47,UPI,bank_declined,167159.84,11,7,0.18,7,34,inactive,1,4,0
TXN_3996,CUST_2710,32907.82,NetBanking,bank_declined,174158.46,29,7,0.89,6,88,active,1,4,1
TXN_3997,CUST_2806,26321.91,UPI,customer_abandoned,66947.22,24,5,0.98,4,64,not_applicable,0,2,1
TXN_3998,CUST_1796,37234.89,Wallet,bank_declined,106864.38,29,1,0.61,17,24,inactive,1,3,0
TXN_3999,CUST_1906,48244.67,UPI,authentication_failed,114764.78,16,8,0.94,16,30,inactive,1,1,0
TXN_4000,CUST_2669,28676.26,NetBanking,bank_declined,143720.19,1,6,0.75,16,40,not_applicable,0,4,1
TXN_4001,CUST_1083,319.64,Wallet,card_expired,1065.7,23,5,0.47,1,19,active,0,4,0
TXN_4002,CUST_2762,48729.17,Wallet,bank_declined,45190.97,12,2,0.47,8,28,inactive,0,2,1
TXN_4003,CUST_1514,26150.22,Wallet,authentication_failed,76611.27,10,2,0.04,3,23,active,1,3,0
TXN_4004,CUST_1065,19632.66,Card,authentication_failed,197994.38,14,1,0.21,0,66,not_applicable,0,1,1
TXN_4005,CUST_1676,49367.05,NetBanking,network_error,158611.82,19,4,0.99,12,54,active,1,4,0
TXN_4006,CUST_2643,24528.02,UPI,card_expired,139578.79,15,6,0.11,8,56,inactive,1,3,0
TXN_4007,CUST_2504,40470.03,UPI,customer_abandoned,101561.73,23,1,0.7,13,10,active,0,0,1
TXN_4008,CUST_2663,12748.11,NetBanking,insufficient_funds,175264.18,24,3,0.46,23,73,not_applicable,1,2,1
TXN_4009,CUST_1719,43284.25,Wallet,customer_abandoned,84145.94,16,1,0.75,20,72,not_applicable,0,0,1
TXN_4010,CUST_2613,19155.4,NetBanking,insufficient_funds,162165.41,10,8,0.58,19,28,active,0,2,1
TXN_4011,CUST_1268,5568.93,Wallet,customer_abandoned,179193.62,22,6,0.04,0,12,active,1,2,1
TXN_4012,CUST_2534,18062.08,UPI,insufficient_funds,128228.41,5,5,0.92,15,24,not_applicable,0,0,0
TXN_4013,CUST_2793,28390.83,UPI,insufficient_funds,153122.14,5,4,0.76,11,59,active,0,2,1
TXN_4014,CUST_2144,31274.5,UPI,network_error,151747.87,23,1,0.84,19,37,not_applicable,0,1,1
TXN_4015,CUST_2870,17764.85,Wallet,customer_abandoned,199348.55,25,5,0.43,1,45,inactive,0,4,0
TXN_4016,CUST_1194,18194.59,Card,authentication_failed,26428.81,13,8,0.12,14,10,not_applicable,1,3,0
TXN_4017,CUST_1157,2763.44,Wallet,insufficient_funds,138013.93,17,0,0.07,20,39,not_applicable,0,4,0
TXN_4018,CUST_2742,4735.7,Card,customer_abandoned,13570.38,5,8,0.27,22,46,active,1,0,0
TXN_4019,CUST_2229,48237.81,Wallet,insufficient_funds,175235.77,4,3,0.88,6,17,active,0,2,1
TXN_4020,CUST_2180,13318.87,NetBanking,card_expired,16202.27,30,2,0.78,1,72,inactive,0,0,1
TXN_4021,CUST_2932,27879.11,Card,network_error,50327.24,27,1,0.24,15,63,inactive,1,3,0
TXN_4022,CUST_1316,37863.31,Wallet,bank_declined,167550.93,17,0,0.57,12,51,active,0,1,0
TXN_4023,CUST_2853,32309.98,Wallet,customer_abandoned,189288.57,4,0,0.28,20,29,active,1,4,0
TXN_4024,CUST_2700,34537.55,NetBanking,insufficient_funds,79194.52,13,5,0.88,15,86,active,0,0,0
TXN_4025,CUST_1241,24739.1,Wallet,insufficient_funds,78737.49,26,1,0.47,17,10,active,0,1,0
TXN_4026,CUST_2791,32308.87,Card,card_expired,9909.7,1,2,0.54,10,45,not_applicable,1,4,0
TXN_4027,CUST_2475,38948.92,Card,insufficient_funds,66334.14,13,2,0.47,7,14,inactive,1,4,1
TXN_4028,CUST_1881,2417.8,UPI,insufficient_funds,32549.77,28,6,0.4,20,13,not_applicable,1,4,0
TXN_4029,CUST_1099,16961.28,NetBanking,bank_declined,199636.77,0,5,0.83,5,11,active,0,0,0
TXN_4030,CUST_2725,46859.03,Card,network_error,68846.24,0,8,0.3,3,51,inactive,0,4,0
TXN_4031,CUST_2574,41522.83,UPI,bank_declined,136230.82,8,6,0.24,1,69,not_applicable,0,4,0
TXN_4032,CUST_2023,25384.92,UPI,bank_declined,106099.87,1,8,0.89,7,34,inactive,1,2,0
TXN_4033,CUST_1574,45435.35,NetBanking,insufficient_funds,88832.14,26,6,0.75,0,75,not_applicable,1,4,1
TXN_4034,CUST_1071,45388.03,Wallet,card_expired,12333.62,22,7,0.21,8,43,inactive,1,4,0
TXN_4035,CUST_2141,21634.56,Card,customer_abandoned,128537.44,19,8,0.94,11,73,not_applicable,0,3,0
TXN_4036,CUST_1528,22647.75,Card,authentication_failed,39289.8,8,1,0.89,9,18,not_applicable,0,2,1
TXN_4037,CUST_2270,23987.21,NetBanking,network_error,21698.05,29,7,0.79,13,22,inactive,0,4,0
TXN_4038,CUST_1589,17798.07,Wallet,network_error,177594.09,24,6,0.98,19,10,not_applicable,1,1,1
TXN_4039,CUST_1091,28329.82,UPI,network_error,60205.19,30,4,0.58,15,17,not_applicable,1,0,1
TXN_4040,CUST_1961,15179.33,NetBanking,customer_abandoned,14369.85,22,6,0.25,16,40,not_applicable,0,1,0
TXN_4041,CUST_2978,27147.9,Wallet,card_expired,120732.33,19,7,0.61,12,10,active,1,3,0
TXN_4042,CUST_1280,21119.36,Wallet,network_error,167013.45,0,3,0.48,9,76,not_applicable,0,2,0
TXN_4043,CUST_2654,22036.9,Wallet,authentication_failed,130266.61,19,6,0.05,15,83,active,0,3,0
TXN_4044,CUST_1756,42586.18,Wallet,card_expired,188549.11,26,7,1.0,23,62,not_applicable,1,0,1
TXN_4045,CUST_1323,28810.97,UPI,bank_declined,90692.88,26,7,0.56,4,26,active,0,2,1
TXN_4046,CUST_1303,42821.86,NetBanking,card_expired,182004.22,30,3,0.45,10,19,inactive,1,0,1
TXN_4047,CUST_1001,7127.59,NetBanking,customer_abandoned,137069.2,26,8,0.31,19,39,not_applicable,1,0,1
TXN_4048,CUST_1926,33583.52,Card,insufficient_funds,129491.38,11,0,0.56,10,19,active,1,1,1
TXN_4049,CUST_1676,46602.93,Card,insufficient_funds,125959.56,6,1,0.99,16,34,inactive,1,0,1
TXN_4050,CUST_1674,35534.53,Card,bank_declined,12185.7,21,2,0.63,7,19,active,0,0,0
TXN_4051,CUST_2238,38947.86,UPI,card_expired,154252.22,29,4,0.23,8,28,not_applicable,0,2,0
TXN_4052,CUST_2861,49759.59,UPI,bank_declined,16043.58,27,0,0.94,17,62,not_applicable,0,2,1
TXN_4053,CUST_2422,34495.28,Card,customer_abandoned,68284.07,26,7,0.97,15,75,not_applicable,0,2,1
TXN_4054,CUST_1092,24937.57,Card,insufficient_funds,86181.51,29,1,0.33,13,67,active,0,0,1
TXN_4055,CUST_1444,6639.68,Wallet,authentication_failed,143615.82,30,8,0.98,2,64,active,0,0,0
TXN_4056,CUST_2646,43014.84,Wallet,card_expired,72567.71,27,4,0.32,5,52,inactive,1,4,0
TXN_4057,CUST_2581,2381.76,Wallet,card_expired,189126.27,21,5,0.14,11,64,inactive,1,2,1
TXN_4058,CUST_2589,4270.75,NetBanking,card_expired,164702.36,13,3,0.15,22,38,not_applicable,0,1,1
TXN_4059,CUST_2533,36002.52,Wallet,customer_abandoned,56772.79,4,5,0.71,9,37,not_applicable,0,1,0
TXN_4060,CUST_2309,5529.49,NetBanking,card_expired,186493.88,10,1,0.45,2,59,not_applicable,0,4,1
TXN_4061,CUST_1051,25100.93,NetBanking,insufficient_funds,121267.93,7,4,0.3,10,46,active,0,4,0
TXN_4062,CUST_2970,27174.25,Wallet,card_expired,88603.58,0,4,0.39,14,50,inactive,1,3,0
TXN_4063,CUST_2874,34556.28,Wallet,customer_abandoned,10138.09,1,8,0.34,4,69,not_applicable,1,2,0
TXN_4064,CUST_1657,4934.92,Wallet,insufficient_funds,47944.27,23,2,0.05,1,80,inactive,1,1,0
TXN_4065,CUST_1147,36854.2,Card,customer_abandoned,18402.58,29,6,0.02,17,46,not_applicable,0,0,1
TXN_4066,CUST_1760,22015.69,Card,network_error,157572.55,4,1,0.92,21,83,active,1,2,1
TXN_4067,CUST_2457,9436.71,UPI,bank_declined,156656.61,25,4,0.96,7,0,not_applicable,0,0,1
TXN_4068,CUST_2649,34131.67,Wallet,insufficient_funds,68157.46,8,4,0.38,11,18,not_applicable,1,2,1
TXN_4069,CUST_1721,46395.78,Wallet,bank_declined,126168.69,8,3,0.79,6,8,not_applicable,1,0,1
TXN_4070,CUST_2660,10676.76,UPI,customer_abandoned,106874.9,27,5,0.18,7,29,active,1,4,0
TXN_4071,CUST_2910,14653.49,Wallet,card_expired,158514.99,19,6,0.81,19,59,active,0,0,1
TXN_4072,CUST_2536,9122.45,UPI,customer_abandoned,129708.22,6,4,0.99,7,37,inactive,1,2,0
TXN_4073,CUST_2513,1885.16,NetBanking,authentication_failed,4441.5,22,6,0.32,20,8,not_applicable,0,3,0
TXN_4074,CUST_2048,40671.26,Wallet,insufficient_funds,169116.33,30,2,0.26,3,46,not_applicable,0,3,0
TXN_4075,CUST_2243,11888.72,NetBanking,card_expired,181768.13,14,6,0.5,7,65,active,1,2,1
TXN_4076,CUST_2194,20832.56,UPI,card_expired,126571.82,6,1,0.39,5,21,active,0,4,0
TXN_4077,CUST_1658,31760.56,NetBanking,authentication_failed,118621.35,1,7,0.29,0,37,inactive,0,0,0
TXN_4078,CUST_1639,18491.98,Card,network_error,83624.33,17,7,0.63,9,58,inactive,1,2,0
TXN_4079,CUST_1013,1905.62,Wallet,insufficient_funds,49488.54,7,6,0.19,12,52,inactive,1,0,0
TXN_4080,CUST_1007,21542.07,Wallet,network_error,146078.49,30,2,0.24,5,70,active,0,1,1
TXN_4081,CUST_2612,44204.48,Card,insufficient_funds,182224.87,18,3,0.96,16,53,not_applicable,0,3,0
TXN_4082,CUST_2137,45308.8,NetBanking,network_error,47671.64,4,6,0.2,8,90,active,0,1,1
TXN_4083,CUST_2741,35371.53,UPI,bank_declined,187555.97,23,5,0.19,20,75,inactive,0,0,1
TXN_4084,CUST_2843,37348.34,Wallet,network_error,185595.23,21,6,0.65,1,34,not_applicable,1,1,0
TXN_4085,CUST_1193,17299.19,Card,card_expired,70635.78,8,4,0.54,6,43,not_applicable,1,4,0
TXN_4086,CUST_2798,171.14,UPI,insufficient_funds,146622.63,30,8,0.75,21,39,inactive,1,0,0
TXN_4087,CUST_1315,17316.53,NetBanking,card_expired,104935.61,3,0,0.36,12,30,inactive,0,3,0
TXN_4088,CUST_2550,28166.2,UPI,bank_declined,25628.37,17,3,0.08,12,32,not_applicable,0,0,0
TXN_4089,CUST_2411,574.36,Wallet,customer_abandoned,191842.68,10,5,0.52,11,70,not_applicable,1,4,1
TXN_4090,CUST_2908,2994.08,NetBanking,card_expired,117122.38,2,3,0.35,15,73,active,0,1,1
TXN_4091,CUST_2562,18125.01,Wallet,card_expired,52837.03,29,6,0.86,10,73,inactive,0,3,0
TXN_4092,CUST_1818,939.98,Wallet,network_error,78667.53,16,7,0.65,15,62,inactive,0,2,1
TXN_4093,CUST_2614,21656.18,Wallet,insufficient_funds,12286.31,6,4,0.59,2,62,inactive,0,4,1
TXN_4094,CUST_1708,20724.3,Card,authentication_failed,84626.29,0,8,0.09,20,69,inactive,0,3,0
TXN_4095,CUST_2611,7818.3,Wallet,card_expired,96855.87,6,3,0.53,19,77,active,1,3,1
TXN_4096,CUST_1235,3754.25,NetBanking,insufficient_funds,120373.73,1,1,0.53,2,10,active,0,2,1
TXN_4097,CUST_1630,43670.65,UPI,bank_declined,41902.16,9,2,0.04,23,25,inactive,1,3,0
TXN_4098,CUST_2266,17323.36,Card,insufficient_funds,4500.39,8,0,0.25,2,0,not_applicable,1,0,0
TXN_4099,CUST_2638,30880.24,Wallet,bank_declined,35344.57,26,7,0.41,22,77,active,1,4,0
TXN_4100,CUST_2168,23015.95,UPI,bank_declined,194814.21,28,7,0.05,7,67,not_applicable,0,3,1
TXN_4101,CUST_1930,29138.67,Wallet,network_error,159349.82,21,3,0.43,12,57,active,0,4,1
TXN_4102,CUST_2383,43978.39,Wallet,insufficient_funds,179290.96,1,2,0.24,6,58,active,1,2,1
TXN_4103,CUST_1458,24862.14,Card,insufficient_funds,180155.13,11,8,0.32,12,72,not_applicable,1,1,1
TXN_4104,CUST_2834,35436.77,NetBanking,bank_declined,155956.26,19,7,0.56,3,85,not_applicable,1,2,0
TXN_4105,CUST_2873,48354.1,Wallet,authentication_failed,122654.82,6,2,0.73,15,59,active,0,0,1
TXN_4106,CUST_2395,33530.46,NetBanking,bank_declined,52301.73,21,1,0.25,14,86,inactive,0,1,0
TXN_4107,CUST_2495,26117.6,Wallet,insufficient_funds,136972.05,26,6,0.27,16,43,inactive,1,0,1
TXN_4108,CUST_1071,22252.29,NetBanking,customer_abandoned,119795.1,19,7,0.29,6,44,not_applicable,1,3,0
TXN_4109,CUST_2765,40315.88,NetBanking,card_expired,52723.38,30,3,0.3,13,35,inactive,1,0,0
TXN_4110,CUST_1344,34809.7,Wallet,card_expired,141115.84,4,7,0.68,12,63,not_applicable,1,2,0
TXN_4111,CUST_2217,19803.2,Wallet,bank_declined,51708.71,23,5,0.16,16,56,not_applicable,1,3,0
TXN_4112,CUST_2267,4750.12,NetBanking,authentication_failed,187620.67,20,4,0.83,14,10,inactive,1,1,0
TXN_4113,CUST_1563,45342.77,Wallet,bank_declined,82312.39,27,5,0.85,20,4,not_applicable,0,2,1
TXN_4114,CUST_1048,1179.93,NetBanking,card_expired,157193.39,14,7,0.07,5,76,not_applicable,0,4,1
TXN_4115,CUST_2484,33772.34,NetBanking,customer_abandoned,150936.49,26,8,0.25,19,50,inactive,0,4,0
TXN_4116,CUST_1529,2256.67,NetBanking,insufficient_funds,167727.32,7,7,0.17,11,35,not_applicable,0,3,0
TXN_4117,CUST_2075,11301.58,UPI,bank_declined,14622.18,7,8,0.48,6,25,not_applicable,1,3,0
TXN_4118,CUST_2188,36499.26,Card,card_expired,48275.6,23,1,0.34,7,52,not_applicable,1,2,0
TXN_4119,CUST_2998,14319.92,UPI,customer_abandoned,76219.64,29,4,0.82,0,60,active,1,1,1
TXN_4120,CUST_1113,4201.86,NetBanking,insufficient_funds,66343.2,11,0,0.42,23,49,active,0,2,1
TXN_4121,CUST_2717,18683.94,UPI,bank_declined,158192.43,3,0,0.04,23,18,inactive,1,4,0
TXN_4122,CUST_1471,19174.57,Wallet,customer_abandoned,129868.12,18,6,0.97,6,25,inactive,1,3,0
TXN_4123,CUST_1575,49345.15,Wallet,bank_declined,61147.63,22,6,0.03,13,4,active,0,1,1
TXN_4124,CUST_2850,19816.73,Wallet,card_expired,63950.45,26,7,0.1,8,14,inactive,0,0,0
TXN_4125,CUST_2451,16971.98,NetBanking,insufficient_funds,25401.22,1,1,0.3,0,22,not_applicable,1,3,1
TXN_4126,CUST_1091,15172.24,Wallet,authentication_failed,143077.13,3,5,0.61,3,50,inactive,1,4,0
TXN_4127,CUST_2804,12027.38,Wallet,network_error,74433.93,18,7,0.59,6,66,active,0,0,1
TXN_4128,CUST_1874,10823.33,UPI,bank_declined,24176.09,8,3,0.88,10,57,not_applicable,1,2,1
TXN_4129,CUST_2445,31297.9,Wallet,authentication_failed,98591.66,18,3,0.87,10,2,inactive,0,3,0
TXN_4130,CUST_1064,24090.99,Card,network_error,184995.6,0,6,0.72,16,60,inactive,1,3,0
TXN_4131,CUST_1123,8967.45,Wallet,insufficient_funds,157637.45,20,8,0.84,21,15,active,0,1,1
TXN_4132,CUST_2808,27767.32,Wallet,insufficient_funds,126754.66,27,3,0.44,18,14,active,0,3,0
TXN_4133,CUST_1945,5513.21,NetBanking,bank_declined,192294.57,19,8,0.75,9,86,active,0,1,1
TXN_4134,CUST_2020,15884.47,Wallet,authentication_failed,33030.14,14,0,0.41,10,88,not_applicable,0,3,0
TXN_4135,CUST_2185,31722.12,UPI,insufficient_funds,77145.59,20,6,0.61,20,46,active,0,3,1
TXN_4136,CUST_1547,1411.61,UPI,network_error,90673.59,1,7,0.76,16,26,not_applicable,1,3,0
TXN_4137,CUST_2087,32608.66,NetBanking,authentication_failed,103818.6,6,0,0.99,7,32,not_applicable,1,3,0
TXN_4138,CUST_1436,24603.14,Wallet,bank_declined,19191.89,21,4,0.16,22,86,active,1,2,1
TXN_4139,CUST_2270,7861.45,Card,network_error,192773.75,5,8,0.95,1,78,active,0,0,1
TXN_4140,CUST_2775,32023.41,Wallet,authentication_failed,107216.91,27,8,0.82,7,84,inactive,1,1,1
TXN_4141,CUST_2514,112.6,UPI,network_error,152871.7,15,8,0.75,10,79,not_applicable,1,2,1
TXN_4142,CUST_1547,45155.66,UPI,authentication_failed,181780.79,17,5,0.52,23,75,active,0,1,1
TXN_4143,CUST_1381,49826.45,UPI,network_error,60465.23,20,5,0.32,13,0,not_applicable,1,1,1
TXN_4144,CUST_1866,44803.76,UPI,insufficient_funds,149153.19,23,5,0.11,5,26,not_applicable,0,1,1
TXN_4145,CUST_2243,36574.99,Wallet,network_error,170253.9,6,3,0.05,0,76,active,0,2,1
TXN_4146,CUST_2740,34960.05,Wallet,bank_declined,109046.37,8,0,0.67,7,3,inactive,0,2,1
TXN_4147,CUST_1563,18779.42,UPI,card_expired,169885.07,21,7,0.16,6,20,active,0,1,0
TXN_4148,CUST_2774,2262.95,NetBanking,card_expired,73520.94,2,8,0.38,10,0,active,1,1,1
TXN_4149,CUST_1410,32691.22,UPI,customer_abandoned,87907.79,30,8,0.65,4,89,active,1,4,0
TXN_4150,CUST_1258,9095.55,UPI,bank_declined,125762.62,16,1,0.64,22,4,not_applicable,0,0,0
TXN_4151,CUST_2862,20209.69,NetBanking,bank_declined,144788.27,16,4,0.68,22,57,active,1,3,1
TXN_4152,CUST_2549,10835.0,Wallet,authentication_failed,110784.23,14,3,0.6,18,67,not_applicable,0,2,1
TXN_4153,CUST_2701,10139.09,NetBanking,customer_abandoned,105120.39,21,5,0.35,7,67,active,1,0,1
TXN_4154,CUST_2097,11683.22,Card,network_error,10474.86,4,3,0.57,16,17,inactive,1,1,1
TXN_4155,CUST_2201,9178.88,NetBanking,insufficient_funds,65463.18,16,5,0.05,5,46,inactive,1,3,1
TXN_4156,CUST_2585,29099.28,UPI,bank_declined,163138.97,28,5,0.42,18,5,active,0,4,1
TXN_4157,CUST_1253,24217.58,Wallet,customer_abandoned,115215.12,23,5,0.49,9,33,not_applicable,1,3,0
TXN_4158,CUST_1211,28376.14,NetBanking,insufficient_funds,55048.19,26,4,0.15,16,70,inactive,0,2,1
TXN_4159,CUST_2509,24510.08,UPI,authentication_failed,20099.16,18,2,0.4,20,32,inactive,1,2,1
TXN_4160,CUST_1084,41361.97,Card,bank_declined,16144.11,0,7,0.35,13,76,inactive,1,2,1
TXN_4161,CUST_2231,32456.35,Card,bank_declined,58701.71,27,5,0.85,16,65,active,0,4,0
TXN_4162,CUST_2549,24967.76,Card,customer_abandoned,195340.88,4,7,0.95,14,42,inactive,1,3,0
TXN_4163,CUST_2285,7114.9,Wallet,network_error,65807.68,8,5,0.03,18,23,inactive,1,0,0
TXN_4164,CUST_1258,19836.55,Card,authentication_failed,188262.94,14,2,0.87,9,75,active,1,4,1
TXN_4165,CUST_1962,28304.8,UPI,insufficient_funds,2180.77,15,0,0.22,22,36,inactive,1,4,0
TXN_4166,CUST_1582,37751.52,NetBanking,authentication_failed,29983.51,22,6,0.87,14,33,not_applicable,0,3,0
TXN_4167,CUST_1873,11547.99,Card,card_expired,32386.34,21,5,0.63,13,84,inactive,0,1,1
TXN_4168,CUST_1675,35946.17,NetBanking,authentication_failed,70360.78,7,5,0.59,0,21,inactive,1,3,0
TXN_4169,CUST_1539,49957.56,UPI,network_error,150019.0,9,1,0.61,4,19,inactive,0,3,0
TXN_4170,CUST_1813,30945.8,NetBanking,card_expired,68981.6,25,1,0.03,9,47,active,0,2,1
TXN_4171,CUST_1211,46530.99,Wallet,customer_abandoned,125633.92,26,0,0.08,1,43,inactive,1,2,0
TXN_4172,CUST_2138,13516.85,Card,bank_declined,49510.13,11,5,0.3,19,43,inactive,1,1,1
TXN_4173,CUST_2962,27279.94,UPI,network_error,98791.34,17,3,0.72,6,47,not_applicable,1,3,1
TXN_4174,CUST_1849,39125.02,UPI,authentication_failed,35889.01,26,5,0.78,0,38,not_applicable,0,0,1
TXN_4175,CUST_2029,34192.09,Wallet,customer_abandoned,96829.13,1,4,0.67,6,10,inactive,0,2,0
TXN_4176,CUST_2865,42592.4,NetBanking,customer_abandoned,12053.9,15,8,0.15,10,20,active,1,4,0
TXN_4177,CUST_1474,36996.63,Card,network_error,16174.06,17,6,0.92,1,78,not_applicable,0,0,0
TXN_4178,CUST_2368,30336.91,Wallet,insufficient_funds,96767.45,16,8,0.74,16,69,inactive,0,0,1
TXN_4179,CUST_1068,24713.9,NetBanking,bank_declined,183314.05,25,8,0.96,6,76,active,0,0,0
TXN_4180,CUST_1756,13196.16,Card,card_expired,47261.34,1,2,0.3,12,36,active,0,4,0
TXN_4181,CUST_2450,15776.95,Card,customer_abandoned,75468.35,21,3,0.62,22,27,not_applicable,1,1,0
TXN_4182,CUST_2023,36804.35,UPI,card_expired,163070.29,29,0,0.03,21,85,active,1,4,0
TXN_4183,CUST_1347,39490.21,UPI,authentication_failed,107082.69,17,3,0.58,16,38,inactive,1,4,0
TXN_4184,CUST_1203,12840.16,Wallet,network_error,128032.51,13,6,0.86,7,34,active,0,4,0
TXN_4185,CUST_1476,25070.93,NetBanking,authentication_failed,109549.37,22,1,0.83,5,37,active,1,3,1
TXN_4186,CUST_1598,25891.24,Wallet,bank_declined,181111.72,4,6,0.79,9,35,active,1,3,1
TXN_4187,CUST_2327,10990.53,Card,customer_abandoned,105350.72,24,2,0.84,15,76,inactive,1,1,1
TXN_4188,CUST_1905,39753.64,NetBanking,authentication_failed,37411.7,2,8,0.81,15,56,inactive,1,4,0
TXN_4189,CUST_2160,9742.48,Card,bank_declined,95197.48,12,8,0.68,14,84,active,1,2,0
TXN_4190,CUST_1786,21419.64,Card,authentication_failed,179973.94,19,5,0.52,7,11,inactive,1,3,0
TXN_4191,CUST_1826,3206.3,NetBanking,customer_abandoned,184501.96,4,3,0.18,19,35,active,0,3,0
TXN_4192,CUST_2622,40198.02,UPI,authentication_failed,43875.2,30,6,0.53,8,75,inactive,1,3,0
TXN_4193,CUST_2367,38008.78,UPI,insufficient_funds,113303.89,21,8,0.86,5,17,not_applicable,0,1,0
TXN_4194,CUST_2361,32471.8,Card,bank_declined,145352.86,12,8,0.55,15,17,active,0,1,1
TXN_4195,CUST_1957,32441.08,Card,card_expired,181749.44,15,8,0.42,8,6,inactive,0,1,0
TXN_4196,CUST_2054,19483.0,Wallet,network_error,87644.13,29,4,0.07,22,66,inactive,1,4,1
TXN_4197,CUST_1500,24766.28,UPI,bank_declined,118100.32,25,5,0.36,10,74,inactive,1,3,0
TXN_4198,CUST_2356,43922.99,Wallet,customer_abandoned,191138.73,26,5,0.58,14,64,inactive,0,0,0
TXN_4199,CUST_2815,48464.88,NetBanking,bank_declined,141466.55,2,2,0.34,12,81,not_applicable,1,3,0
TXN_4200,CUST_1534,7256.59,NetBanking,authentication_failed,34381.14,8,3,0.05,13,28,active,1,0,1
TXN_4201,CUST_1752,27084.33,Wallet,insufficient_funds,140291.92,8,6,0.83,11,24,inactive,1,1,1
TXN_4202,CUST_1086,44142.02,UPI,bank_declined,193483.67,4,1,0.44,21,65,inactive,1,2,1
TXN_4203,CUST_1933,36192.17,UPI,bank_declined,15062.97,4,0,0.68,7,41,active,0,4,1
TXN_4204,CUST_2988,45302.44,NetBanking,customer_abandoned,75213.49,30,0,0.58,10,52,inactive,0,1,1
TXN_4205,CUST_1458,16670.55,NetBanking,authentication_failed,13386.5,10,0,0.52,17,11,not_applicable,1,1,1
TXN_4206,CUST_2868,10401.49,Card,card_expired,105960.77,22,8,0.2,15,54,inactive,0,1,0
TXN_4207,CUST_2749,25598.74,Wallet,customer_abandoned,16750.58,18,0,0.59,8,16,active,0,4,0
TXN_4208,CUST_1196,5425.08,UPI,network_error,110449.5,1,8,0.59,19,9,not_applicable,1,0,0
TXN_4209,CUST_1078,28711.5,NetBanking,card_expired,167862.0,4,1,0.72,16,34,inactive,1,2,1
TXN_4210,CUST_2188,29664.48,Wallet,bank_declined,134778.25,19,0,0.04,10,16,inactive,0,1,0
TXN_4211,CUST_1719,45322.74,Wallet,insufficient_funds,170240.0,30,1,0.82,9,27,inactive,0,0,1
TXN_4212,CUST_1639,31708.26,UPI,customer_abandoned,136046.77,15,7,0.81,23,46,active,0,0,0
TXN_4213,CUST_1876,16453.58,UPI,insufficient_funds,75816.26,19,2,0.9,4,13,inactive,1,2,1
TXN_4214,CUST_1694,34971.15,Card,network_error,191000.73,3,4,0.71,14,30,active,0,2,0
TXN_4215,CUST_1503,34408.49,UPI,authentication_failed,7838.24,4,7,0.83,9,31,active,0,3,0
TXN_4216,CUST_1870,22358.26,Wallet,bank_declined,63106.29,12,0,0.27,5,28,active,1,0,1
TXN_4217,CUST_2852,18999.7,Wallet,bank_declined,127034.38,10,8,0.81,0,53,active,1,3,0
TXN_4218,CUST_1667,10764.69,NetBanking,bank_declined,133712.16,4,6,0.67,14,17,active,0,3,1
TXN_4219,CUST_2288,895.69,Wallet,customer_abandoned,170755.09,1,2,0.52,14,40,active,0,0,1
TXN_4220,CUST_2821,4659.43,NetBanking,customer_abandoned,87090.37,27,6,0.23,17,62,active,1,4,0
TXN_4221,CUST_1005,25254.35,NetBanking,network_error,162678.73,30,1,0.74,2,22,active,0,3,1
TXN_4222,CUST_1929,27016.97,Card,card_expired,86033.9,7,5,0.97,6,73,active,0,0,1
TXN_4223,CUST_2289,12772.92,NetBanking,bank_declined,46788.07,16,4,0.61,23,74,not_applicable,1,0,1
TXN_4224,CUST_2783,484.12,Wallet,bank_declined,166183.01,15,0,0.7,14,74,inactive,0,1,1
TXN_4225,CUST_2762,3532.15,UPI,customer_abandoned,73049.11,16,3,0.94,1,18,inactive,0,3,1
TXN_4226,CUST_2399,14348.59,NetBanking,network_error,32254.72,23,8,0.45,10,80,not_applicable,1,0,1
TXN_4227,CUST_2174,34143.1,UPI,card_expired,193320.53,23,0,0.36,9,8,not_applicable,0,2,1
TXN_4228,CUST_2454,44890.94,NetBanking,authentication_failed,8552.0,16,0,0.95,10,12,active,0,1,1
TXN_4229,CUST_1582,47090.29,Wallet,bank_declined,40732.28,23,3,0.04,7,53,active,0,0,1
TXN_4230,CUST_1646,22586.11,Wallet,customer_abandoned,66966.96,24,5,0.96,22,38,active,1,0,0
TXN_4231,CUST_1005,33112.94,NetBanking,insufficient_funds,33408.8,12,4,0.73,7,57,inactive,0,1,1
TXN_4232,CUST_1196,21310.9,Wallet,insufficient_funds,185032.4,26,4,0.17,14,7,active,0,2,1
TXN_4233,CUST_2441,3254.89,Card,authentication_failed,159294.74,28,3,0.62,6,80,not_applicable,1,0,0
TXN_4234,CUST_1919,8274.3,NetBanking,network_error,8989.41,16,1,0.17,14,48,not_applicable,1,2,1
TXN_4235,CUST_1075,12434.13,NetBanking,authentication_failed,52537.45,3,7,0.88,23,30,not_applicable,0,0,0
TXN_4236,CUST_2563,36489.67,UPI,insufficient_funds,8106.48,21,5,0.37,23,46,not_applicable,0,3,0
TXN_4237,CUST_2242,9402.2,Card,card_expired,24918.12,22,1,0.87,15,75,active,1,2,0
TXN_4238,CUST_2318,4032.45,Wallet,insufficient_funds,70454.72,16,4,0.96,23,38,active,1,2,1
TXN_4239,CUST_2442,32217.7,NetBanking,bank_declined,194472.05,26,2,0.98,23,42,not_applicable,0,2,1
TXN_4240,CUST_1956,8221.18,UPI,customer_abandoned,41214.78,15,6,0.89,11,0,not_applicable,1,3,1
TXN_4241,CUST_1368,30433.19,UPI,network_error,153469.1,17,5,0.74,13,18,not_applicable,0,3,0
TXN_4242,CUST_1226,41381.12,Card,network_error,137395.92,0,2,0.53,20,84,inactive,0,0,1
TXN_4243,CUST_2149,37220.02,Wallet,authentication_failed,95214.14,27,0,0.29,23,15,active,0,3,1
TXN_4244,CUST_2717,34866.01,UPI,authentication_failed,187530.57,20,1,0.17,18,35,not_applicable,0,4,0
TXN_4245,CUST_1137,12287.55,Wallet,insufficient_funds,180813.01,1,3,0.1,4,63,not_applicable,1,1,1
TXN_4246,CUST_2080,39575.18,UPI,bank_declined,71628.65,29,8,0.95,14,59,inactive,1,0,0
TXN_4247,CUST_1173,14801.45,NetBanking,customer_abandoned,2500.68,18,7,0.3,4,89,inactive,0,0,0
TXN_4248,CUST_1215,44509.23,NetBanking,network_error,193457.11,20,6,0.07,9,55,active,1,3,0
TXN_4249,CUST_1414,27461.77,NetBanking,authentication_failed,19489.42,11,6,0.38,22,72,not_applicable,0,4,0
TXN_4250,CUST_2674,26849.21,Card,card_expired,132576.99,1,5,0.7,3,26,inactive,1,1,0
TXN_4251,CUST_2752,40666.09,Wallet,bank_declined,136029.86,23,8,0.89,21,78,active,1,0,1
TXN_4252,CUST_1099,44705.1,Wallet,bank_declined,173289.05,3,6,0.44,14,34,not_applicable,1,3,0
TXN_4253,CUST_1387,46647.32,NetBanking,authentication_failed,143317.78,3,8,0.93,4,14,inactive,1,2,1
TXN_4254,CUST_2043,30503.94,Wallet,bank_declined,24054.7,15,7,0.29,19,30,inactive,1,4,1
TXN_4255,CUST_1628,16039.16,Card,authentication_failed,19557.72,7,5,0.71,12,77,not_applicable,1,0,1
TXN_4256,CUST_1363,14344.34,NetBanking,card_expired,60236.72,24,0,0.47,2,78,active,0,3,0
TXN_4257,CUST_2826,39487.22,NetBanking,network_error,64100.67,20,1,0.85,4,48,inactive,0,4,0
TXN_4258,CUST_1182,33103.96,Wallet,authentication_failed,65650.1,18,3,0.52,6,47,active,0,1,1
TXN_4259,CUST_2284,17010.21,UPI,card_expired,169779.12,24,8,0.48,15,71,active,0,2,1
TXN_4260,CUST_2313,5350.4,Wallet,authentication_failed,29063.93,4,8,0.98,23,61,inactive,0,1,0
TXN_4261,CUST_1674,25537.51,NetBanking,card_expired,105108.06,13,2,0.22,1,17,not_applicable,1,4,1
TXN_4262,CUST_2958,4330.55,Wallet,bank_declined,115091.42,15,8,0.57,3,14,active,0,3,1
TXN_4263,CUST_2210,26356.52,Card,bank_declined,28275.48,23,5,0.57,3,57,active,0,1,1
TXN_4264,CUST_1281,10269.31,Card,insufficient_funds,7190.61,14,7,0.51,16,55,inactive,0,1,0
TXN_4265,CUST_2162,23522.78,NetBanking,customer_abandoned,186656.06,23,7,0.72,11,82,not_applicable,0,2,1
TXN_4266,CUST_1666,11288.07,Wallet,customer_abandoned,135058.82,21,7,0.89,23,61,not_applicable,0,3,0
TXN_4267,CUST_1615,40641.31,Card,insufficient_funds,112800.96,29,2,0.55,21,38,active,1,2,0
TXN_4268,CUST_1422,37407.47,NetBanking,card_expired,170173.65,16,1,0.35,2,88,inactive,1,2,0
TXN_4269,CUST_1064,30808.74,Card,network_error,64995.2,5,0,0.57,19,34,not_applicable,0,1,1
TXN_4270,CUST_1779,7254.45,NetBanking,network_error,75420.08,20,5,0.74,13,23,not_applicable,1,1,0
TXN_4271,CUST_1408,22939.93,UPI,network_error,128921.91,17,6,0.1,14,0,not_applicable,1,2,0
TXN_4272,CUST_1033,28473.35,Wallet,authentication_failed,156287.31,24,4,0.79,7,74,not_applicable,1,2,1
TXN_4273,CUST_2642,26505.81,UPI,insufficient_funds,192135.47,25,1,0.09,0,38,active,1,4,0
TXN_4274,CUST_1970,48116.98,NetBanking,authentication_failed,60814.84,6,5,0.86,8,74,active,0,0,1
TXN_4275,CUST_1218,37379.6,UPI,authentication_failed,47034.33,17,6,0.33,19,79,not_applicable,0,1,0
TXN_4276,CUST_2964,41589.52,Card,customer_abandoned,170072.63,18,3,0.63,11,57,inactive,0,4,0
TXN_4277,CUST_1628,3932.87,UPI,insufficient_funds,150858.46,2,5,0.73,22,63,active,0,2,0
TXN_4278,CUST_1938,36553.55,NetBanking,network_error,165910.29,1,1,0.75,13,36,not_applicable,0,3,0
TXN_4279,CUST_1383,21405.62,NetBanking,bank_declined,180521.34,29,5,0.65,9,53,active,0,1,1
TXN_4280,CUST_2969,4265.12,UPI,card_expired,58850.27,10,4,0.54,12,79,not_applicable,0,1,1
TXN_4281,CUST_2359,11139.64,Card,authentication_failed,105951.31,9,0,0.17,15,10,inactive,0,2,1
TXN_4282,CUST_1469,24269.97,NetBanking,network_error,115198.69,12,0,0.15,19,43,inactive,1,0,1
TXN_4283,CUST_2476,20563.48,UPI,network_error,161834.35,1,3,0.77,18,67,active,0,3,1
TXN_4284,CUST_2183,30847.34,NetBanking,insufficient_funds,49447.82,12,3,0.99,10,17,active,1,0,0
TXN_4285,CUST_2515,28206.91,Card,insufficient_funds,140081.61,29,2,0.8,5,37,not_applicable,0,3,0
TXN_4286,CUST_1692,35021.45,Wallet,insufficient_funds,191752.25,12,8,0.6,1,77,inactive,1,2,1
TXN_4287,CUST_2360,42478.51,UPI,authentication_failed,134308.28,23,5,0.73,8,15,active,0,1,1
TXN_4288,CUST_1890,18626.22,Wallet,bank_declined,30312.97,23,0,0.51,4,66,inactive,0,2,1
TXN_4289,CUST_2853,49858.42,Wallet,customer_abandoned,122630.52,24,5,0.79,17,14,inactive,0,2,1
TXN_4290,CUST_2488,41594.11,Wallet,authentication_failed,123401.91,5,0,0.7,22,42,active,1,4,0
TXN_4291,CUST_1365,27477.06,Card,insufficient_funds,127173.36,26,1,0.59,20,87,active,1,1,0
TXN_4292,CUST_2168,44923.81,NetBanking,authentication_failed,194225.83,3,4,0.67,3,36,active,0,1,1
TXN_4293,CUST_2670,41640.65,NetBanking,customer_abandoned,54895.6,22,6,0.43,18,74,active,0,2,0
TXN_4294,CUST_2750,309.44,Card,network_error,38421.7,10,2,0.0,0,15,active,0,0,1
TXN_4295,CUST_1922,21334.16,NetBanking,insufficient_funds,63202.37,4,0,0.76,19,64,not_applicable,1,2,0
TXN_4296,CUST_1892,48767.45,Wallet,network_error,128760.7,11,4,0.46,17,9,not_applicable,0,3,1
TXN_4297,CUST_1382,11193.68,UPI,card_expired,43372.26,21,6,0.41,14,85,inactive,0,3,1
TXN_4298,CUST_1639,142.6,NetBanking,customer_abandoned,40243.97,20,1,0.19,10,24,active,0,4,1
TXN_4299,CUST_2340,17688.99,UPI,insufficient_funds,91994.9,3,3,0.15,1,66,inactive,0,1,0
TXN_4300,CUST_1209,5249.67,NetBanking,network_error,107075.61,26,8,0.1,5,30,inactive,0,4,1
TXN_4301,CUST_1513,28373.43,UPI,customer_abandoned,145069.61,4,2,0.42,23,32,inactive,0,3,0
TXN_4302,CUST_1976,5000.62,UPI,customer_abandoned,105247.27,7,2,0.51,0,17,inactive,0,2,0
TXN_4303,CUST_1325,37051.87,Card,authentication_failed,166668.38,13,7,0.75,1,57,inactive,1,0,0
TXN_4304,CUST_1636,31140.77,Card,authentication_failed,16984.3,29,3,0.69,20,81,not_applicable,1,3,0
TXN_4305,CUST_2450,6711.7,Wallet,network_error,172548.12,9,0,0.61,17,89,inactive,1,1,1
TXN_4306,CUST_1153,1633.29,UPI,network_error,107924.74,20,5,0.92,5,37,not_applicable,0,0,1
TXN_4307,CUST_1493,48585.37,Card,customer_abandoned,28153.77,1,5,0.57,2,2,not_applicable,1,1,1
TXN_4308,CUST_1580,26324.48,Wallet,card_expired,19122.2,11,4,0.58,5,55,inactive,1,0,0
TXN_4309,CUST_1894,36462.59,Card,authentication_failed,152481.09,5,7,0.77,13,90,not_applicable,0,4,0
TXN_4310,CUST_2128,10868.98,NetBanking,customer_abandoned,81442.92,5,3,0.78,17,84,active,0,4,1
TXN_4311,CUST_2180,4039.45,Card,network_error,107571.8,20,3,0.31,21,80,active,1,4,1
TXN_4312,CUST_2333,25339.95,Wallet,authentication_failed,121611.78,0,7,0.01,23,5,inactive,0,1,0
TXN_4313,CUST_1721,41012.12,Wallet,customer_abandoned,193136.65,7,1,0.18,16,78,not_applicable,1,4,0
TXN_4314,CUST_1481,21388.61,UPI,insufficient_funds,67630.74,23,6,0.57,21,74,not_applicable,0,0,1
TXN_4315,CUST_2332,1250.33,Card,bank_declined,193910.62,7,4,0.81,22,59,not_applicable,0,2,0
TXN_4316,CUST_1014,38043.33,Wallet,customer_abandoned,78423.08,0,7,0.75,15,47,active,1,4,0
TXN_4317,CUST_1578,44945.47,Wallet,card_expired,36267.25,25,5,0.29,14,48,not_applicable,1,3,0
TXN_4318,CUST_1256,16028.63,UPI,card_expired,85423.21,17,0,0.49,10,74,inactive,0,4,1
TXN_4319,CUST_2599,26207.29,NetBanking,authentication_failed,73129.51,8,5,0.25,8,21,active,1,4,0
TXN_4320,CUST_1681,25835.23,NetBanking,insufficient_funds,149476.86,6,3,0.12,22,4,not_applicable,1,4,0
TXN_4321,CUST_1137,19044.74,NetBanking,bank_declined,72719.28,3,6,0.39,6,84,not_applicable,1,0,1
TXN_4322,CUST_2885,16275.3,UPI,insufficient_funds,100877.74,19,6,0.62,15,39,inactive,0,1,0
TXN_4323,CUST_2762,35962.9,Wallet,card_expired,109875.15,12,5,0.45,23,77,active,1,0,1
TXN_4324,CUST_1515,12250.41,UPI,network_error,176752.02,7,7,0.56,4,18,active,1,1,0
TXN_4325,CUST_1859,43765.44,Wallet,authentication_failed,163698.95,25,7,0.6,1,90,active,0,1,1
TXN_4326,CUST_2297,21722.64,UPI,card_expired,109928.17,16,1,0.06,14,8,not_applicable,0,2,1
TXN_4327,CUST_2934,41488.33,NetBanking,customer_abandoned,12874.66,14,5,0.17,4,15,active,0,3,1
TXN_4328,CUST_2534,157.18,NetBanking,authentication_failed,57198.46,13,3,0.58,15,27,active,0,2,1
TXN_4329,CUST_2241,38879.93,Card,card_expired,101679.32,3,0,0.51,17,64,inactive,0,1,1
TXN_4330,CUST_1110,24981.36,Wallet,customer_abandoned,122089.73,24,5,0.9,18,33,not_applicable,0,0,1
TXN_4331,CUST_1481,19317.74,UPI,authentication_failed,1706.25,25,0,0.61,7,90,inactive,1,4,0
TXN_4332,CUST_2949,25257.01,NetBanking,customer_abandoned,161042.52,2,0,0.55,1,16,active,0,2,0
TXN_4333,CUST_1155,39329.8,NetBanking,insufficient_funds,54673.68,17,1,0.73,14,5,active,1,3,1
TXN_4334,CUST_1128,8582.82,Wallet,customer_abandoned,181121.64,17,7,0.2,17,57,not_applicable,0,1,1
TXN_4335,CUST_2555,464.79,UPI,bank_declined,53433.19,18,7,0.2,0,26,not_applicable,0,0,0
TXN_4336,CUST_1573,36645.16,Card,customer_abandoned,138991.73,9,7,0.79,8,27,not_applicable,0,2,0
TXN_4337,CUST_1625,22272.32,Card,insufficient_funds,132163.59,1,6,0.44,11,8,active,0,2,1
TXN_4338,CUST_2727,31735.27,Wallet,insufficient_funds,23814.91,2,0,0.78,20,37,active,0,0,1
TXN_4339,CUST_1480,32826.14,NetBanking,bank_declined,31863.63,10,7,0.27,18,38,active,0,3,0
TXN_4340,CUST_2556,14068.49,Card,customer_abandoned,46334.25,21,2,0.81,21,29,not_applicable,1,3,1
TXN_4341,CUST_2546,28317.06,Wallet,card_expired,45964.59,21,1,0.92,15,48,active,1,4,1
TXN_4342,CUST_2855,39768.05,Wallet,network_error,193367.86,13,7,0.73,23,56,inactive,0,1,0
TXN_4343,CUST_2024,32587.45,Wallet,network_error,44274.61,21,1,0.2,4,27,not_applicable,0,4,1
TXN_4344,CUST_2988,455.79,Card,authentication_failed,136658.0,14,2,0.27,1,35,not_applicable,1,1,1
TXN_4345,CUST_1079,18022.72,NetBanking,bank_declined,96511.34,3,4,0.97,10,43,not_applicable,1,4,0
TXN_4346,CUST_2655,36090.58,UPI,customer_abandoned,151268.44,23,7,0.22,23,28,inactive,0,4,0
TXN_4347,CUST_2137,17575.08,UPI,network_error,154609.34,30,6,0.62,9,86,active,0,0,1
TXN_4348,CUST_1712,38990.23,Wallet,bank_declined,47795.96,16,5,0.75,19,24,not_applicable,0,4,1
TXN_4349,CUST_2305,43943.22,NetBanking,card_expired,156951.05,21,6,0.41,23,17,active,1,2,1
TXN_4350,CUST_2694,19041.72,NetBanking,authentication_failed,128086.45,6,3,0.16,18,23,inactive,0,4,1
TXN_4351,CUST_1647,35228.9,NetBanking,insufficient_funds,150922.13,30,6,0.07,7,66,inactive,1,3,1
TXN_4352,CUST_1017,38758.7,Card,insufficient_funds,134682.77,23,7,0.29,20,9,inactive,0,3,0
TXN_4353,CUST_2144,5610.68,NetBanking,card_expired,94845.83,1,5,0.24,11,87,not_applicable,1,2,0
TXN_4354,CUST_2547,8213.76,Card,customer_abandoned,46780.82,10,4,0.08,9,4,inactive,1,3,1
TXN_4355,CUST_1958,26567.49,Card,customer_abandoned,79951.65,22,2,0.54,3,4,not_applicable,0,3,0
TXN_4356,CUST_2596,46101.75,Card,customer_abandoned,36559.9,21,0,0.3,8,2,not_applicable,1,3,1
TXN_4357,CUST_2556,18622.53,UPI,insufficient_funds,5489.77,25,2,0.15,9,51,active,1,2,1
TXN_4358,CUST_2369,49497.16,Wallet,authentication_failed,56495.3,22,0,0.92,8,12,active,1,4,0
TXN_4359,CUST_1875,30032.08,Wallet,network_error,7606.07,2,8,0.08,13,32,inactive,0,3,0
TXN_4360,CUST_1258,20367.98,NetBanking,bank_declined,121629.28,26,7,0.44,1,89,inactive,1,3,1
TXN_4361,CUST_1168,26783.51,UPI,insufficient_funds,139051.49,3,8,0.9,14,59,active,0,1,1
TXN_4362,CUST_1321,11563.76,NetBanking,network_error,22356.41,24,0,0.14,22,36,not_applicable,1,1,1
TXN_4363,CUST_2609,16126.85,UPI,network_error,85211.4,7,2,0.98,9,48,not_applicable,1,4,1
TXN_4364,CUST_2159,27086.52,Wallet,customer_abandoned,20675.36,28,4,0.32,19,86,active,0,0,1
TXN_4365,CUST_1534,47336.92,Card,authentication_failed,78854.42,3,7,0.06,14,79,not_applicable,0,2,0
TXN_4366,CUST_1827,7372.48,Card,bank_declined,46767.93,14,0,0.62,9,67,active,0,1,1
TXN_4367,CUST_1121,23289.72,UPI,authentication_failed,122282.86,13,4,0.42,7,17,active,0,2,1
TXN_4368,CUST_2888,49277.42,NetBanking,customer_abandoned,74056.04,12,5,0.78,3,65,active,0,3,0
TXN_4369,CUST_1752,23803.34,UPI,network_error,78304.26,1,0,0.34,7,34,active,1,2,1
TXN_4370,CUST_1405,18065.04,Card,bank_declined,178008.51,28,6,0.69,21,60,inactive,0,2,0
TXN_4371,CUST_1430,29598.63,Wallet,card_expired,178553.94,10,1,0.7,20,85,active,0,0,1
TXN_4372,CUST_1149,43404.84,NetBanking,bank_declined,61007.26,3,1,0.45,3,75,active,0,0,1
TXN_4373,CUST_1776,42540.28,UPI,network_error,186389.89,3,3,0.93,23,51,not_applicable,0,0,1
TXN_4374,CUST_2605,46102.24,UPI,bank_declined,11823.01,27,2,0.27,5,9,not_applicable,1,2,1
TXN_4375,CUST_1335,24048.29,Wallet,network_error,121337.25,20,3,0.48,23,46,active,1,1,0
TXN_4376,CUST_1647,12103.39,Wallet,insufficient_funds,55530.91,3,6,0.92,3,87,inactive,1,2,0
TXN_4377,CUST_2504,30517.09,Card,network_error,136665.45,25,1,0.51,17,35,inactive,1,1,1
TXN_4378,CUST_1898,8720.46,NetBanking,authentication_failed,170673.81,4,6,0.14,16,16,not_applicable,1,0,0
TXN_4379,CUST_2093,3855.35,UPI,bank_declined,109497.0,27,4,0.67,1,23,active,0,1,0
TXN_4380,CUST_1711,36992.88,NetBanking,authentication_failed,108679.48,7,5,0.93,16,7,not_applicable,0,2,0
TXN_4381,CUST_2793,28104.16,Card,authentication_failed,119623.61,16,0,0.41,10,3,inactive,1,0,1
TXN_4382,CUST_2787,9340.28,Wallet,customer_abandoned,111413.6,21,8,0.72,2,74,not_applicable,1,1,0
TXN_4383,CUST_1738,44207.53,NetBanking,bank_declined,102239.32,29,2,0.64,11,23,inactive,1,3,0
TXN_4384,CUST_2000,23462.07,Wallet,bank_declined,181346.89,9,4,0.93,18,49,inactive,0,0,0
TXN_4385,CUST_1626,7004.71,Wallet,bank_declined,170166.72,25,0,0.95,1,55,active,1,4,1
TXN_4386,CUST_2089,25980.45,Card,network_error,156039.96,9,8,0.56,13,16,not_applicable,1,2,1
TXN_4387,CUST_2651,22840.1,NetBanking,card_expired,143074.6,15,7,0.79,18,29,not_applicable,1,2,1
TXN_4388,CUST_2337,42863.49,Wallet,insufficient_funds,109684.76,18,1,0.41,4,15,active,1,0,1
TXN_4389,CUST_1958,19731.34,Card,bank_declined,147053.35,8,5,0.92,23,25,not_applicable,1,0,0
TXN_4390,CUST_1189,17826.25,Wallet,insufficient_funds,31638.24,18,3,0.69,4,80,not_applicable,1,3,1
TXN_4391,CUST_1063,32083.52,Wallet,authentication_failed,123798.23,4,6,0.55,4,46,not_applicable,0,3,0
TXN_4392,CUST_1607,36502.24,Card,insufficient_funds,120807.86,21,6,0.66,1,27,active,1,0,0
TXN_4393,CUST_2329,39219.64,Card,customer_abandoned,156402.14,21,4,0.93,7,86,not_applicable,1,2,0
TXN_4394,CUST_2920,29106.01,Card,network_error,22667.44,17,5,0.46,4,87,active,1,0,0
TXN_4395,CUST_2610,1483.49,Wallet,authentication_failed,12320.6,29,4,0.07,18,53,not_applicable,1,2,1
TXN_4396,CUST_2897,25108.21,NetBanking,authentication_failed,74410.69,22,5,0.11,22,79,inactive,1,4,0
TXN_4397,CUST_2793,16118.89,UPI,card_expired,53799.49,14,3,0.65,23,13,inactive,1,1,0
TXN_4398,CUST_1899,18184.29,UPI,authentication_failed,128656.01,7,2,0.27,4,87,inactive,0,1,1
TXN_4399,CUST_1436,11543.02,Card,network_error,32608.7,27,2,0.78,15,49,active,1,3,1
TXN_4400,CUST_2880,9213.68,NetBanking,customer_abandoned,24132.9,0,4,0.84,1,35,not_applicable,1,2,0
TXN_4401,CUST_2359,16430.14,NetBanking,insufficient_funds,131981.28,2,2,0.12,17,48,active,0,0,1
TXN_4402,CUST_2975,1034.64,UPI,bank_declined,78928.77,0,2,0.07,22,16,not_applicable,0,0,0
TXN_4403,CUST_1976,21141.91,NetBanking,customer_abandoned,89432.62,20,5,0.05,18,45,active,0,3,0
TXN_4404,CUST_2597,37848.54,Wallet,network_error,74413.96,15,4,0.72,5,26,not_applicable,0,2,1
TXN_4405,CUST_2431,21219.65,NetBanking,card_expired,113214.53,29,3,0.95,20,58,active,0,3,1
TXN_4406,CUST_2065,1742.4,Card,authentication_failed,121983.48,13,2,0.95,2,44,active,0,0,0
TXN_4407,CUST_1282,24259.8,Wallet,insufficient_funds,94148.24,15,7,0.64,5,8,inactive,0,2,1
TXN_4408,CUST_2953,31740.99,Wallet,authentication_failed,174925.89,21,6,0.75,10,27,inactive,0,2,0
TXN_4409,CUST_2848,23147.04,NetBanking,network_error,128280.75,7,1,0.46,0,45,active,0,4,0
TXN_4410,CUST_2162,913.66,Card,insufficient_funds,35638.76,17,7,0.49,7,3,not_applicable,1,0,1
TXN_4411,CUST_1975,14008.48,Card,card_expired,105006.04,14,7,0.34,7,13,active,1,1,0
TXN_4412,CUST_2820,47919.09,NetBanking,insufficient_funds,171080.1,23,4,0.08,16,43,active,0,3,0
TXN_4413,CUST_2371,17444.24,NetBanking,authentication_failed,198975.11,20,0,0.3,16,19,inactive,0,0,0
TXN_4414,CUST_2244,28437.74,UPI,network_error,167190.11,4,2,0.19,0,71,not_applicable,1,0,0
TXN_4415,CUST_2784,3164.19,Card,insufficient_funds,183868.01,16,4,0.08,11,23,active,1,4,0
TXN_4416,CUST_1846,24591.28,UPI,card_expired,90170.13,7,3,0.97,2,41,not_applicable,1,2,0
TXN_4417,CUST_1235,32543.89,Wallet,bank_declined,26296.74,14,0,0.51,6,21,active,0,4,1
TXN_4418,CUST_2076,25770.88,UPI,network_error,114328.88,27,0,0.02,19,36,active,1,2,1
TXN_4419,CUST_1024,35648.48,Card,customer_abandoned,23978.49,8,1,0.57,7,3,active,1,4,0
TXN_4420,CUST_2280,34154.28,Wallet,network_error,17994.14,20,5,0.63,16,89,inactive,1,2,1
TXN_4421,CUST_2398,25399.45,NetBanking,insufficient_funds,154891.39,18,5,0.71,18,12,inactive,1,0,1
TXN_4422,CUST_1607,29600.12,Wallet,card_expired,193854.19,28,3,0.16,12,52,not_applicable,1,3,1
TXN_4423,CUST_1262,35157.15,Wallet,card_expired,155026.66,16,6,0.28,10,13,not_applicable,0,2,0
TXN_4424,CUST_2571,45310.37,Card,insufficient_funds,72606.57,9,3,0.06,20,70,inactive,1,0,1
TXN_4425,CUST_2396,6328.4,NetBanking,network_error,159522.65,4,1,0.64,15,49,inactive,0,2,0
TXN_4426,CUST_2238,39263.38,Card,authentication_failed,23310.62,28,4,0.38,3,54,not_applicable,1,3,1
TXN_4427,CUST_1525,20925.34,UPI,network_error,194500.73,17,8,0.74,21,88,inactive,1,4,1
TXN_4428,CUST_1644,44011.29,Wallet,bank_declined,21060.15,19,1,0.14,2,6,inactive,1,3,1
TXN_4429,CUST_2312,43261.93,Card,network_error,107733.58,9,1,0.29,16,57,not_applicable,0,4,0
TXN_4430,CUST_1921,17210.18,NetBanking,card_expired,66008.94,14,7,0.24,1,9,active,1,4,0
TXN_4431,CUST_1435,45030.23,UPI,network_error,62109.4,23,4,0.19,11,86,not_applicable,0,2,0
TXN_4432,CUST_1505,37114.99,Wallet,authentication_failed,186236.57,0,4,0.17,14,0,inactive,0,3,0
TXN_4433,CUST_2286,27117.33,Card,network_error,123272.3,11,1,0.48,16,57,inactive,1,4,0
TXN_4434,CUST_1365,9100.95,Wallet,customer_abandoned,96443.14,28,2,0.66,1,28,not_applicable,0,3,0
TXN_4435,CUST_2951,34004.42,Card,bank_declined,90787.06,24,7,0.33,3,18,inactive,1,3,0
TXN_4436,CUST_1378,20604.01,UPI,card_expired,5594.83,27,3,0.67,0,3,not_applicable,1,3,1
TXN_4437,CUST_2351,17795.89,NetBanking,authentication_failed,10160.59,3,5,0.99,7,18,not_applicable,1,1,0
TXN_4438,CUST_1697,6418.39,Wallet,network_error,74580.75,0,0,0.74,18,69,not_applicable,0,2,1
TXN_4439,CUST_2877,28777.69,Wallet,authentication_failed,83696.44,6,6,0.12,20,77,active,0,0,0
TXN_4440,CUST_1414,36271.04,NetBanking,insufficient_funds,122788.78,26,3,0.12,20,51,inactive,0,1,1
TXN_4441,CUST_2204,32072.59,NetBanking,network_error,162869.67,23,8,0.35,8,78,not_applicable,1,3,0
TXN_4442,CUST_2671,8615.12,UPI,customer_abandoned,62963.89,15,0,0.02,13,5,active,1,2,0
TXN_4443,CUST_2922,20110.39,Wallet,insufficient_funds,163408.99,26,4,0.71,7,31,inactive,0,0,0
TXN_4444,CUST_2605,14354.37,NetBanking,customer_abandoned,37836.64,18,1,0.97,23,84,inactive,1,2,0
TXN_4445,CUST_1403,41718.71,Wallet,authentication_failed,3613.54,14,1,0.35,21,81,inactive,0,4,1
TXN_4446,CUST_2864,3991.34,Wallet,network_error,113900.65,5,1,0.43,11,61,not_applicable,1,2,1
TXN_4447,CUST_2704,11875.18,UPI,customer_abandoned,57673.61,10,4,0.11,11,64,inactive,1,0,0
TXN_4448,CUST_2072,12195.65,Card,bank_declined,56246.28,24,8,0.9,23,63,inactive,0,2,1
TXN_4449,CUST_1348,19667.19,Wallet,authentication_failed,145050.34,11,3,0.91,20,8,inactive,0,4,0
TXN_4450,CUST_2030,22467.12,Wallet,card_expired,122545.49,13,3,0.32,22,33,not_applicable,0,0,0
TXN_4451,CUST_2296,48576.71,Card,card_expired,188742.05,6,3,0.27,18,74,not_applicable,0,0,0
TXN_4452,CUST_1643,47878.78,UPI,insufficient_funds,92267.07,14,1,0.21,6,17,not_applicable,0,2,0
TXN_4453,CUST_2471,14292.57,NetBanking,authentication_failed,54182.15,8,5,0.88,13,58,inactive,0,2,0
TXN_4454,CUST_2699,3313.21,NetBanking,insufficient_funds,54568.1,23,7,0.61,20,89,inactive,1,0,0
TXN_4455,CUST_1607,23632.57,NetBanking,network_error,125840.08,17,3,0.85,18,10,active,1,2,1
TXN_4456,CUST_1758,40885.58,Wallet,customer_abandoned,47746.35,12,7,0.68,21,57,inactive,1,3,0
TXN_4457,CUST_2473,5822.59,Wallet,network_error,143138.43,12,4,0.22,15,50,active,1,1,1
TXN_4458,CUST_1017,17980.31,NetBanking,customer_abandoned,131004.76,4,6,0.23,9,42,inactive,0,0,0
TXN_4459,CUST_2005,596.69,NetBanking,insufficient_funds,94856.98,9,8,0.43,16,63,not_applicable,0,4,0
TXN_4460,CUST_2143,2777.24,Wallet,card_expired,86421.92,14,5,0.79,9,35,active,0,0,0
TXN_4461,CUST_1882,43053.67,UPI,customer_abandoned,2906.95,22,8,0.97,11,88,active,1,4,0
TXN_4462,CUST_1348,49520.85,Wallet,customer_abandoned,51271.27,7,8,0.47,13,87,inactive,0,0,0
TXN_4463,CUST_1778,17852.46,Wallet,card_expired,168614.14,9,6,0.75,13,25,not_applicable,0,1,1
TXN_4464,CUST_1332,30714.38,UPI,bank_declined,93188.06,7,0,0.09,6,11,not_applicable,0,4,1
TXN_4465,CUST_2680,27621.38,Card,card_expired,140395.02,26,0,0.41,2,13,active,1,0,1
TXN_4466,CUST_1820,47134.63,NetBanking,bank_declined,34117.47,16,8,0.29,10,43,not_applicable,1,2,0
TXN_4467,CUST_1760,39631.57,Card,customer_abandoned,13347.01,9,5,0.08,4,72,inactive,0,2,0
TXN_4468,CUST_1153,25757.99,NetBanking,card_expired,81848.69,13,7,0.04,8,44,inactive,0,2,1
TXN_4469,CUST_1149,47648.19,Wallet,authentication_failed,56591.91,28,8,0.73,6,83,not_applicable,1,0,1
TXN_4470,CUST_2344,11950.09,Card,bank_declined,53172.14,11,6,0.49,13,79,inactive,0,1,0
TXN_4471,CUST_2654,14632.34,NetBanking,customer_abandoned,161694.81,28,8,0.48,13,85,inactive,0,3,0
TXN_4472,CUST_2338,9544.75,Card,bank_declined,107168.02,30,6,0.32,1,88,active,0,3,0
TXN_4473,CUST_1264,39063.21,NetBanking,network_error,154013.73,29,4,0.35,20,60,inactive,0,4,0
TXN_4474,CUST_1401,47070.37,Wallet,customer_abandoned,125508.2,29,8,0.15,9,17,inactive,1,0,1
TXN_4475,CUST_1993,5334.73,Wallet,card_expired,174549.97,13,7,0.52,18,77,active,0,0,0
TXN_4476,CUST_1268,2944.63,Wallet,insufficient_funds,76775.96,19,0,0.9,21,79,inactive,0,0,1
TXN_4477,CUST_1384,23784.94,Wallet,card_expired,186300.46,3,2,0.39,3,46,not_applicable,0,4,0
TXN_4478,CUST_1084,28970.15,NetBanking,bank_declined,93124.53,23,6,0.17,5,39,not_applicable,1,3,0
TXN_4479,CUST_2410,30529.6,Card,card_expired,184240.51,1,1,0.11,12,43,inactive,1,1,0
TXN_4480,CUST_2294,18574.45,Card,authentication_failed,161939.7,6,5,0.27,1,66,active,1,1,1
TXN_4481,CUST_2498,2842.4,Card,network_error,188250.37,4,5,0.56,7,86,not_applicable,0,2,1
TXN_4482,CUST_1029,18447.71,Card,insufficient_funds,156616.86,20,7,0.17,10,40,not_applicable,1,0,0
TXN_4483,CUST_2377,19836.3,NetBanking,card_expired,170885.45,1,2,0.75,9,67,inactive,0,2,1
TXN_4484,CUST_1100,28649.67,Wallet,bank_declined,26848.67,11,0,0.84,23,76,active,0,1,1
TXN_4485,CUST_2055,32857.87,UPI,authentication_failed,93772.02,20,7,0.96,0,17,inactive,1,0,1
TXN_4486,CUST_1619,32257.08,Card,insufficient_funds,74988.4,0,0,0.62,14,61,active,0,1,1
TXN_4487,CUST_2387,19772.68,NetBanking,customer_abandoned,62028.12,22,3,0.41,4,62,inactive,0,3,0
TXN_4488,CUST_1893,21463.93,NetBanking,bank_declined,53451.32,8,7,0.76,12,8,inactive,0,3,0
TXN_4489,CUST_1731,3476.99,Wallet,card_expired,74294.98,10,5,0.88,9,71,active,1,3,1
TXN_4490,CUST_2920,16230.01,UPI,card_expired,187698.45,29,6,0.08,13,54,active,1,1,1
TXN_4491,CUST_2188,12360.68,Card,authentication_failed,2809.74,23,2,0.43,19,34,active,1,0,1
TXN_4492,CUST_2704,27000.54,Card,insufficient_funds,159557.8,11,0,0.84,20,12,active,1,1,1
TXN_4493,CUST_2303,21549.3,Card,authentication_failed,30487.37,1,6,0.05,5,60,not_applicable,1,4,0
TXN_4494,CUST_1370,3315.44,NetBanking,network_error,147032.19,15,3,0.54,6,90,not_applicable,0,1,1
TXN_4495,CUST_2234,27022.19,UPI,card_expired,37416.55,14,1,0.44,22,76,active,0,3,1
TXN_4496,CUST_1709,23149.77,Card,authentication_failed,30591.16,22,5,0.72,10,59,not_applicable,0,2,0
TXN_4497,CUST_2642,36953.64,Card,insufficient_funds,96391.11,25,1,0.45,13,86,active,0,0,0
TXN_4498,CUST_2706,35459.32,Wallet,customer_abandoned,7549.25,23,5,0.3,19,11,active,0,2,1
TXN_4499,CUST_2708,1014.48,NetBanking,card_expired,109505.44,12,4,0.73,6,50,inactive,1,2,1
TXN_4500,CUST_1430,38050.56,Card,customer_abandoned,145412.68,24,6,0.69,18,11,inactive,0,1,1
TXN_4501,CUST_2413,32319.96,UPI,customer_abandoned,81081.28,1,7,0.47,20,19,active,1,3,0
TXN_4502,CUST_2470,43827.67,Card,bank_declined,55171.54,5,7,0.34,16,6,not_applicable,1,4,1
TXN_4503,CUST_1654,28967.74,Wallet,insufficient_funds,36613.4,1,3,0.66,6,69,inactive,0,0,1
TXN_4504,CUST_1029,41190.33,UPI,authentication_failed,149402.49,1,0,0.21,21,54,active,0,2,1
TXN_4505,CUST_2053,26336.86,Wallet,customer_abandoned,177968.71,30,7,0.33,14,42,inactive,1,2,0
TXN_4506,CUST_2129,23851.2,Wallet,insufficient_funds,54697.68,15,2,0.72,17,84,inactive,1,0,0
TXN_4507,CUST_1494,34579.61,NetBanking,bank_declined,177499.85,25,6,0.45,20,27,active,0,2,0
TXN_4508,CUST_2679,42167.87,Wallet,bank_declined,142464.25,20,6,0.51,16,36,active,1,2,0
TXN_4509,CUST_2533,35055.3,Wallet,customer_abandoned,51363.8,6,5,0.81,3,59,inactive,1,1,1
TXN_4510,CUST_1642,23315.44,UPI,authentication_failed,140512.37,11,1,0.74,23,63,inactive,1,2,0
TXN_4511,CUST_2441,27401.04,NetBanking,authentication_failed,176447.94,13,5,0.45,13,1,active,0,1,0
TXN_4512,CUST_1916,42243.36,NetBanking,card_expired,135122.27,5,6,0.85,23,34,not_applicable,1,1,0
TXN_4513,CUST_1180,1634.57,UPI,authentication_failed,186940.53,5,2,0.15,4,41,active,1,2,1
TXN_4514,CUST_1723,41178.18,Wallet,authentication_failed,142032.33,20,5,0.13,23,25,inactive,0,1,1
TXN_4515,CUST_1992,44465.42,Wallet,network_error,85680.8,1,4,0.41,2,36,active,1,2,1
TXN_4516,CUST_1438,4205.37,UPI,card_expired,178513.09,19,7,0.87,1,69,active,0,3,1
TXN_4517,CUST_1317,29300.64,Card,authentication_failed,150487.14,17,2,0.2,3,2,not_applicable,0,2,1
TXN_4518,CUST_2307,32521.67,Card,bank_declined,180340.54,28,3,0.83,19,19,active,1,0,0
TXN_4519,CUST_1178,43454.79,NetBanking,authentication_failed,173870.09,12,2,0.06,17,33,active,1,3,1
TXN_4520,CUST_2386,30413.17,NetBanking,card_expired,76708.45,19,0,0.06,17,59,not_applicable,0,2,0
TXN_4521,CUST_2539,16477.27,Wallet,network_error,94087.48,14,0,0.68,1,56,not_applicable,0,2,0
TXN_4522,CUST_1621,41289.3,Wallet,network_error,90668.83,12,6,0.39,19,39,not_applicable,0,3,0
TXN_4523,CUST_2903,18684.09,UPI,customer_abandoned,23098.23,30,4,0.97,6,66,inactive,0,2,1
TXN_4524,CUST_2854,6477.51,UPI,authentication_failed,71208.4,10,5,0.55,18,23,inactive,1,1,0
TXN_4525,CUST_2169,1871.62,Wallet,card_expired,190217.37,12,6,0.28,18,18,active,0,2,0
TXN_4526,CUST_1917,3914.56,Card,network_error,116458.79,7,4,0.14,22,52,not_applicable,0,3,0
TXN_4527,CUST_2968,19043.36,UPI,customer_abandoned,124929.48,21,4,0.11,14,22,active,0,2,1
TXN_4528,CUST_2306,20946.26,NetBanking,network_error,32732.56,13,6,0.51,3,5,inactive,0,2,1
TXN_4529,CUST_2227,2421.27,Wallet,insufficient_funds,104447.24,17,0,0.25,12,65,inactive,0,4,0
TXN_4530,CUST_2666,21253.24,Wallet,customer_abandoned,183113.01,23,8,0.72,22,66,inactive,0,2,0
TXN_4531,CUST_2990,43608.51,NetBanking,authentication_failed,194552.92,28,4,0.76,0,31,not_applicable,1,0,1
TXN_4532,CUST_2065,18334.75,Wallet,authentication_failed,37147.0,22,5,0.69,13,11,active,1,2,1
TXN_4533,CUST_1096,23421.2,Card,customer_abandoned,145012.19,20,3,0.5,3,69,active,0,0,1
TXN_4534,CUST_1809,20574.25,Card,bank_declined,101420.31,15,6,0.37,18,8,active,0,3,1
TXN_4535,CUST_2977,43726.17,Wallet,authentication_failed,176694.18,25,3,0.23,20,78,not_applicable,0,0,1
TXN_4536,CUST_2589,17143.41,Card,card_expired,62552.23,29,0,0.73,2,49,active,0,4,1
TXN_4537,CUST_2565,2743.02,NetBanking,card_expired,75349.94,0,0,0.72,20,19,active,0,2,1
TXN_4538,CUST_1311,31515.0,Card,insufficient_funds,132363.77,29,3,0.73,7,50,not_applicable,0,0,0
TXN_4539,CUST_1596,21684.97,UPI,authentication_failed,34119.98,17,2,0.32,2,21,inactive,0,1,0
TXN_4540,CUST_1500,35723.18,UPI,authentication_failed,3611.3,19,6,0.32,15,23,active,0,1,1
TXN_4541,CUST_2274,33575.8,NetBanking,authentication_failed,146616.25,0,3,0.81,3,84,inactive,1,2,1
TXN_4542,CUST_1816,34140.94,UPI,insufficient_funds,88492.64,22,0,0.98,22,13,not_applicable,0,3,1
TXN_4543,CUST_1770,10218.18,NetBanking,card_expired,59269.76,26,2,0.69,9,39,not_applicable,0,2,0
TXN_4544,CUST_1447,9018.13,Wallet,insufficient_funds,17386.95,11,1,0.88,10,36,not_applicable,1,2,0
TXN_4545,CUST_1891,13891.33,UPI,insufficient_funds,76079.86,14,0,0.66,22,88,not_applicable,1,0,1
TXN_4546,CUST_1273,43870.22,Wallet,card_expired,22408.16,17,2,0.04,1,32,active,0,4,0
TXN_4547,CUST_1486,14375.78,UPI,authentication_failed,23472.39,29,3,0.07,9,80,not_applicable,0,1,1
TXN_4548,CUST_2714,8297.4,Card,card_expired,182870.52,3,6,0.37,21,87,active,0,2,1
TXN_4549,CUST_2763,11347.57,Card,card_expired,48824.23,8,1,0.57,17,29,active,1,1,1
TXN_4550,CUST_2456,38459.59,Wallet,network_error,151804.85,5,5,0.67,4,83,active,0,0,1
TXN_4551,CUST_1451,44542.96,UPI,insufficient_funds,124893.12,13,7,0.99,18,44,not_applicable,1,1,0
TXN_4552,CUST_2083,2311.06,Card,card_expired,64798.19,28,6,0.57,15,86,active,0,0,1
TXN_4553,CUST_1821,27561.79,Wallet,authentication_failed,157439.95,3,1,0.28,13,59,not_applicable,1,1,0
TXN_4554,CUST_2951,2790.44,UPI,card_expired,115089.44,10,1,0.69,10,24,not_applicable,1,2,1
TXN_4555,CUST_2544,30717.85,Card,network_error,11379.29,14,3,0.1,0,21,active,0,4,0
TXN_4556,CUST_2174,18466.68,NetBanking,insufficient_funds,134595.47,15,5,0.83,6,82,active,1,0,0
TXN_4557,CUST_1739,8691.17,Card,insufficient_funds,97770.83,19,8,0.73,8,9,active,1,0,0
TXN_4558,CUST_1916,39255.33,NetBanking,bank_declined,46405.3,0,8,0.19,8,64,inactive,0,4,0
TXN_4559,CUST_1596,37080.18,Wallet,network_error,64508.76,14,0,0.1,7,63,not_applicable,1,3,0
TXN_4560,CUST_1925,15054.92,Wallet,insufficient_funds,34106.18,23,0,0.15,17,83,not_applicable,0,0,1
TXN_4561,CUST_2332,29674.64,Wallet,network_error,72322.05,8,4,0.02,1,43,not_applicable,0,2,1
TXN_4562,CUST_1671,14596.11,UPI,insufficient_funds,132281.19,15,2,0.1,14,21,inactive,1,1,1
TXN_4563,CUST_2904,6082.3,Card,authentication_failed,43111.45,5,0,0.17,3,88,not_applicable,0,1,0
TXN_4564,CUST_1022,33599.36,NetBanking,insufficient_funds,93217.31,2,2,0.83,2,24,inactive,0,3,0
TXN_4565,CUST_2833,7322.17,Card,network_error,61985.09,17,0,0.77,2,79,not_applicable,0,2,1
TXN_4566,CUST_1060,20480.09,Card,bank_declined,61019.11,1,6,0.08,10,8,active,1,2,1
TXN_4567,CUST_2752,27472.1,Wallet,insufficient_funds,157778.8,23,1,0.66,14,6,not_applicable,1,2,1
TXN_4568,CUST_2107,4574.95,NetBanking,network_error,128903.98,18,6,0.16,16,71,inactive,0,0,1
TXN_4569,CUST_1334,31492.75,NetBanking,insufficient_funds,156663.57,14,0,0.69,9,81,inactive,0,1,0
TXN_4570,CUST_2110,7537.21,UPI,authentication_failed,69879.58,1,1,0.04,3,35,inactive,1,3,0
TXN_4571,CUST_2629,47634.04,Wallet,network_error,53557.97,14,6,0.09,2,74,inactive,0,2,1
TXN_4572,CUST_2156,42849.24,Wallet,customer_abandoned,110842.86,0,1,0.05,15,4,not_applicable,0,0,1
TXN_4573,CUST_1921,41449.63,Wallet,bank_declined,27187.22,10,1,0.92,15,59,active,0,1,1
TXN_4574,CUST_2362,18657.71,Card,authentication_failed,92749.61,0,4,0.83,22,44,active,1,3,1
TXN_4575,CUST_2033,3056.5,Card,network_error,191563.27,14,2,0.15,10,24,not_applicable,0,0,1
TXN_4576,CUST_2264,31843.21,NetBanking,customer_abandoned,38318.08,18,2,0.17,17,34,not_applicable,1,1,0
TXN_4577,CUST_1738,21042.78,Wallet,card_expired,131260.73,14,2,0.5,19,77,active,0,2,0
TXN_4578,CUST_2434,24014.19,Wallet,customer_abandoned,58188.6,20,0,0.36,5,89,inactive,0,4,1
TXN_4579,CUST_1497,23454.93,Wallet,customer_abandoned,43476.42,13,3,0.93,22,77,not_applicable,1,3,1
TXN_4580,CUST_1586,2877.74,NetBanking,bank_declined,199789.65,4,7,0.69,7,74,not_applicable,0,2,0
TXN_4581,CUST_2480,11934.67,Wallet,customer_abandoned,138796.65,11,2,0.78,22,30,not_applicable,0,4,0
TXN_4582,CUST_2501,12922.75,Wallet,customer_abandoned,62117.02,14,6,0.6,5,19,inactive,0,2,0
TXN_4583,CUST_2993,5301.74,Card,card_expired,136093.95,27,4,0.78,0,49,not_applicable,0,0,1
TXN_4584,CUST_2745,18255.25,UPI,network_error,86976.5,13,3,0.39,7,34,active,0,2,0
TXN_4585,CUST_2415,38427.69,Card,insufficient_funds,42409.36,11,6,0.38,22,25,inactive,1,1,1
TXN_4586,CUST_2991,30687.99,Wallet,card_expired,94168.6,12,2,0.81,16,71,inactive,0,1,0
TXN_4587,CUST_1399,25307.38,NetBanking,network_error,171031.45,1,4,0.75,8,34,inactive,1,0,0
TXN_4588,CUST_2515,47824.4,NetBanking,card_expired,54026.92,8,4,0.27,4,10,active,0,3,1
TXN_4589,CUST_1695,38634.1,NetBanking,authentication_failed,185382.56,8,4,0.06,18,42,inactive,1,1,0
TXN_4590,CUST_2567,7316.95,UPI,customer_abandoned,101275.54,17,8,0.16,22,38,active,1,3,0
TXN_4591,CUST_1486,707.2,UPI,bank_declined,126417.52,2,2,0.36,19,14,active,1,2,1
TXN_4592,CUST_2540,16209.61,Wallet,customer_abandoned,34619.87,19,2,0.94,8,84,inactive,1,1,1
TXN_4593,CUST_2201,16764.28,Wallet,card_expired,168131.74,8,7,0.65,23,26,inactive,0,4,0
TXN_4594,CUST_2266,31836.49,Wallet,bank_declined,189293.06,24,1,0.21,11,30,active,0,3,1
TXN_4595,CUST_1647,41564.71,UPI,bank_declined,118205.55,11,1,0.66,16,28,inactive,1,4,1
TXN_4596,CUST_1363,3013.97,Card,insufficient_funds,44385.28,10,7,0.96,17,21,inactive,1,1,1
TXN_4597,CUST_1156,18979.84,UPI,customer_abandoned,152645.65,16,1,0.52,4,32,inactive,1,1,1
TXN_4598,CUST_2521,36838.26,Wallet,authentication_failed,146711.29,20,6,0.17,5,39,active,0,0,1
TXN_4599,CUST_2886,11273.02,NetBanking,customer_abandoned,92092.12,13,0,0.11,13,53,not_applicable,1,0,0
TXN_4600,CUST_2485,18835.01,UPI,network_error,71281.52,25,6,0.83,7,57,inactive,0,1,1
TXN_4601,CUST_2636,39917.54,UPI,authentication_failed,114718.26,29,7,0.99,19,89,not_applicable,0,3,0
TXN_4602,CUST_1692,2863.42,UPI,network_error,11078.42,2,4,0.88,14,10,inactive,0,0,0
TXN_4603,CUST_1220,17359.91,Card,bank_declined,123988.46,0,2,0.49,23,24,active,1,0,0
TXN_4604,CUST_1003,47503.05,NetBanking,insufficient_funds,196783.96,5,7,0.87,5,71,not_applicable,1,4,1
TXN_4605,CUST_2970,10942.21,Card,customer_abandoned,166370.35,4,1,0.71,5,7,not_applicable,1,0,0
TXN_4606,CUST_1541,28605.97,NetBanking,card_expired,17948.27,11,0,0.6,14,79,inactive,1,4,1
TXN_4607,CUST_2238,11094.02,Wallet,authentication_failed,79428.56,28,4,0.6,5,4,active,0,2,1
TXN_4608,CUST_1173,18809.89,NetBanking,bank_declined,27484.24,4,4,0.94,12,1,not_applicable,1,1,0
TXN_4609,CUST_2724,162.05,Wallet,card_expired,153357.04,7,8,0.74,13,8,not_applicable,1,4,0
TXN_4610,CUST_1754,18543.25,Card,authentication_failed,121742.79,22,5,0.45,23,76,not_applicable,1,3,0
TXN_4611,CUST_2997,21330.37,NetBanking,customer_abandoned,31618.73,15,6,0.98,6,62,not_applicable,0,4,0
TXN_4612,CUST_1470,35912.85,UPI,bank_declined,29488.11,10,7,0.33,15,73,inactive,0,3,0
TXN_4613,CUST_1908,9692.38,Wallet,insufficient_funds,90541.96,15,4,0.16,23,80,active,0,2,1
TXN_4614,CUST_2201,33219.29,Card,authentication_failed,13424.42,8,8,0.87,3,40,active,1,1,0
TXN_4615,CUST_2166,11345.59,UPI,card_expired,132608.62,10,6,0.47,23,3,active,1,4,0
TXN_4616,CUST_2295,6494.93,Wallet,authentication_failed,161341.43,20,6,0.62,13,1,not_applicable,1,1,0
TXN_4617,CUST_1731,18762.57,NetBanking,customer_abandoned,162271.58,14,6,0.57,0,62,inactive,0,1,0
TXN_4618,CUST_1178,18701.57,UPI,insufficient_funds,49296.19,16,4,0.52,4,49,active,0,3,0
TXN_4619,CUST_1636,21869.73,NetBanking,insufficient_funds,87235.06,16,0,0.91,4,35,inactive,1,0,1
TXN_4620,CUST_2027,28352.94,NetBanking,authentication_failed,53120.07,20,3,0.61,10,51,inactive,0,2,1
TXN_4621,CUST_1322,19902.89,NetBanking,customer_abandoned,198148.42,7,7,0.88,14,75,inactive,0,3,0
TXN_4622,CUST_2480,26913.54,Wallet,customer_abandoned,92949.9,29,5,0.18,10,58,active,1,2,0
TXN_4623,CUST_2147,38720.64,NetBanking,customer_abandoned,91296.04,29,2,0.88,10,9,active,0,2,1
TXN_4624,CUST_2921,25466.52,NetBanking,network_error,129746.17,14,0,0.52,2,84,inactive,1,1,0
TXN_4625,CUST_2745,49479.21,Card,network_error,24051.1,18,2,0.13,19,35,not_applicable,1,2,1
TXN_4626,CUST_2796,34090.74,Card,card_expired,75162.54,25,6,0.73,15,32,not_applicable,0,1,1
TXN_4627,CUST_1123,31417.58,Card,customer_abandoned,154201.74,16,5,0.55,8,4,inactive,0,0,0
TXN_4628,CUST_2147,4502.89,NetBanking,insufficient_funds,82745.57,10,1,0.55,4,36,active,1,4,1
TXN_4629,CUST_2515,45049.02,NetBanking,network_error,181399.6,28,5,0.82,7,88,not_applicable,1,0,1
TXN_4630,CUST_2448,35893.23,Card,customer_abandoned,79662.4,30,7,0.23,12,90,active,1,1,0
TXN_4631,CUST_2259,3641.14,NetBanking,network_error,67023.72,2,4,0.46,4,55,not_applicable,0,0,0
TXN_4632,CUST_1555,15739.19,UPI,authentication_failed,180588.25,11,2,0.23,0,50,active,0,2,1
TXN_4633,CUST_2812,25997.87,Wallet,insufficient_funds,134829.76,2,8,0.04,19,63,not_applicable,1,1,0
TXN_4634,CUST_1919,22838.61,Card,authentication_failed,66869.86,5,6,0.71,11,77,active,0,4,0
TXN_4635,CUST_1084,8101.92,NetBanking,insufficient_funds,178998.61,22,1,0.29,15,10,inactive,0,1,0
TXN_4636,CUST_1414,39017.8,Card,insufficient_funds,192668.38,16,5,0.5,9,36,active,1,1,0
TXN_4637,CUST_1859,16810.33,Wallet,insufficient_funds,135957.68,21,2,0.46,21,2,not_applicable,0,0,1
TXN_4638,CUST_1455,42787.83,Wallet,authentication_failed,10983.6,17,0,0.88,23,20,not_applicable,0,0,0
TXN_4639,CUST_2188,25367.68,Card,network_error,98550.37,15,6,0.36,15,58,inactive,1,1,0
TXN_4640,CUST_2747,5647.35,Wallet,bank_declined,118452.83,24,7,0.68,12,39,inactive,1,2,1
TXN_4641,CUST_1677,39032.15,UPI,card_expired,129125.59,8,8,0.12,3,78,inactive,1,1,0
TXN_4642,CUST_1733,7028.2,UPI,insufficient_funds,176361.33,28,0,0.75,4,48,not_applicable,0,4,0
TXN_4643,CUST_1645,32647.6,NetBanking,card_expired,101901.66,7,0,0.15,17,79,not_applicable,0,1,0
TXN_4644,CUST_2415,6932.1,Card,card_expired,145257.72,20,1,0.16,6,46,not_applicable,0,2,0
TXN_4645,CUST_2994,34643.54,NetBanking,bank_declined,92401.59,23,0,0.14,14,2,active,1,2,1
TXN_4646,CUST_1035,16072.65,Wallet,card_expired,140376.64,25,6,0.11,0,49,inactive,1,0,1
TXN_4647,CUST_1655,38074.26,UPI,customer_abandoned,38075.08,26,4,0.72,9,64,inactive,1,1,1
TXN_4648,CUST_1219,37431.23,Wallet,bank_declined,38596.78,17,3,0.16,23,32,not_applicable,0,3,0
TXN_4649,CUST_2427,18357.0,Wallet,card_expired,158939.33,1,2,0.74,18,36,active,1,4,1
TXN_4650,CUST_1670,3025.61,Wallet,card_expired,3299.7,11,2,0.7,21,4,active,0,2,1
TXN_4651,CUST_2038,16770.54,Card,network_error,109813.6,14,1,0.1,5,47,not_applicable,0,4,0
TXN_4652,CUST_1541,16324.86,UPI,authentication_failed,126910.31,21,4,0.83,19,45,active,1,2,1
TXN_4653,CUST_2279,46550.57,UPI,customer_abandoned,106606.94,22,4,0.92,10,50,not_applicable,1,2,1
TXN_4654,CUST_1885,30267.68,NetBanking,bank_declined,81373.54,4,3,0.77,18,0,active,1,0,1
TXN_4655,CUST_2983,24776.32,NetBanking,card_expired,182684.1,9,2,0.38,23,67,inactive,1,4,0
TXN_4656,CUST_1748,30444.25,NetBanking,bank_declined,125181.66,15,0,0.44,2,64,not_applicable,1,3,0
TXN_4657,CUST_2226,47981.72,NetBanking,insufficient_funds,146804.45,3,4,0.11,12,57,active,0,3,0
TXN_4658,CUST_2003,48781.27,Card,customer_abandoned,145566.65,30,5,0.92,1,16,not_applicable,0,0,1
TXN_4659,CUST_2633,37119.16,NetBanking,customer_abandoned,143086.54,2,7,0.29,15,4,not_applicable,1,1,0
TXN_4660,CUST_1552,31408.01,Wallet,insufficient_funds,96745.23,21,3,0.83,3,52,active,0,2,1
TXN_4661,CUST_1025,42544.97,Wallet,authentication_failed,160881.29,19,2,0.49,21,11,inactive,1,2,0
TXN_4662,CUST_1985,41585.68,NetBanking,card_expired,98550.09,15,5,0.25,9,82,active,0,1,1
TXN_4663,CUST_2557,7178.31,Wallet,network_error,138634.27,21,8,0.34,10,11,inactive,0,3,0
TXN_4664,CUST_2858,47829.79,Wallet,authentication_failed,155599.32,29,8,0.79,2,44,inactive,1,0,1
TXN_4665,CUST_2418,41974.72,NetBanking,bank_declined,152073.33,26,6,0.6,21,53,active,1,3,1
TXN_4666,CUST_2146,9660.59,NetBanking,insufficient_funds,188732.56,18,3,0.4,13,30,inactive,1,3,0
TXN_4667,CUST_2309,6224.69,UPI,bank_declined,108481.38,18,5,0.61,10,15,not_applicable,1,0,1
TXN_4668,CUST_2768,48762.1,UPI,card_expired,193313.06,6,5,0.35,13,24,active,0,2,1
TXN_4669,CUST_2856,22828.36,NetBanking,insufficient_funds,170515.42,16,2,0.22,11,50,not_applicable,1,0,1
TXN_4670,CUST_2215,48304.0,Card,insufficient_funds,189459.25,30,2,0.68,20,90,inactive,1,2,0
TXN_4671,CUST_2142,8903.69,Wallet,authentication_failed,144610.05,15,8,0.62,9,67,inactive,1,1,0
TXN_4672,CUST_1174,5746.63,Wallet,card_expired,22580.28,1,5,0.72,5,63,not_applicable,0,2,0
TXN_4673,CUST_2451,23439.84,Card,network_error,72039.38,18,2,0.55,5,44,not_applicable,0,3,0
TXN_4674,CUST_1512,34267.65,Card,card_expired,103588.46,0,1,0.46,4,61,inactive,1,4,0
TXN_4675,CUST_2877,43109.31,UPI,insufficient_funds,66839.51,15,6,0.26,6,13,not_applicable,0,4,1
TXN_4676,CUST_2690,18052.2,Wallet,card_expired,169552.72,14,0,0.33,16,46,not_applicable,1,1,0
TXN_4677,CUST_2663,2350.94,Wallet,insufficient_funds,77727.01,13,2,0.34,5,24,active,1,1,0
TXN_4678,CUST_1713,48356.06,Wallet,network_error,92715.37,6,5,0.82,15,58,inactive,1,4,1
TXN_4679,CUST_2497,48372.56,NetBanking,card_expired,162410.59,24,8,0.08,9,8,active,1,0,1
TXN_4680,CUST_2716,26821.44,UPI,card_expired,4270.78,27,2,0.25,15,26,active,0,1,0
TXN_4681,CUST_1631,46310.46,Card,customer_abandoned,159971.24,14,4,0.98,22,48,active,1,1,0
TXN_4682,CUST_2399,609.19,Card,bank_declined,58279.03,26,6,0.03,2,14,not_applicable,0,0,0
TXN_4683,CUST_2977,11020.16,Card,authentication_failed,101208.15,0,6,0.85,21,90,not_applicable,1,4,1
TXN_4684,CUST_2364,30848.47,Wallet,card_expired,185707.01,21,1,0.5,17,42,active,0,0,0
TXN_4685,CUST_1192,22757.86,Card,authentication_failed,56167.78,24,1,0.92,14,62,not_applicable,0,1,1
TXN_4686,CUST_2305,25219.87,Wallet,network_error,66443.27,12,6,0.66,7,50,not_applicable,1,3,1
TXN_4687,CUST_1358,1373.13,UPI,customer_abandoned,180069.75,7,2,0.0,13,41,not_applicable,1,2,0
TXN_4688,CUST_1020,8513.48,Card,card_expired,151711.01,21,7,0.05,19,6,not_applicable,0,4,0
TXN_4689,CUST_1569,14816.81,UPI,card_expired,27600.38,15,5,0.77,6,44,not_applicable,0,0,1
TXN_4690,CUST_2351,11261.39,Card,card_expired,55740.28,22,4,0.59,23,43,active,1,2,0
TXN_4691,CUST_1849,978.37,Wallet,insufficient_funds,49132.06,18,5,0.43,1,31,active,1,3,0
TXN_4692,CUST_2026,44220.12,Wallet,authentication_failed,157754.04,1,7,0.63,2,16,not_applicable,1,2,0
TXN_4693,CUST_1310,35063.55,NetBanking,authentication_failed,168883.96,9,8,0.59,19,9,not_applicable,1,1,0
TXN_4694,CUST_2637,37480.34,Card,authentication_failed,114775.72,16,2,0.31,0,9,inactive,0,2,1
TXN_4695,CUST_2202,10419.14,Wallet,network_error,156118.18,15,6,0.8,8,73,active,0,3,0
TXN_4696,CUST_2486,23698.51,UPI,network_error,39303.67,27,5,0.1,14,52,inactive,0,4,1
TXN_4697,CUST_2847,44324.44,Card,card_expired,130516.83,22,6,0.14,3,72,not_applicable,1,2,1
TXN_4698,CUST_2450,49456.19,UPI,card_expired,87242.34,18,4,0.59,17,33,not_applicable,1,1,0
TXN_4699,CUST_2374,36845.85,NetBanking,customer_abandoned,193589.65,27,5,0.11,14,61,inactive,1,0,0
TXN_4700,CUST_2478,34627.38,Card,authentication_failed,178129.59,17,6,0.87,10,80,inactive,0,0,1
TXN_4701,CUST_2448,25652.71,UPI,customer_abandoned,166321.41,11,5,0.43,23,51,not_applicable,1,4,0
TXN_4702,CUST_1384,12742.08,Card,card_expired,163829.22,18,5,0.99,18,24,inactive,0,0,1
TXN_4703,CUST_2186,2900.97,NetBanking,insufficient_funds,163292.95,4,7,0.62,0,53,inactive,0,4,1
TXN_4704,CUST_2587,12686.74,NetBanking,customer_abandoned,15134.5,7,6,0.49,1,90,not_applicable,1,4,0
TXN_4705,CUST_1085,13163.32,Wallet,card_expired,26069.59,0,2,0.22,0,28,not_applicable,0,4,0
TXN_4706,CUST_2924,47699.91,UPI,insufficient_funds,56433.98,5,0,0.44,18,79,inactive,1,3,1
TXN_4707,CUST_1877,33898.35,Card,network_error,123989.46,5,0,0.71,6,82,inactive,0,2,0
TXN_4708,CUST_2585,43895.7,NetBanking,authentication_failed,128885.29,7,6,0.89,11,53,inactive,0,3,0
TXN_4709,CUST_2311,13936.81,UPI,authentication_failed,176135.27,20,0,0.54,11,51,not_applicable,1,3,1
TXN_4710,CUST_2649,2104.37,NetBanking,card_expired,80105.63,18,6,0.95,15,61,active,1,2,1
TXN_4711,CUST_1800,47082.66,Wallet,card_expired,190826.59,19,3,0.88,2,50,inactive,0,4,1
TXN_4712,CUST_2937,32382.28,NetBanking,bank_declined,174053.78,13,8,0.78,20,68,inactive,0,0,0
TXN_4713,CUST_2546,49114.74,NetBanking,authentication_failed,137449.65,30,8,0.98,13,68,active,0,1,1
TXN_4714,CUST_1676,7034.12,Card,insufficient_funds,90840.31,4,2,0.38,13,53,active,1,2,0
TXN_4715,CUST_2014,8114.64,UPI,customer_abandoned,195242.94,1,5,0.32,16,6,inactive,0,0,0
TXN_4716,CUST_2596,13809.78,NetBanking,network_error,116293.36,3,5,0.06,19,59,not_applicable,0,0,0
TXN_4717,CUST_1052,37315.31,UPI,authentication_failed,38113.62,21,0,0.24,1,57,active,1,2,0
TXN_4718,CUST_1803,4755.73,Wallet,customer_abandoned,88057.29,7,4,0.02,23,63,inactive,0,3,0
TXN_4719,CUST_2542,34979.17,Card,authentication_failed,18930.55,20,0,0.89,17,77,inactive,0,1,0
TXN_4720,CUST_1219,5339.02,NetBanking,authentication_failed,198155.75,12,7,0.3,2,67,active,0,0,0
TXN_4721,CUST_1411,352.85,UPI,bank_declined,82296.06,9,2,0.63,21,69,not_applicable,1,1,0
TXN_4722,CUST_1734,41852.2,UPI,insufficient_funds,143604.65,2,0,0.35,6,45,not_applicable,1,0,1
TXN_4723,CUST_2183,47030.34,NetBanking,card_expired,19526.1,21,4,0.31,2,23,inactive,1,4,0
TXN_4724,CUST_2279,24949.71,UPI,customer_abandoned,108896.93,21,3,0.3,4,31,not_applicable,1,3,1
TXN_4725,CUST_1958,32289.72,Wallet,network_error,115986.48,1,6,0.11,5,67,not_applicable,1,0,0
TXN_4726,CUST_2831,17875.72,Card,bank_declined,98716.66,0,3,0.92,18,78,inactive,0,4,0
TXN_4727,CUST_1944,797.64,NetBanking,bank_declined,88328.51,21,3,0.82,0,67,active,0,3,0
TXN_4728,CUST_1489,25718.16,Card,customer_abandoned,50704.03,24,3,0.47,20,79,not_applicable,1,0,0
TXN_4729,CUST_1369,49993.58,Wallet,network_error,129191.44,7,8,0.69,5,0,inactive,0,2,0
TXN_4730,CUST_2911,17789.03,NetBanking,authentication_failed,162777.64,2,8,0.49,10,15,active,0,0,1
TXN_4731,CUST_1159,22910.32,Wallet,authentication_failed,14532.06,13,0,0.68,10,56,inactive,1,3,0
TXN_4732,CUST_2010,12600.03,UPI,authentication_failed,71393.91,4,8,0.74,17,77,active,0,1,0
TXN_4733,CUST_1120,1529.43,Card,authentication_failed,123753.12,14,5,0.41,14,34,active,1,4,1
TXN_4734,CUST_2278,25028.16,Card,card_expired,142086.05,21,0,0.22,6,53,active,1,3,1
TXN_4735,CUST_2001,36075.67,Wallet,insufficient_funds,180912.26,19,2,0.03,8,76,inactive,0,3,0
TXN_4736,CUST_1662,33989.85,NetBanking,network_error,19937.62,2,3,0.41,12,36,not_applicable,1,3,1
TXN_4737,CUST_2941,21853.13,NetBanking,customer_abandoned,197095.55,11,1,0.06,22,39,inactive,0,3,1
TXN_4738,CUST_1729,29092.71,Card,bank_declined,100607.4,14,4,0.97,9,86,not_applicable,0,2,1
TXN_4739,CUST_1285,44810.35,Wallet,customer_abandoned,138556.84,26,0,0.26,22,14,not_applicable,1,0,0
TXN_4740,CUST_2560,21521.82,UPI,insufficient_funds,163031.24,10,6,0.39,15,31,active,1,0,0
TXN_4741,CUST_1654,31867.79,Wallet,network_error,29068.28,9,6,0.65,15,4,not_applicable,1,0,0
TXN_4742,CUST_2353,20654.94,Wallet,authentication_failed,34888.82,0,8,0.02,6,64,not_applicable,0,0,0
TXN_4743,CUST_2760,26864.96,Card,bank_declined,96830.63,13,5,0.5,22,7,active,1,2,1
TXN_4744,CUST_2042,34289.54,Wallet,insufficient_funds,141148.39,7,4,0.36,23,44,inactive,0,1,1
TXN_4745,CUST_2749,32236.76,Card,authentication_failed,142894.82,18,2,0.28,7,38,not_applicable,1,1,0
TXN_4746,CUST_1571,43282.24,NetBanking,network_error,164662.45,1,5,0.12,2,40,inactive,1,4,0
TXN_4747,CUST_2922,33100.83,Card,network_error,130770.06,6,8,0.86,17,0,not_applicable,0,1,1
TXN_4748,CUST_2969,21553.99,NetBanking,customer_abandoned,20347.66,23,2,0.39,14,11,inactive,0,4,0
TXN_4749,CUST_2530,44923.83,Wallet,card_expired,105881.76,22,8,0.85,20,48,not_applicable,1,2,1
TXN_4750,CUST_1985,11450.16,Wallet,customer_abandoned,52616.62,25,2,0.39,6,80,inactive,0,1,0
TXN_4751,CUST_2401,19389.24,NetBanking,customer_abandoned,41726.05,8,7,0.06,17,56,not_applicable,0,3,0
TXN_4752,CUST_2078,38026.36,UPI,authentication_failed,89515.8,27,3,0.73,3,78,active,0,4,0
TXN_4753,CUST_2948,6854.59,NetBanking,insufficient_funds,29434.7,24,2,0.76,22,28,active,0,3,0
TXN_4754,CUST_1379,18963.74,NetBanking,card_expired,16407.03,21,4,0.01,23,12,not_applicable,1,2,1
TXN_4755,CUST_1699,560.19,NetBanking,bank_declined,46784.45,2,8,0.42,19,21,inactive,0,0,0
TXN_4756,CUST_1535,5303.46,UPI,insufficient_funds,179391.05,28,3,0.59,11,51,active,0,1,0
TXN_4757,CUST_2852,17356.73,Card,authentication_failed,135751.84,4,6,0.2,15,24,inactive,1,4,0
TXN_4758,CUST_1018,6566.33,NetBanking,network_error,1414.05,18,8,0.93,12,46,inactive,0,3,0
TXN_4759,CUST_2696,46354.34,Wallet,customer_abandoned,67432.47,4,1,0.33,6,18,not_applicable,1,0,0
TXN_4760,CUST_2074,35331.45,Wallet,card_expired,113595.92,27,8,0.93,13,68,inactive,1,2,1
TXN_4761,CUST_2966,35438.98,Card,bank_declined,66735.21,14,6,0.18,1,87,not_applicable,0,1,0
TXN_4762,CUST_1041,25302.68,Card,bank_declined,28265.19,17,7,0.2,5,66,not_applicable,1,3,0
TXN_4763,CUST_1956,20499.69,Card,network_error,64194.07,6,1,0.15,12,25,active,0,4,0
TXN_4764,CUST_1601,48514.73,Wallet,insufficient_funds,188756.35,3,7,0.48,5,50,active,0,1,1
TXN_4765,CUST_2934,33715.35,Card,customer_abandoned,14702.65,28,6,0.12,9,77,active,1,3,1
TXN_4766,CUST_1576,31539.6,UPI,customer_abandoned,168793.54,2,6,0.9,7,32,not_applicable,0,0,0
TXN_4767,CUST_1468,2521.44,UPI,insufficient_funds,38467.79,22,1,0.07,12,52,active,1,3,1
TXN_4768,CUST_1366,20585.59,Card,authentication_failed,24521.17,8,5,0.17,10,39,active,1,0,0
TXN_4769,CUST_2092,17074.53,NetBanking,network_error,94063.97,19,6,0.43,4,20,not_applicable,1,0,0
TXN_4770,CUST_2564,46865.76,UPI,customer_abandoned,22465.0,0,8,0.1,9,67,inactive,0,0,1
TXN_4771,CUST_1783,25369.2,Wallet,customer_abandoned,153514.6,1,0,0.22,5,49,active,1,3,1
TXN_4772,CUST_2210,46199.95,UPI,customer_abandoned,127461.12,3,7,0.11,8,78,not_applicable,1,1,1
TXN_4773,CUST_2046,39645.14,UPI,customer_abandoned,150424.68,12,2,0.04,9,35,active,0,3,1
TXN_4774,CUST_1796,6983.76,Wallet,authentication_failed,45254.85,17,4,0.58,10,60,active,0,0,1
TXN_4775,CUST_1881,33101.28,NetBanking,insufficient_funds,122006.02,27,2,0.11,21,35,active,0,4,0
TXN_4776,CUST_2171,46205.35,Card,bank_declined,33060.87,8,4,0.6,0,58,active,0,0,1
TXN_4777,CUST_2407,23034.62,Wallet,card_expired,58113.04,19,8,0.35,11,3,active,0,0,0
TXN_4778,CUST_1708,49079.43,UPI,network_error,125335.18,13,7,0.5,3,32,not_applicable,1,1,1
TXN_4779,CUST_2904,27014.79,Card,customer_abandoned,76641.09,6,1,0.36,15,10,inactive,1,4,0
TXN_4780,CUST_2557,13871.55,NetBanking,bank_declined,36829.93,8,1,0.56,5,72,not_applicable,0,2,1
TXN_4781,CUST_2543,7726.13,Card,card_expired,7514.13,0,2,0.25,16,85,not_applicable,0,2,1
TXN_4782,CUST_2610,41455.03,Card,insufficient_funds,119577.34,16,5,0.93,4,14,inactive,1,4,0
TXN_4783,CUST_1007,49165.7,UPI,card_expired,59964.11,13,6,0.24,5,42,active,1,0,1
TXN_4784,CUST_1977,18969.88,Card,customer_abandoned,125646.74,4,4,0.3,23,76,active,0,4,0
TXN_4785,CUST_1604,13859.74,Card,insufficient_funds,11143.44,7,2,0.91,11,5,not_applicable,0,3,1
TXN_4786,CUST_1513,48542.83,Wallet,card_expired,143588.91,25,3,0.68,17,29,not_applicable,1,2,0
TXN_4787,CUST_1096,6384.53,Card,network_error,38657.83,20,6,0.29,11,32,active,1,1,0
TXN_4788,CUST_2726,8731.18,NetBanking,customer_abandoned,184651.76,16,0,0.52,6,28,active,1,2,0
TXN_4789,CUST_2681,5601.2,UPI,bank_declined,54537.68,17,6,0.96,20,31,active,0,4,0
TXN_4790,CUST_1653,14896.43,UPI,bank_declined,40321.88,1,4,0.13,21,65,inactive,0,2,0
TXN_4791,CUST_2197,32152.11,UPI,bank_declined,91618.18,3,8,0.55,4,27,inactive,1,1,0
TXN_4792,CUST_1214,40125.61,UPI,authentication_failed,157034.85,1,7,0.02,8,36,inactive,1,4,0
TXN_4793,CUST_2414,3531.65,Card,authentication_failed,158629.05,3,1,0.74,15,15,inactive,1,0,1
TXN_4794,CUST_1060,11896.56,Card,customer_abandoned,91802.88,8,5,0.18,12,67,not_applicable,1,4,0
TXN_4795,CUST_1811,26159.94,NetBanking,customer_abandoned,11612.83,29,7,0.71,6,61,inactive,1,4,0
TXN_4796,CUST_1774,41465.05,Wallet,network_error,55084.32,30,0,0.9,14,17,active,1,3,0
TXN_4797,CUST_2494,45972.99,UPI,bank_declined,155800.6,27,7,0.81,8,13,active,0,4,1
TXN_4798,CUST_1216,9588.68,UPI,card_expired,135731.1,13,8,0.71,19,26,not_applicable,0,2,0
TXN_4799,CUST_2720,27110.94,Card,authentication_failed,55002.43,21,4,0.68,0,39,active,0,2,0
TXN_4800,CUST_1239,8942.97,Wallet,insufficient_funds,65873.59,4,6,0.54,19,90,inactive,1,3,0
TXN_4801,CUST_1764,1208.81,Card,customer_abandoned,68059.64,29,6,0.87,13,71,inactive,0,1,1
TXN_4802,CUST_2364,21503.56,UPI,network_error,152677.95,6,6,0.95,15,66,active,1,2,0
TXN_4803,CUST_1306,21156.27,NetBanking,customer_abandoned,190126.47,17,1,0.04,7,43,active,1,3,1
TXN_4804,CUST_2815,32173.03,NetBanking,card_expired,50654.85,19,8,0.51,7,78,active,0,1,0
TXN_4805,CUST_2958,43592.7,NetBanking,card_expired,72221.72,19,5,0.63,4,89,inactive,0,4,0
TXN_4806,CUST_2338,10387.63,NetBanking,card_expired,198399.32,5,8,0.75,14,30,inactive,0,0,1
TXN_4807,CUST_1172,14862.97,NetBanking,authentication_failed,33748.01,25,7,0.5,23,38,inactive,1,2,0
TXN_4808,CUST_2489,8829.83,Wallet,card_expired,146910.69,21,7,0.36,14,4,inactive,0,4,0
TXN_4809,CUST_1854,16665.97,Wallet,authentication_failed,113168.08,2,4,0.73,11,49,inactive,1,3,0
TXN_4810,CUST_1477,26327.19,Wallet,insufficient_funds,28650.24,24,0,0.91,21,25,not_applicable,1,0,0
TXN_4811,CUST_1702,34202.99,Wallet,card_expired,4508.65,29,6,0.54,17,74,active,0,4,0
TXN_4812,CUST_2772,49733.25,UPI,bank_declined,199217.32,25,1,0.86,22,86,inactive,1,3,1
TXN_4813,CUST_2279,47668.49,NetBanking,card_expired,122919.59,1,7,0.8,22,20,active,1,3,0
TXN_4814,CUST_2642,16051.51,UPI,customer_abandoned,93185.58,23,6,0.15,18,75,active,1,2,0
TXN_4815,CUST_2036,42895.11,Wallet,card_expired,8552.15,7,6,0.15,7,39,active,0,0,0
TXN_4816,CUST_1540,20213.47,NetBanking,network_error,199400.39,17,6,0.17,14,14,active,1,2,1
TXN_4817,CUST_2657,45761.28,Wallet,customer_abandoned,176528.05,5,8,0.03,2,70,active,0,1,1
TXN_4818,CUST_2739,32807.74,Wallet,authentication_failed,153780.42,19,8,0.49,16,46,not_applicable,0,2,1
TXN_4819,CUST_2182,2287.97,UPI,authentication_failed,47639.95,28,6,0.4,0,81,not_applicable,1,0,0
TXN_4820,CUST_2472,46076.23,NetBanking,customer_abandoned,112440.87,17,5,0.05,11,24,inactive,0,0,0
TXN_4821,CUST_2446,20882.87,NetBanking,card_expired,193132.7,14,6,0.6,6,15,not_applicable,1,2,1
TXN_4822,CUST_2158,35691.33,Wallet,network_error,154237.82,0,7,0.64,3,55,not_applicable,1,2,0
TXN_4823,CUST_2121,43714.89,UPI,bank_declined,146691.84,23,4,0.74,0,0,active,1,0,0
TXN_4824,CUST_2606,40146.07,Wallet,bank_declined,166001.13,13,0,0.95,4,30,active,0,3,1
TXN_4825,CUST_1639,24936.6,UPI,network_error,116532.84,24,7,0.33,5,74,inactive,0,1,0
TXN_4826,CUST_2501,38144.74,NetBanking,customer_abandoned,144455.73,25,4,1.0,4,58,active,1,2,1
TXN_4827,CUST_2205,36799.32,Wallet,authentication_failed,110729.49,26,2,0.31,11,14,not_applicable,1,1,0
TXN_4828,CUST_2663,44804.6,Wallet,network_error,119495.64,20,5,0.82,8,57,not_applicable,1,4,1
TXN_4829,CUST_2845,11076.86,Wallet,authentication_failed,68172.21,22,3,0.38,21,61,active,0,2,0
TXN_4830,CUST_1384,381.1,Card,bank_declined,197147.54,20,0,0.98,13,88,inactive,1,0,0
TXN_4831,CUST_2143,23881.75,NetBanking,card_expired,192797.98,22,6,0.4,0,81,active,1,2,0
TXN_4832,CUST_2901,11294.92,Card,customer_abandoned,189113.95,0,4,0.01,1,20,inactive,1,0,0
TXN_4833,CUST_1095,3872.52,NetBanking,insufficient_funds,57992.92,6,1,0.09,13,87,inactive,1,3,1
TXN_4834,CUST_1721,29594.43,Card,network_error,180519.19,24,0,0.69,14,14,active,1,4,0
TXN_4835,CUST_2447,25542.89,Wallet,insufficient_funds,128103.41,14,6,0.58,6,41,active,1,2,1
TXN_4836,CUST_1365,42313.37,Wallet,card_expired,129260.5,18,0,0.8,22,37,active,0,3,0
TXN_4837,CUST_2860,9633.15,Wallet,network_error,130382.54,12,2,0.2,5,56,active,0,2,1
TXN_4838,CUST_1638,33903.99,Card,insufficient_funds,199449.78,12,3,0.03,18,8,inactive,1,3,0
TXN_4839,CUST_1558,3943.63,Wallet,card_expired,80273.9,10,6,0.82,1,36,inactive,1,4,1
TXN_4840,CUST_1322,36875.28,UPI,customer_abandoned,179478.77,6,6,0.32,19,2,inactive,0,2,0
TXN_4841,CUST_2454,3001.84,NetBanking,insufficient_funds,170574.41,21,2,0.73,12,8,active,1,0,1
TXN_4842,CUST_2436,17049.85,Wallet,card_expired,76601.13,2,2,0.96,4,86,active,1,3,0
TXN_4843,CUST_1899,38709.21,Wallet,network_error,62617.03,10,4,0.04,20,0,inactive,0,1,1
TXN_4844,CUST_1568,16612.5,Card,customer_abandoned,144707.36,20,1,0.71,22,52,not_applicable,1,1,1
TXN_4845,CUST_1685,38890.92,Card,customer_abandoned,116626.63,5,8,0.29,23,55,active,1,4,0
TXN_4846,CUST_2363,29498.08,UPI,bank_declined,3532.73,17,1,0.9,7,66,active,1,3,1
TXN_4847,CUST_1459,43444.5,Card,insufficient_funds,176664.63,7,6,0.44,14,71,not_applicable,1,2,0
TXN_4848,CUST_1730,20846.14,NetBanking,bank_declined,90437.92,4,6,0.9,3,40,active,0,3,1
TXN_4849,CUST_1022,6413.63,NetBanking,customer_abandoned,122451.25,11,7,1.0,0,46,active,1,0,1
TXN_4850,CUST_2151,39314.99,Wallet,authentication_failed,154043.23,15,4,0.35,9,11,active,0,2,1
TXN_4851,CUST_2901,36231.41,Wallet,customer_abandoned,100496.72,5,5,0.57,17,50,not_applicable,0,3,0
TXN_4852,CUST_1504,38900.99,NetBanking,network_error,55031.8,0,0,0.15,12,82,active,1,2,1
TXN_4853,CUST_1128,25426.16,NetBanking,insufficient_funds,69086.12,15,7,0.57,22,46,active,0,3,0
TXN_4854,CUST_2797,25536.55,NetBanking,authentication_failed,74229.0,10,3,0.53,2,22,inactive,0,2,0
TXN_4855,CUST_2567,14282.87,NetBanking,bank_declined,180917.47,16,0,0.18,21,8,not_applicable,1,3,1
TXN_4856,CUST_2408,46239.77,Card,insufficient_funds,108195.32,6,4,0.88,13,11,inactive,1,3,0
TXN_4857,CUST_1157,24740.06,NetBanking,card_expired,91948.03,30,6,0.01,10,31,active,0,1,0
TXN_4858,CUST_2734,18514.58,NetBanking,network_error,134289.95,1,8,0.94,3,0,active,1,4,0
TXN_4859,CUST_2415,16441.07,UPI,card_expired,89368.88,18,7,0.46,2,78,not_applicable,1,0,1
TXN_4860,CUST_2585,22225.44,NetBanking,card_expired,6405.1,14,4,0.71,17,85,not_applicable,0,1,0
TXN_4861,CUST_2831,25743.85,Wallet,authentication_failed,116640.6,3,7,0.16,19,31,active,0,4,0
TXN_4862,CUST_2744,11834.99,UPI,bank_declined,86717.65,16,8,0.93,18,77,active,1,4,1
TXN_4863,CUST_1085,9685.67,UPI,bank_declined,53951.46,0,3,0.38,6,36,not_applicable,0,2,1
TXN_4864,CUST_1068,22057.65,UPI,customer_abandoned,79096.52,23,0,0.56,10,48,not_applicable,0,2,1
TXN_4865,CUST_2960,4037.27,Wallet,authentication_failed,5858.45,18,0,0.25,20,23,active,0,0,1
TXN_4866,CUST_1199,16883.4,Wallet,customer_abandoned,154813.77,13,4,0.72,13,2,active,0,1,1
TXN_4867,CUST_2868,42639.76,NetBanking,network_error,57131.46,30,7,0.89,13,33,active,0,1,1
TXN_4868,CUST_2445,20104.58,NetBanking,authentication_failed,81664.97,16,3,0.1,12,20,active,1,2,0
TXN_4869,CUST_2273,7011.49,NetBanking,authentication_failed,68836.26,28,5,0.32,19,9,active,1,0,0
TXN_4870,CUST_2765,7697.78,Card,insufficient_funds,9926.81,7,3,0.29,2,33,not_applicable,1,2,1
TXN_4871,CUST_1854,17038.17,NetBanking,network_error,25614.67,22,1,0.65,13,50,inactive,1,4,0
TXN_4872,CUST_2293,11692.96,UPI,card_expired,56634.63,0,4,0.97,18,79,inactive,0,2,1
TXN_4873,CUST_1481,25609.58,Wallet,bank_declined,48690.77,20,1,0.93,12,34,inactive,0,4,0
TXN_4874,CUST_1789,40753.42,Card,customer_abandoned,63641.98,22,5,0.4,6,16,active,0,0,0
TXN_4875,CUST_1966,44548.82,Card,bank_declined,182997.1,28,8,0.42,15,49,inactive,0,1,1
TXN_4876,CUST_1846,8361.1,UPI,card_expired,87552.24,21,5,0.63,11,62,inactive,1,4,0
TXN_4877,CUST_1812,17944.22,UPI,authentication_failed,1198.8,23,0,0.8,22,41,not_applicable,0,4,1
TXN_4878,CUST_1502,48476.23,NetBanking,insufficient_funds,144135.01,16,3,0.55,11,34,not_applicable,1,1,1
TXN_4879,CUST_2383,49965.04,Wallet,authentication_failed,118360.82,16,5,0.68,18,69,not_applicable,0,4,0
TXN_4880,CUST_1352,42278.06,UPI,network_error,2924.84,19,6,0.22,11,48,not_applicable,0,1,0
TXN_4881,CUST_1758,44767.77,Wallet,card_expired,137382.42,30,7,0.41,13,88,active,0,1,0
TXN_4882,CUST_1848,36923.61,Card,insufficient_funds,148506.3,25,2,0.61,15,43,active,1,0,1
TXN_4883,CUST_2090,46265.23,Card,authentication_failed,110824.11,23,5,0.79,10,81,inactive,0,1,0
TXN_4884,CUST_2853,17267.64,Card,authentication_failed,175041.32,0,1,0.05,14,63,active,0,3,0
TXN_4885,CUST_1266,24137.1,NetBanking,bank_declined,150494.81,27,0,0.28,4,49,not_applicable,1,2,1
TXN_4886,CUST_1931,46314.03,Card,bank_declined,114770.22,21,3,0.1,8,12,not_applicable,1,1,1
TXN_4887,CUST_2272,49941.42,UPI,insufficient_funds,39926.19,23,3,0.61,5,30,not_applicable,0,4,0
TXN_4888,CUST_1883,44291.39,Wallet,network_error,151278.55,27,0,0.6,13,54,not_applicable,1,2,1
TXN_4889,CUST_1963,44001.78,Wallet,customer_abandoned,89488.83,20,2,0.93,1,12,active,0,2,1
TXN_4890,CUST_1003,34741.8,Card,authentication_failed,14789.24,8,3,0.75,23,59,not_applicable,0,3,0
TXN_4891,CUST_1036,17632.81,UPI,customer_abandoned,24612.51,17,7,0.15,15,60,not_applicable,1,1,0
TXN_4892,CUST_1385,16477.49,NetBanking,card_expired,178502.01,4,5,0.37,6,75,active,0,1,1
TXN_4893,CUST_1540,4229.1,Card,bank_declined,118628.66,28,7,0.48,15,57,active,1,3,1
TXN_4894,CUST_1516,42325.77,NetBanking,network_error,91511.12,21,5,0.78,1,21,active,1,1,1
TXN_4895,CUST_1190,28160.58,UPI,bank_declined,15849.19,16,4,0.35,13,4,active,1,1,1
TXN_4896,CUST_2087,35973.6,Card,authentication_failed,98528.05,26,6,0.75,22,68,inactive,1,1,1
TXN_4897,CUST_2661,4415.57,UPI,customer_abandoned,147338.16,25,4,0.83,14,42,not_applicable,0,2,0
TXN_4898,CUST_2358,28642.4,NetBanking,network_error,150963.49,24,7,0.75,1,49,not_applicable,0,4,1
TXN_4899,CUST_1363,8294.61,NetBanking,card_expired,15106.22,4,0,0.32,4,40,inactive,1,0,0
TXN_4900,CUST_2745,49895.1,Wallet,customer_abandoned,86767.68,21,7,0.73,18,37,inactive,1,3,1
TXN_4901,CUST_2075,10303.65,UPI,authentication_failed,12642.92,24,8,0.55,13,27,not_applicable,1,0,1
TXN_4902,CUST_2788,49912.76,Card,authentication_failed,72363.6,10,4,0.9,20,41,not_applicable,0,0,1
TXN_4903,CUST_1235,34501.64,NetBanking,customer_abandoned,120052.33,14,2,0.05,7,80,inactive,0,0,1
TXN_4904,CUST_2267,1136.13,NetBanking,network_error,74795.98,6,7,0.75,15,73,inactive,0,3,0
TXN_4905,CUST_2381,30332.06,Card,authentication_failed,58476.73,29,6,0.8,11,37,not_applicable,1,3,1
TXN_4906,CUST_2167,38793.18,UPI,customer_abandoned,105441.87,15,8,0.28,20,80,active,0,0,1
TXN_4907,CUST_1090,9386.42,UPI,insufficient_funds,58662.16,25,0,0.18,3,32,active,1,3,0
TXN_4908,CUST_2220,34343.18,UPI,network_error,130849.49,5,5,0.42,2,41,inactive,1,4,0
TXN_4909,CUST_1696,45567.36,UPI,bank_declined,102038.46,27,0,0.41,18,89,inactive,1,0,1
TXN_4910,CUST_2295,9720.24,UPI,customer_abandoned,27377.21,16,0,0.41,0,33,not_applicable,1,4,0
TXN_4911,CUST_2422,12290.09,Wallet,card_expired,178609.79,8,2,0.53,21,22,inactive,1,4,0
TXN_4912,CUST_2963,34505.03,Wallet,network_error,190358.07,11,2,0.11,19,38,not_applicable,0,0,0
TXN_4913,CUST_2945,29242.56,NetBanking,insufficient_funds,30086.91,14,1,0.3,18,59,active,1,0,1
TXN_4914,CUST_1368,34589.74,Card,bank_declined,49278.8,6,3,0.53,10,29,inactive,1,2,1
TXN_4915,CUST_2383,22492.16,Wallet,customer_abandoned,172742.17,15,7,0.87,14,27,inactive,0,3,0
TXN_4916,CUST_2636,48648.99,NetBanking,authentication_failed,16041.43,27,7,0.0,10,6,active,0,0,0
TXN_4917,CUST_1613,30094.74,Wallet,authentication_failed,126210.83,2,4,0.48,0,60,inactive,0,1,0
TXN_4918,CUST_2776,8607.83,UPI,network_error,170577.45,2,0,0.87,15,33,inactive,1,3,0
TXN_4919,CUST_2237,33244.48,Wallet,customer_abandoned,119938.74,8,7,0.2,4,11,inactive,0,1,0
TXN_4920,CUST_1593,34825.14,Card,bank_declined,107913.2,12,6,0.02,16,84,active,0,1,0
TXN_4921,CUST_1314,42256.32,NetBanking,card_expired,52848.46,12,5,0.62,22,18,inactive,1,4,1
TXN_4922,CUST_1912,4890.95,Wallet,network_error,101102.87,6,5,0.46,23,1,inactive,0,0,0
TXN_4923,CUST_2354,41795.87,Wallet,card_expired,76748.58,16,3,0.06,20,76,inactive,1,3,0
TXN_4924,CUST_1548,2232.96,Wallet,customer_abandoned,82419.94,21,1,0.72,5,87,inactive,0,2,1
TXN_4925,CUST_2248,32358.78,Card,customer_abandoned,137730.61,12,3,0.26,3,73,inactive,0,3,0
TXN_4926,CUST_1683,34274.93,Wallet,customer_abandoned,93856.11,9,4,0.34,7,74,active,1,0,1
TXN_4927,CUST_2289,48894.57,NetBanking,network_error,85941.44,28,6,0.39,6,2,active,1,1,1
TXN_4928,CUST_1798,3903.3,Card,customer_abandoned,111079.49,29,1,0.33,1,45,not_applicable,0,3,0
TXN_4929,CUST_1530,23366.21,UPI,network_error,1673.41,16,7,0.4,23,82,active,1,4,0
TXN_4930,CUST_1221,1312.21,UPI,card_expired,165070.53,23,5,0.92,6,88,not_applicable,1,1,1
TXN_4931,CUST_2237,27010.98,Wallet,bank_declined,56313.67,29,2,0.49,15,80,active,1,4,0
TXN_4932,CUST_2534,13525.65,Wallet,network_error,140378.32,14,7,0.13,22,7,inactive,1,2,1
TXN_4933,CUST_2058,38407.0,UPI,network_error,133520.08,2,2,0.5,22,75,not_applicable,1,4,0
TXN_4934,CUST_2567,24920.83,UPI,bank_declined,87967.79,9,8,0.39,5,61,active,0,1,0
TXN_4935,CUST_2175,26472.91,Card,card_expired,138688.56,24,1,0.71,6,16,inactive,0,3,0
TXN_4936,CUST_2669,20735.67,NetBanking,network_error,75365.74,0,2,0.54,2,31,inactive,1,0,1
TXN_4937,CUST_1736,44490.86,Wallet,network_error,139575.89,2,2,0.9,23,77,active,1,1,1
TXN_4938,CUST_2434,48552.51,NetBanking,insufficient_funds,127511.62,23,5,0.96,13,10,inactive,1,2,1
TXN_4939,CUST_1688,2718.64,Card,card_expired,116245.91,7,5,0.98,11,16,not_applicable,1,4,0
TXN_4940,CUST_2004,10680.96,UPI,network_error,104786.75,6,0,0.65,21,19,active,0,4,0
TXN_4941,CUST_2901,35766.99,Card,card_expired,195047.79,11,2,0.9,17,56,not_applicable,1,0,1
TXN_4942,CUST_1767,16403.51,Card,bank_declined,74936.7,25,6,0.39,9,62,active,1,4,0
TXN_4943,CUST_2360,38121.95,NetBanking,customer_abandoned,73702.51,15,4,0.88,13,35,not_applicable,1,2,0
TXN_4944,CUST_1069,1319.12,Wallet,customer_abandoned,197712.11,4,8,0.71,7,13,active,0,4,0
TXN_4945,CUST_2943,19537.43,NetBanking,customer_abandoned,104185.11,21,0,0.32,16,69,active,1,2,1
TXN_4946,CUST_1825,4739.72,NetBanking,bank_declined,124603.4,24,0,0.28,23,86,inactive,0,0,1
TXN_4947,CUST_1655,27680.02,UPI,insufficient_funds,116111.1,0,8,0.43,20,71,not_applicable,1,3,0
TXN_4948,CUST_2217,44677.81,Wallet,bank_declined,122674.73,8,7,0.12,13,10,not_applicable,0,3,0
TXN_4949,CUST_2088,24912.99,Wallet,network_error,13019.97,6,6,0.61,20,37,inactive,1,1,1
TXN_4950,CUST_2916,37475.5,Card,card_expired,41390.91,9,7,0.86,14,35,not_applicable,1,1,0
TXN_4951,CUST_1406,47330.77,Wallet,authentication_failed,15277.84,28,2,0.49,4,88,inactive,0,4,0
TXN_4952,CUST_1234,12457.74,UPI,bank_declined,154504.66,0,2,0.63,6,62,inactive,0,4,0
TXN_4953,CUST_2814,30457.59,Wallet,card_expired,98804.17,9,5,0.2,1,41,active,0,4,1
TXN_4954,CUST_1593,44868.39,UPI,bank_declined,59209.03,29,0,0.54,8,60,active,1,0,1
TXN_4955,CUST_2278,38797.24,Wallet,customer_abandoned,186135.96,18,6,0.36,5,76,active,1,2,1
TXN_4956,CUST_2944,24970.54,Wallet,network_error,79919.13,7,6,0.94,12,2,not_applicable,1,4,0
TXN_4957,CUST_1235,23423.78,UPI,network_error,134814.45,24,4,0.26,15,29,inactive,1,2,1
TXN_4958,CUST_1419,46609.09,Wallet,customer_abandoned,136027.44,16,8,0.83,11,67,inactive,1,4,0
TXN_4959,CUST_2530,27235.13,NetBanking,customer_abandoned,194307.86,27,5,0.32,14,14,active,0,4,0
TXN_4960,CUST_2096,25593.21,NetBanking,bank_declined,78176.4,8,6,0.16,2,55,active,1,1,1
TXN_4961,CUST_1694,49537.12,Wallet,bank_declined,114147.85,15,7,0.77,15,35,active,1,1,0
TXN_4962,CUST_1162,35079.0,Card,card_expired,9787.05,16,4,0.16,16,58,inactive,1,3,0
TXN_4963,CUST_2848,592.99,UPI,authentication_failed,61893.29,2,8,0.39,18,66,inactive,1,2,0
TXN_4964,CUST_2009,3323.77,Card,card_expired,106442.76,23,2,0.27,19,5,not_applicable,0,0,0
TXN_4965,CUST_1662,501.83,UPI,bank_declined,168662.88,9,5,0.95,23,14,inactive,0,3,0
TXN_4966,CUST_1659,36708.84,NetBanking,bank_declined,186778.9,1,5,0.21,23,72,active,0,2,1
TXN_4967,CUST_1620,38696.71,Card,bank_declined,145587.57,13,2,0.36,21,60,active,0,1,1
TXN_4968,CUST_2249,32730.5,Card,card_expired,124448.23,30,0,0.7,13,43,active,0,2,1
TXN_4969,CUST_2796,17846.86,Card,customer_abandoned,87366.0,11,7,0.26,10,74,not_applicable,0,4,0
TXN_4970,CUST_1810,7032.48,Card,authentication_failed,73910.3,5,1,0.49,19,51,active,1,4,0
TXN_4971,CUST_2001,47328.26,NetBanking,customer_abandoned,153283.42,15,8,0.73,20,70,active,1,1,1
TXN_4972,CUST_1952,30229.66,Wallet,card_expired,106415.26,1,7,0.98,14,28,not_applicable,0,3,0
TXN_4973,CUST_2731,28830.52,Wallet,network_error,170311.72,0,7,0.16,21,72,inactive,1,2,0
TXN_4974,CUST_2999,34542.64,UPI,insufficient_funds,20563.98,21,4,0.12,8,46,not_applicable,0,3,1
TXN_4975,CUST_2442,13599.69,Card,authentication_failed,126097.61,12,2,0.92,19,3,not_applicable,0,0,1
TXN_4976,CUST_2902,10935.49,Wallet,authentication_failed,22206.01,7,2,0.13,22,18,inactive,1,1,0
TXN_4977,CUST_1918,4473.35,Card,bank_declined,86968.91,9,6,0.32,7,2,inactive,1,0,1
TXN_4978,CUST_2511,43525.06,NetBanking,network_error,157169.87,15,1,0.53,2,58,inactive,1,1,1
TXN_4979,CUST_2196,35517.39,Wallet,card_expired,73202.92,8,5,0.09,17,11,not_applicable,1,0,1
TXN_4980,CUST_2036,16977.0,NetBanking,insufficient_funds,44431.52,15,5,0.87,22,40,active,0,2,0
TXN_4981,CUST_1400,17014.64,Wallet,bank_declined,71605.48,19,7,0.58,4,55,not_applicable,0,4,0
TXN_4982,CUST_2936,3251.15,NetBanking,insufficient_funds,119075.39,24,7,0.95,23,89,active,1,0,1
TXN_4983,CUST_2633,45450.48,Card,insufficient_funds,190083.5,13,6,0.27,14,23,active,0,4,1
TXN_4984,CUST_1218,12014.87,NetBanking,network_error,147784.62,17,3,0.8,17,57,active,0,3,1
TXN_4985,CUST_2771,35821.89,NetBanking,card_expired,162608.8,14,8,0.36,4,14,inactive,0,2,0
TXN_4986,CUST_1172,4689.03,Card,network_error,115500.96,3,7,0.98,7,0,inactive,0,4,1
TXN_4987,CUST_1072,21848.4,NetBanking,authentication_failed,107787.56,6,0,0.28,13,71,inactive,0,3,0
TXN_4988,CUST_2594,24155.85,UPI,network_error,93236.81,14,2,0.52,6,68,inactive,1,2,0
TXN_4989,CUST_2365,30234.38,Wallet,insufficient_funds,121548.6,29,6,0.13,15,61,inactive,1,4,1
TXN_4990,CUST_1728,38664.96,Wallet,card_expired,175563.47,23,5,0.41,9,12,active,1,3,0
TXN_4991,CUST_1985,26151.98,Card,bank_declined,39624.81,0,4,0.69,1,22,inactive,0,0,1
TXN_4992,CUST_2286,8268.92,NetBanking,bank_declined,18177.34,16,7,0.74,4,27,inactive,1,4,0
TXN_4993,CUST_1597,31230.74,NetBanking,network_error,139455.91,20,2,0.32,1,67,active,0,2,1
TXN_4994,CUST_2927,27544.45,UPI,insufficient_funds,173930.88,25,4,0.76,2,47,active,1,2,1
TXN_4995,CUST_2187,1106.05,Card,insufficient_funds,49457.75,12,6,0.09,0,66,not_applicable,0,3,0
TXN_4996,CUST_2569,44509.01,UPI,insufficient_funds,94040.51,10,5,0.85,20,48,inactive,0,1,1
TXN_4997,CUST_2326,17044.55,NetBanking,insufficient_funds,179216.78,22,4,0.43,14,84,not_applicable,1,0,0
TXN_4998,CUST_1086,11908.51,UPI,bank_declined,189811.37,10,8,0.57,9,4,not_applicable,0,1,1
TXN_4999,CUST_2282,4566.83,Wallet,insufficient_funds,99040.18,12,0,0.9,20,49,inactive,1,4,0
TXN_5000,CUST_1495,2436.02,NetBanking,network_error,61436.0,20,5,0.44,23,89,not_applicable,0,1,1
TXN_5001,CUST_2614,36526.92,Wallet,card_expired,37717.89,17,3,0.35,12,37,inactive,0,1,0
TXN_5002,CUST_1623,24156.26,NetBanking,bank_declined,147975.64,24,8,0.96,23,12,inactive,0,4,0
TXN_5003,CUST_2494,35507.43,Card,card_expired,46838.49,11,1,0.41,9,82,not_applicable,0,2,1
TXN_5004,CUST_1557,6881.78,Wallet,network_error,64635.68,22,3,0.34,21,77,active,0,0,0
TXN_5005,CUST_1532,37116.46,NetBanking,card_expired,194464.41,18,8,0.6,0,34,not_applicable,1,3,0
TXN_5006,CUST_2294,16449.99,Card,bank_declined,64647.35,3,4,0.33,0,87,not_applicable,1,0,1
TXN_5007,CUST_2512,26587.32,Wallet,insufficient_funds,77699.41,18,8,0.15,14,26,active,1,0,1
TXN_5008,CUST_2950,11019.85,UPI,network_error,22386.81,13,8,0.79,17,13,active,0,1,1
TXN_5009,CUST_2757,36238.99,NetBanking,network_error,77746.08,19,1,0.07,21,23,not_applicable,0,2,0
TXN_5010,CUST_1111,29023.57,UPI,network_error,47916.54,8,5,0.89,8,52,inactive,0,2,1
TXN_5011,CUST_1899,10170.8,Card,insufficient_funds,150657.34,4,5,0.71,7,53,active,0,3,0
TXN_5012,CUST_1824,3195.04,Wallet,network_error,171757.54,5,2,0.31,18,45,inactive,1,3,0
TXN_5013,CUST_1573,25851.48,NetBanking,insufficient_funds,182135.21,17,0,0.04,20,72,not_applicable,1,0,0
TXN_5014,CUST_1954,28666.41,Card,customer_abandoned,85664.37,7,1,0.74,10,63,active,1,0,0
TXN_5015,CUST_2830,11537.39,NetBanking,card_expired,29585.83,12,1,0.91,8,32,inactive,0,3,1
TXN_5016,CUST_1681,21955.5,UPI,bank_declined,115078.65,8,1,0.75,11,23,inactive,1,2,0
TXN_5017,CUST_2983,46002.72,NetBanking,customer_abandoned,85941.71,21,8,0.29,23,81,active,1,4,0
TXN_5018,CUST_1585,20844.82,NetBanking,bank_declined,119325.09,2,1,0.42,7,59,not_applicable,0,2,0
TXN_5019,CUST_2218,23524.39,Wallet,network_error,138492.65,4,0,0.8,19,24,not_applicable,0,3,1
TXN_5020,CUST_1504,8345.37,Wallet,bank_declined,83522.85,23,2,0.79,9,22,inactive,1,0,1
TXN_5021,CUST_2443,34856.89,Wallet,bank_declined,101935.52,21,1,0.24,9,55,inactive,1,0,0
TXN_5022,CUST_2631,4302.25,Card,network_error,105453.17,22,1,0.21,6,45,active,1,1,1
TXN_5023,CUST_1666,25196.4,NetBanking,bank_declined,100412.87,12,1,0.71,17,25,active,1,1,1
TXN_5024,CUST_2702,36416.8,UPI,card_expired,82502.19,17,4,0.63,3,88,inactive,1,0,0
TXN_5025,CUST_2725,21135.93,UPI,authentication_failed,119845.33,21,5,0.95,8,16,not_applicable,1,1,0
TXN_5026,CUST_2774,45298.03,Wallet,bank_declined,11637.65,0,5,0.31,12,69,not_applicable,0,4,0
TXN_5027,CUST_2852,31355.62,NetBanking,customer_abandoned,27113.77,28,8,0.88,5,89,active,1,1,0
TXN_5028,CUST_1964,32638.08,UPI,card_expired,92224.35,12,3,0.93,6,39,active,0,4,0
TXN_5029,CUST_1433,25015.83,Wallet,authentication_failed,140672.8,29,1,0.57,23,31,active,1,3,0
TXN_5030,CUST_1324,16615.71,Wallet,card_expired,92954.84,7,2,0.08,13,16,inactive,1,3,0
TXN_5031,CUST_1899,34821.84,NetBanking,network_error,190689.99,28,5,0.96,16,65,active,1,3,1
TXN_5032,CUST_2100,30370.45,Wallet,customer_abandoned,37958.52,22,7,0.7,9,74,not_applicable,0,4,0
TXN_5033,CUST_1592,14305.82,NetBanking,authentication_failed,134004.31,19,3,0.31,2,25,inactive,1,2,0
TXN_5034,CUST_2304,41610.33,Wallet,card_expired,62755.67,27,6,0.06,13,64,inactive,0,2,0
TXN_5035,CUST_1470,12662.76,Wallet,customer_abandoned,36425.17,13,7,0.77,20,64,active,0,0,1
TXN_5036,CUST_1391,40254.32,UPI,network_error,35595.35,3,3,0.49,3,61,inactive,0,2,0
TXN_5037,CUST_1498,32634.34,NetBanking,insufficient_funds,120624.75,29,3,0.92,17,87,not_applicable,0,1,1
TXN_5038,CUST_1408,24736.59,UPI,customer_abandoned,176914.52,10,1,0.08,16,2,active,1,3,0
TXN_5039,CUST_1572,11741.78,UPI,card_expired,126971.22,7,6,0.26,4,68,active,0,4,0
TXN_5040,CUST_1454,22994.24,NetBanking,card_expired,123106.02,2,1,0.25,11,35,not_applicable,0,4,0
TXN_5041,CUST_1991,30716.61,UPI,bank_declined,189201.95,15,3,0.67,8,11,inactive,0,0,0
TXN_5042,CUST_2379,18403.82,Wallet,network_error,55178.62,0,8,0.45,13,23,active,1,2,0
TXN_5043,CUST_1122,22869.35,NetBanking,network_error,169498.36,1,2,0.99,13,83,active,0,2,1
TXN_5044,CUST_2767,2365.97,Wallet,authentication_failed,30768.35,20,2,0.38,4,43,active,0,3,0
TXN_5045,CUST_2969,43546.16,UPI,card_expired,5606.1,10,0,0.32,13,16,active,0,4,0
TXN_5046,CUST_1592,46583.81,UPI,insufficient_funds,134226.72,10,7,0.91,19,74,inactive,0,3,1
TXN_5047,CUST_1278,24905.2,UPI,insufficient_funds,47629.5,18,7,0.19,20,45,active,1,4,0
TXN_5048,CUST_1810,35458.81,Wallet,bank_declined,9048.7,1,8,0.05,6,53,not_applicable,0,3,0
TXN_5049,CUST_2141,32138.65,Card,insufficient_funds,133387.32,9,0,0.37,14,28,inactive,0,0,1
TXN_5050,CUST_2076,26727.87,Wallet,insufficient_funds,21987.66,29,4,0.8,6,74,active,0,4,0
TXN_5051,CUST_1020,3095.81,Card,insufficient_funds,78878.92,29,0,0.49,10,85,inactive,0,3,0
TXN_5052,CUST_2630,43398.68,UPI,network_error,57545.78,0,2,0.78,20,36,inactive,1,4,0
TXN_5053,CUST_2690,29942.49,NetBanking,customer_abandoned,39236.43,14,8,0.22,22,68,not_applicable,0,0,0
TXN_5054,CUST_1473,12111.55,Card,network_error,69743.28,7,8,0.83,3,42,active,0,4,0
TXN_5055,CUST_2607,37755.63,Card,card_expired,88449.01,4,7,0.78,21,86,active,1,2,1
TXN_5056,CUST_1076,12068.09,UPI,bank_declined,172605.98,18,3,0.62,17,87,inactive,1,2,0
TXN_5057,CUST_1597,32614.14,Card,customer_abandoned,85365.95,2,8,0.23,17,51,inactive,1,4,0
TXN_5058,CUST_1549,26822.37,Wallet,authentication_failed,198074.89,1,0,0.74,15,80,not_applicable,0,2,0
TXN_5059,CUST_2543,41377.52,Wallet,card_expired,154027.82,12,6,0.28,19,66,active,1,2,0
TXN_5060,CUST_1736,5996.32,NetBanking,customer_abandoned,175583.93,0,4,0.84,10,69,active,1,2,1
TXN_5061,CUST_1079,14331.25,UPI,customer_abandoned,158780.13,15,7,0.94,1,78,not_applicable,0,1,0
TXN_5062,CUST_1236,30318.38,Wallet,card_expired,49291.6,3,1,0.53,7,46,not_applicable,0,2,0
TXN_5063,CUST_1395,40419.77,Card,card_expired,78005.25,3,5,0.83,21,53,not_applicable,1,2,0
TXN_5064,CUST_1037,41225.06,UPI,insufficient_funds,67330.25,2,4,0.44,12,3,active,0,1,0
TXN_5065,CUST_1669,3607.35,Card,insufficient_funds,189693.21,27,6,0.57,5,22,inactive,0,4,0
TXN_5066,CUST_1424,41985.76,UPI,network_error,173286.78,23,4,0.52,4,49,inactive,0,1,0
TXN_5067,CUST_1239,3330.41,Wallet,insufficient_funds,23531.93,9,0,0.6,17,19,active,0,0,1
TXN_5068,CUST_1130,23264.84,Wallet,insufficient_funds,66287.76,22,7,0.4,3,77,not_applicable,1,2,1
TXN_5069,CUST_1952,29714.46,NetBanking,insufficient_funds,199471.57,10,1,0.79,19,85,not_applicable,1,0,1
TXN_5070,CUST_2134,13290.82,UPI,authentication_failed,67843.76,28,0,0.84,0,42,inactive,1,1,1
TXN_5071,CUST_2305,11586.05,NetBanking,card_expired,181078.77,25,6,0.64,7,46,not_applicable,1,0,0
TXN_5072,CUST_1966,11035.33,Wallet,card_expired,172661.0,11,2,0.89,8,14,active,0,1,1
TXN_5073,CUST_2442,21083.47,Card,authentication_failed,167084.55,25,6,0.77,15,12,active,1,3,1
TXN_5074,CUST_1668,25968.07,Wallet,insufficient_funds,182398.26,5,4,0.33,18,21,active,1,3,0
TXN_5075,CUST_1901,35465.74,Wallet,bank_declined,108331.53,2,4,0.85,18,5,inactive,1,0,1
TXN_5076,CUST_2020,42200.25,NetBanking,card_expired,59365.64,4,2,0.65,22,63,not_applicable,1,2,0
TXN_5077,CUST_1334,30518.11,Wallet,insufficient_funds,143737.07,10,8,0.37,14,66,not_applicable,0,3,0
TXN_5078,CUST_2670,26927.77,Card,insufficient_funds,166804.97,15,1,0.32,10,14,active,0,2,1
TXN_5079,CUST_1332,14018.87,NetBanking,insufficient_funds,189877.3,5,4,0.36,22,64,inactive,1,2,0
TXN_5080,CUST_2978,39105.89,Wallet,network_error,140155.68,6,1,0.13,21,26,inactive,0,3,1
TXN_5081,CUST_2834,30442.31,NetBanking,insufficient_funds,100655.12,18,0,0.38,21,52,inactive,1,2,0
TXN_5082,CUST_2852,12273.78,NetBanking,customer_abandoned,57868.01,1,8,0.12,11,60,not_applicable,0,1,1
TXN_5083,CUST_1520,29817.91,UPI,insufficient_funds,122204.17,20,1,0.22,15,51,active,1,0,1
TXN_5084,CUST_1792,38296.38,UPI,card_expired,72219.82,20,0,0.8,3,13,not_applicable,0,3,0
TXN_5085,CUST_1436,37931.11,Card,insufficient_funds,7712.29,21,8,0.55,20,83,active,1,1,0
TXN_5086,CUST_1060,49064.11,Card,bank_declined,57068.76,15,6,0.44,11,54,inactive,0,0,0
TXN_5087,CUST_1130,43679.73,UPI,customer_abandoned,114145.86,24,5,0.39,9,16,inactive,0,3,0
TXN_5088,CUST_2132,47343.69,Card,bank_declined,106513.59,2,1,0.28,13,35,active,1,1,1
TXN_5089,CUST_1620,13607.79,UPI,insufficient_funds,120760.15,8,7,0.93,10,37,not_applicable,1,3,1
TXN_5090,CUST_1295,23073.01,NetBanking,authentication_failed,165473.37,4,2,0.42,7,7,not_applicable,1,2,0
TXN_5091,CUST_1258,49172.41,UPI,insufficient_funds,61473.63,13,8,0.32,8,51,active,0,4,1
TXN_5092,CUST_2652,6782.98,NetBanking,insufficient_funds,152346.26,20,5,0.94,19,19,active,1,3,1
TXN_5093,CUST_1800,225.84,NetBanking,card_expired,75636.73,2,7,0.11,9,54,inactive,1,1,0
TXN_5094,CUST_2559,39522.34,Card,insufficient_funds,88303.6,30,6,0.43,8,74,inactive,0,3,0
TXN_5095,CUST_1069,29126.36,NetBanking,customer_abandoned,171402.97,26,4,0.31,3,12,not_applicable,0,3,1
TXN_5096,CUST_2901,28340.09,UPI,card_expired,60805.38,20,4,0.3,20,54,not_applicable,0,0,1
TXN_5097,CUST_2550,31172.39,UPI,network_error,46931.53,17,0,0.92,20,61,not_applicable,1,4,1
TXN_5098,CUST_2711,46008.79,NetBanking,network_error,10234.47,23,6,0.34,1,14,not_applicable,0,0,1
TXN_5099,CUST_1561,13685.37,UPI,customer_abandoned,172539.29,21,5,0.04,20,35,not_applicable,1,3,0
TXN_5100,CUST_1627,5966.6,Wallet,card_expired,83951.29,7,4,0.84,22,28,inactive,1,1,0
TXN_5101,CUST_1884,36864.14,Wallet,insufficient_funds,70471.72,3,6,0.94,16,46,active,1,1,0
TXN_5102,CUST_1156,21147.76,Wallet,bank_declined,85866.5,1,4,0.92,0,72,active,1,0,1
TXN_5103,CUST_1169,35348.32,UPI,authentication_failed,83990.01,10,6,0.22,17,73,not_applicable,1,2,1
TXN_5104,CUST_2319,30430.41,UPI,customer_abandoned,100767.23,19,5,0.62,5,72,active,1,2,0
TXN_5105,CUST_1066,39717.54,NetBanking,network_error,189684.4,29,2,0.89,16,8,not_applicable,1,3,1
TXN_5106,CUST_2494,20359.69,Card,network_error,161872.06,12,8,0.6,1,50,active,0,2,1
TXN_5107,CUST_1157,46339.43,Wallet,customer_abandoned,107668.97,3,1,0.51,19,44,inactive,0,3,0
TXN_5108,CUST_1363,3563.91,Wallet,authentication_failed,2476.64,20,0,0.91,16,68,not_applicable,0,3,0
TXN_5109,CUST_2028,23481.21,Card,insufficient_funds,169232.0,24,1,0.61,4,85,active,1,4,0
TXN_5110,CUST_1680,14897.07,Card,authentication_failed,166947.77,4,2,0.17,6,30,active,0,2,0
TXN_5111,CUST_1799,9661.01,Wallet,network_error,54279.71,4,5,0.28,0,88,not_applicable,0,4,0
TXN_5112,CUST_2743,10969.45,NetBanking,network_error,135655.0,3,6,0.09,5,88,inactive,0,2,0
TXN_5113,CUST_1188,25490.19,Card,bank_declined,184457.26,25,2,0.86,15,83,not_applicable,1,1,0
TXN_5114,CUST_1294,32558.91,Card,bank_declined,135487.16,20,7,0.63,7,89,inactive,1,1,1
TXN_5115,CUST_2859,7441.31,UPI,customer_abandoned,109204.05,28,4,0.39,23,19,active,1,1,1
TXN_5116,CUST_1071,26227.67,Wallet,authentication_failed,26550.84,7,7,0.36,8,14,inactive,1,0,0
TXN_5117,CUST_2264,48985.44,NetBanking,card_expired,24587.08,10,0,0.26,21,42,not_applicable,0,2,0
TXN_5118,CUST_1463,24187.23,UPI,authentication_failed,27991.8,11,5,0.38,22,87,not_applicable,1,3,0
TXN_5119,CUST_2244,10090.78,Card,network_error,11353.94,9,2,0.44,15,26,inactive,1,3,1
TXN_5120,CUST_1305,29339.86,Card,authentication_failed,121662.72,23,1,0.2,13,87,active,0,4,0
TXN_5121,CUST_1304,42277.58,UPI,card_expired,18483.38,10,1,0.86,3,84,not_applicable,0,1,1
TXN_5122,CUST_2342,41873.66,Card,insufficient_funds,64283.28,3,0,0.34,15,42,active,1,0,0
TXN_5123,CUST_1364,39271.31,NetBanking,network_error,46699.29,18,4,0.97,16,36,not_applicable,0,1,1
TXN_5124,CUST_1432,3518.3,Card,customer_abandoned,119505.34,4,2,0.72,7,21,active,1,1,0
TXN_5125,CUST_2072,20306.79,NetBanking,customer_abandoned,6032.99,27,7,0.6,1,73,inactive,0,4,0
TXN_5126,CUST_2701,21704.06,UPI,card_expired,98205.43,15,0,0.06,16,45,not_applicable,1,4,0
TXN_5127,CUST_1420,21373.35,Wallet,authentication_failed,142796.31,5,1,0.65,7,14,inactive,0,1,0
TXN_5128,CUST_1769,10386.33,UPI,authentication_failed,50950.23,0,3,0.18,14,8,inactive,0,4,0
TXN_5129,CUST_1474,49722.07,UPI,network_error,130769.56,26,8,0.61,9,34,not_applicable,0,4,0
TXN_5130,CUST_1006,15697.75,Card,network_error,182303.68,20,4,0.97,20,56,not_applicable,0,4,1
TXN_5131,CUST_1252,14581.0,UPI,card_expired,154254.32,25,3,0.13,14,7,not_applicable,1,4,1
TXN_5132,CUST_1545,40965.52,Wallet,card_expired,25855.88,9,5,0.98,10,39,active,1,3,1
TXN_5133,CUST_2807,46842.3,UPI,insufficient_funds,99710.93,10,3,0.25,11,41,not_applicable,0,1,1
TXN_5134,CUST_2878,21054.7,NetBanking,authentication_failed,41983.78,23,1,0.42,21,15,not_applicable,0,4,0
TXN_5135,CUST_2661,3638.57,Card,authentication_failed,67350.18,20,3,0.02,16,41,active,0,4,1
TXN_5136,CUST_1574,32070.49,Wallet,network_error,13471.75,18,8,0.96,5,43,not_applicable,1,2,1
TXN_5137,CUST_1448,29539.04,Wallet,insufficient_funds,155497.12,11,6,0.79,9,12,inactive,0,1,1
TXN_5138,CUST_2522,45330.12,UPI,network_error,183771.88,24,0,0.56,12,52,inactive,1,0,1
TXN_5139,CUST_2320,2338.89,Wallet,card_expired,112828.87,24,3,0.41,2,12,not_applicable,0,3,1
TXN_5140,CUST_2427,20253.79,UPI,insufficient_funds,137032.59,30,5,0.1,10,28,active,0,3,0
TXN_5141,CUST_1420,7071.54,UPI,card_expired,10059.57,8,0,0.54,7,62,inactive,0,3,0
TXN_5142,CUST_1017,30559.52,Card,network_error,115416.02,18,3,0.68,0,53,active,0,0,1
TXN_5143,CUST_2835,18161.51,UPI,bank_declined,63539.75,29,5,0.71,16,16,active,1,1,1
TXN_5144,CUST_2651,749.96,UPI,network_error,119643.09,5,4,0.94,14,88,inactive,0,2,1
TXN_5145,CUST_1883,39167.79,NetBanking,network_error,134885.35,7,2,0.5,11,41,active,1,2,0
TXN_5146,CUST_2709,41222.8,Card,authentication_failed,45721.6,21,0,0.34,10,28,inactive,1,4,0
TXN_5147,CUST_2301,22663.43,UPI,card_expired,177127.85,0,7,0.35,5,4,not_applicable,1,3,0
TXN_5148,CUST_2123,43032.33,UPI,card_expired,103559.49,10,5,0.54,0,68,active,1,4,1
TXN_5149,CUST_2760,24577.28,NetBanking,bank_declined,136629.95,10,6,0.09,10,90,inactive,0,3,0
TXN_5150,CUST_1539,20278.37,NetBanking,card_expired,99472.97,1,5,0.97,8,7,not_applicable,1,0,1
TXN_5151,CUST_2994,42574.73,NetBanking,customer_abandoned,63804.17,21,5,0.96,13,61,inactive,0,4,1
TXN_5152,CUST_2611,19707.71,Card,insufficient_funds,140633.31,3,6,0.02,20,63,inactive,0,0,0
TXN_5153,CUST_2893,41501.32,UPI,insufficient_funds,129469.15,7,4,0.36,20,10,inactive,0,2,1
TXN_5154,CUST_2510,45266.59,UPI,network_error,126684.04,20,7,0.4,0,73,active,1,2,1
TXN_5155,CUST_2952,14757.97,Wallet,bank_declined,195689.71,9,8,0.44,8,0,active,0,0,0
TXN_5156,CUST_2821,24980.04,NetBanking,insufficient_funds,176936.7,0,4,0.6,22,52,inactive,1,2,1
TXN_5157,CUST_2276,19531.74,Wallet,network_error,6788.44,16,3,0.93,9,68,inactive,1,1,0
TXN_5158,CUST_1739,47462.74,Wallet,insufficient_funds,188793.73,9,8,0.82,18,77,active,1,3,1
TXN_5159,CUST_1870,42241.04,Card,bank_declined,120508.7,14,6,0.13,1,10,active,0,3,0
TXN_5160,CUST_2233,48567.62,NetBanking,customer_abandoned,70876.42,2,1,0.87,16,14,active,0,3,0
TXN_5161,CUST_1722,16775.77,Card,customer_abandoned,70839.71,21,5,0.05,1,71,not_applicable,0,2,0
TXN_5162,CUST_2159,9738.94,NetBanking,authentication_failed,167725.3,0,4,0.06,7,13,inactive,0,3,0
TXN_5163,CUST_2777,607.73,UPI,network_error,139429.92,8,1,0.62,20,55,not_applicable,1,3,1
TXN_5164,CUST_2944,18781.7,Wallet,customer_abandoned,42445.3,21,6,0.72,6,12,not_applicable,0,1,0
TXN_5165,CUST_2591,7016.21,Card,customer_abandoned,97879.06,7,1,0.25,18,58,inactive,1,0,0
TXN_5166,CUST_1332,36742.83,NetBanking,bank_declined,108081.29,30,6,0.22,3,52,not_applicable,1,2,0
TXN_5167,CUST_1569,48336.02,Wallet,authentication_failed,169887.23,13,4,0.88,11,82,not_applicable,0,2,1
TXN_5168,CUST_2399,31227.98,NetBanking,insufficient_funds,75976.78,30,8,0.08,7,23,not_applicable,0,0,0
TXN_5169,CUST_2753,29739.64,Card,network_error,58141.71,20,2,0.85,8,87,not_applicable,1,3,1
TXN_5170,CUST_2911,18419.74,Card,authentication_failed,25855.88,14,5,0.4,18,11,not_applicable,1,2,0
TXN_5171,CUST_2989,13700.21,NetBanking,insufficient_funds,80746.32,28,0,0.48,18,84,inactive,1,2,1
TXN_5172,CUST_2742,13822.06,NetBanking,network_error,105085.23,7,2,0.51,20,37,not_applicable,1,4,0
TXN_5173,CUST_1037,41527.0,Wallet,card_expired,109582.58,15,6,0.33,21,81,not_applicable,1,3,1
TXN_5174,CUST_2644,42271.11,NetBanking,authentication_failed,196534.97,15,3,0.69,14,67,active,1,1,1
TXN_5175,CUST_1561,14114.95,Card,bank_declined,133000.25,3,1,0.98,17,58,active,1,1,1
TXN_5176,CUST_2734,44092.59,Wallet,bank_declined,66491.58,14,6,0.41,14,55,inactive,1,0,1
TXN_5177,CUST_2417,37867.65,UPI,authentication_failed,196300.65,3,3,0.77,11,20,inactive,1,1,0
TXN_5178,CUST_1701,26600.29,Card,insufficient_funds,180202.58,14,6,0.55,18,63,active,1,3,0
TXN_5179,CUST_2540,21837.43,Wallet,bank_declined,103746.88,18,1,0.1,0,80,inactive,1,1,0
TXN_5180,CUST_2631,5556.76,Wallet,network_error,81578.62,1,4,0.8,8,57,inactive,1,0,1
TXN_5181,CUST_1556,42116.57,UPI,bank_declined,69034.38,25,7,0.96,14,7,active,1,0,1
TXN_5182,CUST_2427,2009.38,UPI,bank_declined,174612.88,11,4,0.75,8,79,inactive,0,4,1
TXN_5183,CUST_2417,49238.61,NetBanking,network_error,100953.75,25,5,0.95,4,47,inactive,0,3,1
TXN_5184,CUST_1529,23646.54,NetBanking,customer_abandoned,90378.57,17,4,0.33,11,43,not_applicable,1,3,0
TXN_5185,CUST_1799,22682.48,Wallet,card_expired,8312.63,7,5,0.26,22,34,active,0,2,0
TXN_5186,CUST_1054,43385.04,NetBanking,card_expired,120175.13,24,0,0.76,21,57,active,1,3,0
TXN_5187,CUST_1267,32237.56,Card,network_error,196539.39,12,5,0.31,21,64,not_applicable,1,0,1
TXN_5188,CUST_2938,20225.16,NetBanking,card_expired,94689.08,23,6,0.9,12,2,active,1,3,1
TXN_5189,CUST_2660,14679.83,UPI,customer_abandoned,148784.22,5,7,0.51,13,87,inactive,1,4,0
TXN_5190,CUST_1353,28883.31,NetBanking,card_expired,182367.51,22,5,0.84,1,7,inactive,1,0,0
TXN_5191,CUST_1885,18916.45,NetBanking,card_expired,18308.77,15,7,0.47,14,87,not_applicable,1,1,1
TXN_5192,CUST_1569,18077.66,Wallet,insufficient_funds,47853.92,13,4,0.93,18,8,not_applicable,0,3,0
TXN_5193,CUST_1395,31949.95,Wallet,authentication_failed,28219.89,10,0,0.14,21,60,active,1,4,0
TXN_5194,CUST_1360,30853.2,NetBanking,insufficient_funds,23997.0,3,6,0.84,19,9,inactive,1,4,1
TXN_5195,CUST_1975,18380.77,UPI,network_error,91280.3,19,8,0.71,4,26,active,1,0,0
TXN_5196,CUST_1043,44715.28,UPI,card_expired,12460.77,6,4,0.17,23,74,active,0,1,1
TXN_5197,CUST_2939,34475.77,Wallet,bank_declined,27510.5,7,2,0.5,13,73,not_applicable,0,2,1
TXN_5198,CUST_2276,11017.16,NetBanking,insufficient_funds,174386.24,17,0,0.05,2,89,inactive,1,4,1
TXN_5199,CUST_2255,30829.36,UPI,insufficient_funds,63724.67,20,2,0.72,18,38,inactive,1,0,1
TXN_5200,CUST_1506,46701.56,UPI,insufficient_funds,74187.16,17,2,0.69,17,59,not_applicable,0,2,1
TXN_5201,CUST_1890,26307.78,NetBanking,authentication_failed,178192.88,11,1,0.0,2,83,active,0,1,1
TXN_5202,CUST_2692,26960.03,Card,authentication_failed,36480.36,26,0,0.91,11,77,inactive,1,3,1
TXN_5203,CUST_2323,23946.36,NetBanking,card_expired,163125.65,6,4,0.45,6,71,not_applicable,0,3,0
TXN_5204,CUST_1731,237.27,NetBanking,card_expired,73774.41,16,8,0.14,9,49,active,1,3,0
TXN_5205,CUST_1494,24003.45,NetBanking,customer_abandoned,61049.75,17,5,0.47,1,31,active,0,3,0
TXN_5206,CUST_1972,46261.82,Card,customer_abandoned,11740.55,25,1,0.87,14,73,active,0,3,1
TXN_5207,CUST_1324,30985.43,NetBanking,insufficient_funds,61218.52,30,5,0.97,11,25,active,1,3,1
TXN_5208,CUST_2264,29485.01,Card,bank_declined,198689.92,27,4,0.88,21,89,not_applicable,0,3,1
TXN_5209,CUST_1294,49519.69,Wallet,authentication_failed,140572.6,22,7,0.21,22,62,not_applicable,0,4,0
TXN_5210,CUST_2801,16791.22,NetBanking,authentication_failed,69458.73,2,2,0.76,16,55,inactive,0,4,0
TXN_5211,CUST_1998,2000.83,Wallet,bank_declined,175612.25,15,8,0.3,12,78,active,0,2,0
TXN_5212,CUST_1036,47714.12,Wallet,network_error,188165.61,22,2,0.81,19,48,not_applicable,1,2,1
TXN_5213,CUST_1374,26678.37,NetBanking,insufficient_funds,45636.22,23,5,0.26,15,28,active,0,1,0
TXN_5214,CUST_1037,2137.59,NetBanking,insufficient_funds,193922.25,8,1,0.92,22,1,inactive,0,4,0
TXN_5215,CUST_1141,25819.58,Card,authentication_failed,93757.76,24,4,0.88,7,88,active,1,0,1
TXN_5216,CUST_2896,13977.75,Card,network_error,89921.41,11,7,0.43,16,12,inactive,1,1,0
TXN_5217,CUST_2639,8848.01,NetBanking,bank_declined,18825.69,0,1,0.88,18,26,inactive,0,0,0
TXN_5218,CUST_2355,43599.78,UPI,insufficient_funds,102684.41,28,1,0.66,23,41,not_applicable,1,2,1
TXN_5219,CUST_1810,3565.45,Wallet,card_expired,119571.14,30,1,0.01,7,61,active,0,0,1
TXN_5220,CUST_2360,46621.4,Wallet,bank_declined,61505.01,18,3,0.94,2,57,inactive,1,0,1
TXN_5221,CUST_2642,15796.66,Wallet,card_expired,126053.09,0,2,0.76,3,90,not_applicable,1,1,1
TXN_5222,CUST_1928,44117.57,Card,card_expired,9007.84,26,7,0.92,20,84,active,0,0,1
TXN_5223,CUST_1200,44223.51,NetBanking,authentication_failed,80771.77,5,6,0.83,5,9,not_applicable,0,1,1
TXN_5224,CUST_2944,8879.49,NetBanking,insufficient_funds,183691.47,0,6,0.25,2,26,not_applicable,1,2,0
TXN_5225,CUST_1552,40727.53,Wallet,network_error,22068.78,1,2,0.22,20,40,active,1,1,1
TXN_5226,CUST_1699,41540.8,UPI,bank_declined,30349.31,26,7,0.55,2,8,not_applicable,0,0,1
TXN_5227,CUST_2959,43043.7,NetBanking,bank_declined,187177.55,1,1,0.78,10,31,active,0,4,1
TXN_5228,CUST_2932,21737.64,NetBanking,authentication_failed,23309.92,30,6,0.71,1,19,inactive,1,4,1
TXN_5229,CUST_2598,36864.35,Card,customer_abandoned,4325.51,27,4,0.5,15,62,not_applicable,1,3,0
TXN_5230,CUST_1101,34514.74,NetBanking,bank_declined,144225.44,29,8,0.56,10,48,active,1,3,0
TXN_5231,CUST_1716,47115.81,UPI,bank_declined,139636.63,5,2,0.24,9,51,inactive,0,3,0
TXN_5232,CUST_2209,46104.19,NetBanking,customer_abandoned,177609.55,23,8,0.41,13,14,not_applicable,1,2,0
TXN_5233,CUST_2746,2520.02,NetBanking,insufficient_funds,57499.74,23,8,0.63,5,63,inactive,0,0,1
TXN_5234,CUST_1614,31728.01,UPI,network_error,143739.31,1,5,0.02,17,2,active,1,2,1
TXN_5235,CUST_1725,18038.22,Wallet,insufficient_funds,31817.14,17,2,0.08,12,62,not_applicable,1,2,1
TXN_5236,CUST_2817,40785.29,UPI,bank_declined,150772.7,8,4,0.82,2,38,inactive,0,4,1
TXN_5237,CUST_2992,36793.73,NetBanking,card_expired,55083.98,23,6,0.99,15,80,active,0,2,1
TXN_5238,CUST_2736,10803.24,UPI,insufficient_funds,58495.44,10,1,0.98,7,56,not_applicable,1,1,0
TXN_5239,CUST_1841,39765.2,NetBanking,authentication_failed,126182.46,30,7,0.52,1,37,active,1,0,1
TXN_5240,CUST_1841,34811.58,UPI,bank_declined,189001.3,4,0,0.32,14,48,not_applicable,0,3,0
TXN_5241,CUST_2338,42750.76,UPI,insufficient_funds,30821.13,13,8,0.95,2,33,active,1,2,1
TXN_5242,CUST_2181,46328.05,Wallet,card_expired,68021.76,21,3,0.72,19,83,inactive,1,3,0
TXN_5243,CUST_2509,31377.5,UPI,customer_abandoned,101370.13,1,5,0.97,8,15,inactive,0,2,1
TXN_5244,CUST_1077,12640.82,UPI,network_error,182025.71,13,0,0.29,2,88,inactive,1,0,1
TXN_5245,CUST_2454,5195.97,UPI,insufficient_funds,180093.34,28,7,0.29,15,70,inactive,0,4,0
TXN_5246,CUST_1581,46021.1,NetBanking,bank_declined,161299.85,14,6,0.14,3,67,not_applicable,1,3,1
TXN_5247,CUST_1987,45660.35,UPI,network_error,16623.73,13,7,0.83,4,88,active,0,1,1
TXN_5248,CUST_2133,33492.95,Card,bank_declined,99078.01,18,1,0.7,8,26,active,0,0,1
TXN_5249,CUST_1742,38159.07,Card,network_error,7635.4,30,2,0.46,23,46,not_applicable,1,4,1
TXN_5250,CUST_1454,41196.36,Card,network_error,63418.52,30,7,0.45,8,88,active,0,1,1
TXN_5251,CUST_2406,38647.85,UPI,bank_declined,96747.73,18,4,0.79,9,88,inactive,1,4,1
TXN_5252,CUST_2504,9660.54,UPI,insufficient_funds,110755.32,5,2,0.95,10,51,active,0,4,1
TXN_5253,CUST_1442,2249.9,Wallet,insufficient_funds,32153.58,23,0,0.64,17,69,active,0,2,1
TXN_5254,CUST_2005,41295.06,UPI,insufficient_funds,15314.7,27,6,0.2,20,21,not_applicable,0,3,0
TXN_5255,CUST_2471,31373.83,Card,network_error,137349.37,1,3,0.12,11,43,not_applicable,1,4,1
TXN_5256,CUST_1216,17118.1,NetBanking,insufficient_funds,142920.58,12,7,0.52,12,9,inactive,1,1,0
TXN_5257,CUST_2172,42326.79,Wallet,bank_declined,163829.37,17,6,0.4,23,24,inactive,0,1,1
TXN_5258,CUST_2598,12965.5,NetBanking,card_expired,138280.47,27,6,0.31,16,62,active,0,0,1
TXN_5259,CUST_2267,10947.52,Card,card_expired,3945.88,10,4,0.27,11,5,not_applicable,0,3,0
TXN_5260,CUST_2258,25463.49,NetBanking,insufficient_funds,41536.96,19,7,0.76,17,59,active,1,0,1
TXN_5261,CUST_2673,35377.71,Card,customer_abandoned,116115.71,28,4,0.99,3,7,active,0,3,0
TXN_5262,CUST_1797,43489.35,NetBanking,authentication_failed,152236.69,9,8,0.39,9,30,not_applicable,0,0,0
TXN_5263,CUST_2549,47838.11,UPI,bank_declined,5652.14,13,0,0.54,7,89,inactive,1,0,1
TXN_5264,CUST_2451,27938.03,Wallet,insufficient_funds,93822.97,12,4,0.58,18,87,active,1,2,1
TXN_5265,CUST_2277,48009.34,UPI,bank_declined,110885.04,9,7,0.85,19,6,not_applicable,1,4,0
TXN_5266,CUST_2682,21961.22,Card,insufficient_funds,94612.28,8,7,0.28,0,16,inactive,0,1,0
TXN_5267,CUST_2738,29965.8,Wallet,network_error,116457.36,8,5,0.64,3,24,active,0,2,1
TXN_5268,CUST_2886,15859.99,UPI,insufficient_funds,122711.96,28,8,0.13,10,62,inactive,1,3,0
TXN_5269,CUST_1429,2202.17,UPI,authentication_failed,15449.56,9,2,0.24,15,39,active,1,1,0
TXN_5270,CUST_2045,12345.99,Card,authentication_failed,131340.29,10,0,0.06,14,20,inactive,1,1,0
TXN_5271,CUST_1376,45664.13,UPI,bank_declined,158465.68,22,2,0.31,17,46,active,1,2,0
TXN_5272,CUST_2839,16549.36,UPI,insufficient_funds,15430.58,6,5,0.99,5,32,inactive,0,0,1
TXN_5273,CUST_2640,23350.05,Wallet,authentication_failed,133608.93,16,7,0.67,21,44,active,1,0,0
TXN_5274,CUST_1426,10082.43,UPI,authentication_failed,94446.56,20,4,0.91,2,65,active,1,0,1
TXN_5275,CUST_2682,39147.03,NetBanking,insufficient_funds,12447.83,4,0,0.48,22,0,inactive,1,0,1
TXN_5276,CUST_1562,34369.29,NetBanking,insufficient_funds,12637.37,10,6,0.42,18,77,active,0,1,1
TXN_5277,CUST_1968,3395.67,Wallet,customer_abandoned,27883.82,19,2,0.66,12,71,not_applicable,1,3,0
TXN_5278,CUST_1463,8175.25,Wallet,authentication_failed,107512.63,6,0,0.91,18,19,not_applicable,1,1,0
TXN_5279,CUST_2742,32167.43,Card,authentication_failed,15656.44,1,6,0.01,1,46,inactive,0,3,0
TXN_5280,CUST_2661,21203.04,UPI,network_error,160666.46,2,2,0.28,9,15,active,1,1,1
TXN_5281,CUST_2248,20616.72,NetBanking,authentication_failed,47632.03,2,2,0.51,20,40,not_applicable,0,4,0
TXN_5282,CUST_1454,41641.37,Wallet,network_error,169457.39,18,4,0.34,6,55,inactive,0,3,0
TXN_5283,CUST_1716,10687.7,Card,insufficient_funds,147946.6,21,4,0.95,23,40,not_applicable,1,2,1
TXN_5284,CUST_2950,22074.16,Wallet,authentication_failed,129906.43,24,1,0.7,11,4,not_applicable,1,0,1
TXN_5285,CUST_2876,48611.95,NetBanking,network_error,123437.81,22,3,0.16,20,13,not_applicable,1,4,1
TXN_5286,CUST_2127,39184.88,Wallet,network_error,16861.24,24,3,0.14,7,86,active,0,1,1
TXN_5287,CUST_1016,30214.92,NetBanking,card_expired,137690.54,25,3,0.39,7,28,not_applicable,0,0,0
TXN_5288,CUST_2354,48720.49,Wallet,insufficient_funds,54947.89,24,2,0.7,10,3,not_applicable,0,3,0
TXN_5289,CUST_1033,34345.71,NetBanking,insufficient_funds,136540.79,0,4,0.22,7,69,inactive,1,3,0
TXN_5290,CUST_2054,28169.89,NetBanking,network_error,140325.78,1,7,1.0,20,19,inactive,0,1,1
TXN_5291,CUST_1950,3355.11,NetBanking,network_error,16512.06,23,8,0.74,19,53,inactive,0,3,1
TXN_5292,CUST_2031,31160.35,UPI,bank_declined,65609.11,6,7,0.46,6,67,active,0,1,0
TXN_5293,CUST_1388,43318.72,UPI,authentication_failed,117643.91,14,0,0.94,2,77,not_applicable,0,2,1
TXN_5294,CUST_1950,6283.01,Wallet,insufficient_funds,35003.22,20,7,0.99,11,12,not_applicable,1,1,0
TXN_5295,CUST_1213,2559.01,UPI,authentication_failed,141052.42,16,6,0.41,6,51,inactive,0,4,0
TXN_5296,CUST_2328,7787.63,UPI,network_error,168140.89,17,6,0.06,0,1,inactive,1,4,0
TXN_5297,CUST_2394,15388.51,UPI,card_expired,33020.15,15,0,0.51,9,20,inactive,0,4,0
TXN_5298,CUST_2376,15118.68,NetBanking,network_error,186792.26,10,8,0.31,0,54,not_applicable,0,3,0
TXN_5299,CUST_2222,23710.94,Card,card_expired,112776.98,20,4,0.81,3,85,not_applicable,1,4,0
TXN_5300,CUST_1906,43600.14,UPI,card_expired,151752.32,3,0,0.72,17,7,not_applicable,0,2,1
TXN_5301,CUST_2144,1179.87,UPI,authentication_failed,119208.53,17,5,0.86,23,33,inactive,1,4,0
TXN_5302,CUST_2174,10740.42,UPI,bank_declined,19013.46,28,8,0.7,7,24,inactive,1,2,0
TXN_5303,CUST_2104,8709.33,Wallet,customer_abandoned,6609.87,14,2,0.41,12,7,active,0,1,1
TXN_5304,CUST_1143,35329.52,UPI,network_error,162179.06,22,6,0.61,23,53,inactive,0,2,1
TXN_5305,CUST_2888,34160.83,Wallet,customer_abandoned,196851.15,21,4,0.91,7,81,active,1,4,0
TXN_5306,CUST_1017,15178.29,Card,network_error,150406.85,16,2,0.85,20,42,not_applicable,0,3,1
TXN_5307,CUST_1218,12603.03,Card,network_error,190812.96,23,8,0.45,16,63,active,1,0,1
TXN_5308,CUST_1683,5577.92,NetBanking,network_error,129856.28,17,1,0.44,7,80,not_applicable,1,1,1
TXN_5309,CUST_2463,37044.19,UPI,bank_declined,160065.71,26,2,0.73,3,61,not_applicable,1,3,1
TXN_5310,CUST_1281,34519.8,NetBanking,network_error,3133.84,19,4,0.31,23,32,active,0,0,1
TXN_5311,CUST_2017,41778.82,Card,network_error,78688.48,7,0,0.01,11,83,not_applicable,1,3,0
TXN_5312,CUST_1890,24996.31,Card,insufficient_funds,189851.95,16,4,0.94,0,56,not_applicable,1,3,1
TXN_5313,CUST_1518,9338.81,UPI,insufficient_funds,33512.91,10,7,0.79,14,37,inactive,1,1,1
TXN_5314,CUST_1239,6446.14,Wallet,authentication_failed,108053.97,21,5,0.25,13,43,not_applicable,0,2,0
TXN_5315,CUST_2849,18057.91,NetBanking,customer_abandoned,55567.31,27,4,0.51,4,33,inactive,1,3,1
TXN_5316,CUST_1930,6302.8,Card,authentication_failed,75172.61,5,0,0.93,14,20,active,1,3,1
TXN_5317,CUST_2261,19774.12,NetBanking,insufficient_funds,140091.7,13,0,0.09,3,40,inactive,0,1,0
TXN_5318,CUST_2058,48645.6,Card,network_error,107960.14,22,3,0.5,17,52,not_applicable,0,1,1
TXN_5319,CUST_2261,31726.03,Card,card_expired,118497.02,26,8,0.65,21,77,not_applicable,1,1,0
TXN_5320,CUST_1317,27481.3,NetBanking,customer_abandoned,119392.03,28,4,0.21,13,83,not_applicable,1,1,1
TXN_5321,CUST_2153,13883.29,Wallet,network_error,142632.6,2,0,0.61,7,46,inactive,1,3,1
TXN_5322,CUST_1550,14853.36,UPI,authentication_failed,182501.54,29,4,0.74,6,62,not_applicable,0,2,1
TXN_5323,CUST_2704,4853.58,Card,network_error,52139.75,4,7,0.96,7,80,inactive,0,3,0
TXN_5324,CUST_1064,16562.06,UPI,customer_abandoned,38728.2,2,2,0.81,13,52,inactive,1,0,1
TXN_5325,CUST_2199,16579.89,Wallet,insufficient_funds,83455.27,9,0,0.43,18,10,active,0,4,0
TXN_5326,CUST_1217,25236.81,Wallet,network_error,163088.06,11,5,0.82,9,43,inactive,0,0,0
TXN_5327,CUST_1111,5146.13,UPI,network_error,160136.08,28,8,0.12,8,51,active,1,2,1
TXN_5328,CUST_2765,47398.35,Card,insufficient_funds,164060.17,29,5,0.55,5,16,inactive,1,1,1
TXN_5329,CUST_1115,49469.3,Wallet,card_expired,122517.77,5,1,0.61,13,50,inactive,1,4,0
TXN_5330,CUST_2815,11683.73,UPI,insufficient_funds,34257.85,23,7,0.76,1,80,not_applicable,1,0,1
TXN_5331,CUST_2770,6840.01,UPI,network_error,63660.67,2,3,0.36,21,32,active,0,2,0
TXN_5332,CUST_1068,34928.19,UPI,network_error,106640.41,8,2,0.97,4,58,inactive,1,1,0
TXN_5333,CUST_1635,25648.84,NetBanking,customer_abandoned,181230.25,13,5,0.4,4,55,not_applicable,1,0,0
TXN_5334,CUST_2735,11710.64,NetBanking,card_expired,132800.79,9,7,0.5,15,86,inactive,0,0,0
TXN_5335,CUST_1842,34335.19,UPI,card_expired,5442.25,16,5,0.05,22,73,inactive,0,4,0
TXN_5336,CUST_2100,9632.67,Wallet,bank_declined,126874.22,11,8,0.55,15,40,not_applicable,0,0,1
TXN_5337,CUST_1533,15192.52,UPI,customer_abandoned,128328.86,11,5,0.83,5,67,not_applicable,0,1,0
TXN_5338,CUST_1101,41938.37,UPI,network_error,111942.25,29,4,0.19,23,29,active,0,1,1
TXN_5339,CUST_2235,46888.92,Wallet,network_error,43161.44,22,4,0.26,9,82,inactive,0,1,1
TXN_5340,CUST_2588,36862.41,Card,authentication_failed,81905.74,22,4,0.06,11,86,inactive,1,3,1
TXN_5341,CUST_2419,27927.83,NetBanking,customer_abandoned,66887.76,1,4,0.34,15,58,active,1,3,0
TXN_5342,CUST_2473,22828.46,NetBanking,authentication_failed,68071.3,15,2,0.55,23,65,active,1,0,0
TXN_5343,CUST_2152,33755.62,UPI,network_error,59596.92,14,1,0.53,0,4,not_applicable,1,4,0
TXN_5344,CUST_1597,3503.49,NetBanking,card_expired,16581.16,19,8,0.56,5,74,not_applicable,0,0,1
TXN_5345,CUST_1776,10649.51,NetBanking,card_expired,149298.81,3,2,0.65,16,16,inactive,1,4,1
TXN_5346,CUST_1714,8530.81,Wallet,insufficient_funds,150523.48,30,2,0.08,9,66,not_applicable,0,0,1
TXN_5347,CUST_1701,27639.57,NetBanking,network_error,78288.62,18,1,0.84,11,67,not_applicable,1,1,1
TXN_5348,CUST_1541,26056.95,NetBanking,network_error,44213.56,11,1,0.74,20,18,active,1,1,1
TXN_5349,CUST_2882,41594.58,NetBanking,bank_declined,167780.35,1,7,0.83,22,3,not_applicable,0,3,0
TXN_5350,CUST_2747,31557.29,Card,insufficient_funds,3859.1,30,3,0.85,18,42,not_applicable,1,1,1
TXN_5351,CUST_1660,26604.57,Wallet,authentication_failed,146387.7,23,4,0.09,10,79,active,1,1,1
TXN_5352,CUST_2415,14634.7,UPI,card_expired,194551.27,16,2,0.86,2,81,active,0,1,1
TXN_5353,CUST_1805,46694.01,NetBanking,customer_abandoned,70021.82,4,1,0.9,21,65,active,1,2,1
TXN_5354,CUST_1537,36666.56,Wallet,authentication_failed,147546.97,16,3,0.02,14,81,inactive,0,3,0
TXN_5355,CUST_1119,1069.69,NetBanking,insufficient_funds,199421.31,14,0,0.12,19,47,not_applicable,0,3,0
TXN_5356,CUST_2910,39548.76,Card,network_error,41051.46,21,3,0.49,5,56,inactive,0,2,1
TXN_5357,CUST_2461,8094.22,Card,card_expired,155932.54,13,5,0.3,14,19,active,1,4,0
TXN_5358,CUST_2075,27958.61,UPI,bank_declined,82652.41,23,7,0.92,1,61,not_applicable,0,3,1
TXN_5359,CUST_2237,24219.2,Wallet,network_error,72493.49,21,5,0.33,5,89,not_applicable,0,4,0
TXN_5360,CUST_2206,27272.94,Wallet,card_expired,161190.74,12,1,0.31,16,38,inactive,1,2,1
TXN_5361,CUST_1220,23826.64,Card,authentication_failed,14737.85,29,5,0.7,14,72,active,0,3,0
TXN_5362,CUST_2655,24869.1,Card,customer_abandoned,60788.63,19,0,0.9,3,53,inactive,0,2,1
TXN_5363,CUST_2235,43504.22,NetBanking,card_expired,75964.34,15,4,0.88,14,69,not_applicable,1,0,0
TXN_5364,CUST_1739,5298.12,NetBanking,customer_abandoned,166475.72,7,3,0.68,6,9,not_applicable,1,4,0
TXN_5365,CUST_2926,6771.76,Card,insufficient_funds,127489.98,25,3,0.66,20,38,inactive,1,3,1
TXN_5366,CUST_2801,36040.25,UPI,authentication_failed,132244.47,26,6,0.77,23,12,inactive,1,2,1
TXN_5367,CUST_2291,13113.49,UPI,card_expired,182562.95,3,0,0.02,0,5,active,1,4,0
TXN_5368,CUST_1868,36470.63,NetBanking,customer_abandoned,86004.05,19,5,0.02,16,85,inactive,0,0,0
TXN_5369,CUST_1718,32467.0,UPI,customer_abandoned,193008.06,4,5,0.55,7,65,not_applicable,0,3,0
TXN_5370,CUST_1395,15984.43,UPI,authentication_failed,52081.44,22,0,0.02,10,27,inactive,1,4,0
TXN_5371,CUST_1426,22510.61,Card,customer_abandoned,40392.01,17,7,0.09,20,73,not_applicable,0,3,0
TXN_5372,CUST_1587,44741.55,Wallet,card_expired,187417.64,5,6,0.62,16,86,not_applicable,1,2,0
TXN_5373,CUST_1398,37069.05,UPI,insufficient_funds,22908.97,23,5,0.67,5,85,inactive,0,4,1
TXN_5374,CUST_2007,36320.65,Card,customer_abandoned,190424.88,0,7,0.74,10,57,not_applicable,0,0,1
TXN_5375,CUST_1635,13160.98,NetBanking,bank_declined,185028.97,20,4,0.18,3,75,not_applicable,1,2,0
TXN_5376,CUST_1646,15701.86,Wallet,card_expired,26902.56,20,4,0.83,21,25,not_applicable,1,0,1
TXN_5377,CUST_2978,41621.21,Card,network_error,53200.06,14,1,0.88,11,57,active,1,4,1
TXN_5378,CUST_1678,33342.55,UPI,customer_abandoned,73698.59,14,0,0.06,10,86,active,0,2,0
TXN_5379,CUST_1181,8628.1,UPI,insufficient_funds,75079.47,30,3,0.6,2,83,not_applicable,1,3,0
TXN_5380,CUST_1267,10013.17,UPI,network_error,28982.66,11,1,0.12,8,35,not_applicable,1,3,0
TXN_5381,CUST_1879,1674.82,UPI,authentication_failed,195425.84,13,6,0.2,23,58,not_applicable,1,0,0
TXN_5382,CUST_2983,28890.89,UPI,customer_abandoned,16917.21,10,0,0.6,22,34,active,1,0,0
TXN_5383,CUST_2574,2490.11,UPI,insufficient_funds,160173.85,5,6,0.39,20,47,inactive,1,3,0
TXN_5384,CUST_2422,8887.21,NetBanking,network_error,183834.14,11,6,0.11,20,50,inactive,1,1,0
TXN_5385,CUST_2485,27257.81,Card,authentication_failed,8772.18,20,7,0.46,15,38,active,0,2,1
TXN_5386,CUST_1005,36337.52,Wallet,authentication_failed,98267.7,10,0,0.86,23,19,active,0,0,1
TXN_5387,CUST_2253,45506.06,NetBanking,network_error,169441.8,24,2,0.71,3,39,not_applicable,1,0,1
TXN_5388,CUST_2769,27236.39,Wallet,insufficient_funds,135357.32,26,6,0.56,10,28,inactive,0,0,0
TXN_5389,CUST_1659,28486.15,Card,bank_declined,52235.6,5,8,0.44,19,0,inactive,0,3,0
TXN_5390,CUST_1305,6232.1,Card,insufficient_funds,65050.51,29,6,0.85,3,45,active,1,0,1
TXN_5391,CUST_2758,37425.38,UPI,network_error,35864.37,12,1,0.42,12,77,active,0,3,1
TXN_5392,CUST_2735,7017.19,Wallet,insufficient_funds,123869.84,10,0,0.61,8,15,active,1,4,1
TXN_5393,CUST_2310,23773.72,Wallet,network_error,172797.93,19,6,0.17,21,25,active,1,3,0
TXN_5394,CUST_1907,32634.56,UPI,authentication_failed,11646.14,29,6,0.98,21,6,not_applicable,1,2,1
TXN_5395,CUST_2261,23572.78,Wallet,insufficient_funds,86568.52,27,2,0.57,4,77,not_applicable,0,0,1
TXN_5396,CUST_2050,46507.95,Wallet,authentication_failed,125502.77,16,4,0.18,22,60,inactive,0,2,1
TXN_5397,CUST_2592,6749.5,Card,network_error,4492.99,11,6,0.63,16,50,not_applicable,1,1,0
TXN_5398,CUST_1915,29226.46,NetBanking,authentication_failed,37513.16,5,3,0.6,0,4,not_applicable,1,0,0
TXN_5399,CUST_2841,30500.99,NetBanking,bank_declined,111249.39,15,5,0.66,18,45,active,0,1,0
TXN_5400,CUST_2744,42532.87,Card,network_error,196150.18,14,2,0.98,23,84,active,0,2,1
TXN_5401,CUST_1782,47825.34,Wallet,customer_abandoned,173589.49,16,1,0.73,8,2,not_applicable,0,4,0
TXN_5402,CUST_1373,2547.59,NetBanking,network_error,167682.31,9,1,0.49,20,30,inactive,0,3,1
TXN_5403,CUST_2622,15714.62,NetBanking,insufficient_funds,80132.32,18,4,0.7,21,81,active,0,0,0
TXN_5404,CUST_1765,4479.3,Wallet,customer_abandoned,172434.15,7,7,0.79,17,10,active,0,4,0
TXN_5405,CUST_1128,17825.31,NetBanking,insufficient_funds,10245.83,16,1,0.02,22,30,inactive,0,0,1
TXN_5406,CUST_1564,4867.43,Wallet,authentication_failed,39606.36,1,4,0.85,13,39,inactive,1,0,1
TXN_5407,CUST_2576,31718.26,NetBanking,customer_abandoned,38308.39,25,8,0.83,2,42,active,0,4,1
TXN_5408,CUST_1522,26214.05,Card,network_error,182599.0,17,1,0.84,22,80,active,0,3,1
TXN_5409,CUST_2617,36730.39,UPI,insufficient_funds,21973.3,19,8,0.27,13,86,active,1,4,0
TXN_5410,CUST_1148,533.19,NetBanking,bank_declined,32503.6,27,1,0.88,13,81,inactive,1,0,1
TXN_5411,CUST_1210,48510.68,Wallet,network_error,119860.91,21,2,0.24,19,35,active,0,3,1
TXN_5412,CUST_2819,11032.83,Wallet,insufficient_funds,196810.74,17,0,0.85,10,66,not_applicable,1,4,1
TXN_5413,CUST_1314,47394.02,NetBanking,customer_abandoned,144491.96,0,4,0.08,19,82,inactive,1,4,0
TXN_5414,CUST_2996,32381.64,NetBanking,customer_abandoned,44538.96,15,2,0.76,9,0,active,0,0,1
TXN_5415,CUST_1404,24523.31,UPI,bank_declined,2974.72,2,8,0.97,13,11,inactive,1,4,1
TXN_5416,CUST_2143,8026.72,Wallet,card_expired,68993.13,24,2,0.16,21,39,not_applicable,1,3,1
TXN_5417,CUST_1858,3038.93,NetBanking,customer_abandoned,168240.92,30,1,0.94,19,34,not_applicable,1,4,1
TXN_5418,CUST_2909,10726.98,Card,card_expired,72657.93,11,1,0.48,19,73,active,0,0,1
TXN_5419,CUST_1279,33466.29,Wallet,card_expired,111288.73,6,4,0.35,19,17,active,1,3,1
TXN_5420,CUST_2428,4161.46,Wallet,insufficient_funds,93784.95,17,5,0.78,18,39,not_applicable,0,3,0
TXN_5421,CUST_2036,35296.23,Card,card_expired,164122.61,19,5,0.66,23,47,inactive,0,2,0
TXN_5422,CUST_1524,9088.84,Card,insufficient_funds,69080.5,7,8,0.23,20,0,active,0,2,1
TXN_5423,CUST_2327,32614.54,NetBanking,network_error,60097.22,12,4,0.93,3,86,inactive,0,1,1
TXN_5424,CUST_2275,14301.9,NetBanking,bank_declined,76397.43,25,3,0.2,5,26,inactive,1,0,0
TXN_5425,CUST_2032,25913.1,Card,authentication_failed,179315.28,15,3,0.35,3,59,inactive,0,2,1
TXN_5426,CUST_1306,2788.95,Card,card_expired,196435.97,8,3,0.91,8,89,active,0,1,1
TXN_5427,CUST_2165,38758.64,NetBanking,customer_abandoned,150699.33,15,6,0.9,10,55,active,0,3,0
TXN_5428,CUST_1404,23329.45,Card,bank_declined,173134.92,0,0,0.78,13,90,inactive,1,2,1
TXN_5429,CUST_2475,42301.69,UPI,bank_declined,10343.85,25,8,0.78,5,78,inactive,0,3,0
TXN_5430,CUST_2757,14377.43,Card,authentication_failed,99149.75,12,2,0.45,11,44,not_applicable,1,1,1
TXN_5431,CUST_2180,27284.3,Card,customer_abandoned,66974.01,23,7,0.18,0,54,active,1,4,1
TXN_5432,CUST_2949,20058.81,Wallet,customer_abandoned,101662.33,6,6,0.64,0,67,active,1,2,1
TXN_5433,CUST_2102,35406.89,Card,customer_abandoned,10046.39,4,6,0.84,4,25,not_applicable,0,3,1
TXN_5434,CUST_1942,23677.0,NetBanking,insufficient_funds,193948.48,2,1,0.55,11,25,active,1,0,1
TXN_5435,CUST_2588,16637.1,Card,bank_declined,131853.42,24,1,0.23,9,56,inactive,1,3,0
TXN_5436,CUST_2743,1459.13,Wallet,card_expired,59183.64,23,7,0.4,2,30,inactive,1,0,0
TXN_5437,CUST_2075,14708.22,UPI,customer_abandoned,196827.85,27,5,0.29,7,64,active,0,1,0
TXN_5438,CUST_2442,5253.48,Card,customer_abandoned,52864.68,25,3,0.05,21,78,inactive,1,3,0
TXN_5439,CUST_2408,37578.13,NetBanking,card_expired,39946.25,24,7,0.37,12,34,inactive,1,0,0
TXN_5440,CUST_1324,41992.15,NetBanking,network_error,156212.74,4,2,0.06,4,1,not_applicable,0,2,1
TXN_5441,CUST_2580,47768.8,Wallet,bank_declined,79013.38,21,4,0.53,4,75,not_applicable,1,0,1
TXN_5442,CUST_1429,29846.96,UPI,network_error,195653.22,2,8,1.0,21,48,active,1,4,1
TXN_5443,CUST_2213,20275.12,Card,authentication_failed,99392.01,19,4,0.36,10,9,active,1,4,1
TXN_5444,CUST_1408,35417.24,Card,authentication_failed,90337.36,4,1,0.01,12,18,not_applicable,1,0,0
TXN_5445,CUST_1626,49198.02,Card,network_error,105089.12,16,5,0.18,22,63,active,0,1,1
TXN_5446,CUST_1863,17799.72,Card,customer_abandoned,183727.38,0,5,1.0,12,76,inactive,1,1,1
TXN_5447,CUST_1647,36498.06,UPI,customer_abandoned,112070.4,18,6,0.59,19,38,active,0,1,1
TXN_5448,CUST_1653,35381.76,Card,authentication_failed,84355.77,16,8,0.67,19,74,not_applicable,0,4,0
TXN_5449,CUST_2821,13358.2,Wallet,insufficient_funds,167364.6,16,1,0.9,2,0,inactive,0,2,1
TXN_5450,CUST_2220,1678.62,Card,card_expired,185467.74,22,6,0.7,0,31,inactive,0,4,0
TXN_5451,CUST_2331,29959.11,NetBanking,authentication_failed,86525.19,21,8,0.47,9,33,inactive,0,3,1
TXN_5452,CUST_1275,8138.1,UPI,card_expired,21630.16,5,6,0.0,22,90,inactive,1,3,0
TXN_5453,CUST_1435,7455.95,Card,insufficient_funds,44777.11,22,1,0.01,21,64,active,1,1,1
TXN_5454,CUST_2049,16702.31,NetBanking,customer_abandoned,7281.93,7,0,0.61,18,60,not_applicable,1,2,0
TXN_5455,CUST_2963,4942.09,Wallet,authentication_failed,119406.95,22,4,1.0,5,15,not_applicable,0,4,1
TXN_5456,CUST_2554,233.28,UPI,insufficient_funds,159280.28,25,8,0.35,23,60,inactive,1,1,0
TXN_5457,CUST_2225,14869.56,UPI,customer_abandoned,65025.57,30,3,0.52,3,15,active,1,2,0
TXN_5458,CUST_2267,37477.88,Wallet,bank_declined,49934.71,12,0,0.32,6,7,active,0,0,1
TXN_5459,CUST_1272,18200.57,UPI,network_error,199931.61,16,1,0.78,14,2,inactive,0,1,0
TXN_5460,CUST_2779,34686.24,Card,network_error,81847.87,27,5,0.39,16,69,not_applicable,0,0,1
TXN_5461,CUST_2091,20901.8,NetBanking,authentication_failed,165836.92,25,2,0.47,0,53,active,0,2,1
TXN_5462,CUST_1238,38765.53,Wallet,bank_declined,171029.66,4,7,0.42,5,50,active,0,0,1
TXN_5463,CUST_2177,3034.35,NetBanking,card_expired,106363.51,3,0,0.04,0,8,inactive,0,2,0
TXN_5464,CUST_1131,30684.95,Card,network_error,61363.74,27,2,0.74,4,24,not_applicable,0,0,1
TXN_5465,CUST_1440,7055.62,Wallet,insufficient_funds,145180.04,5,0,0.51,18,83,not_applicable,0,4,0
TXN_5466,CUST_1638,32614.47,UPI,insufficient_funds,122283.89,27,4,0.52,12,78,inactive,0,1,0
TXN_5467,CUST_2671,26101.88,Wallet,insufficient_funds,198112.51,29,7,0.51,15,18,inactive,0,0,0
TXN_5468,CUST_2295,23576.52,NetBanking,bank_declined,37283.42,1,8,0.6,0,55,not_applicable,0,2,0
TXN_5469,CUST_1468,23474.92,Card,card_expired,20442.89,11,0,0.47,3,51,not_applicable,0,3,0
TXN_5470,CUST_1270,34138.09,NetBanking,insufficient_funds,158283.28,1,4,0.96,18,34,inactive,0,3,0
TXN_5471,CUST_1500,26667.77,UPI,bank_declined,113939.94,21,1,0.92,23,43,active,0,1,1
TXN_5472,CUST_2346,7360.93,Card,insufficient_funds,87833.91,18,6,0.65,14,25,active,0,2,0
TXN_5473,CUST_2997,43167.39,UPI,network_error,36920.92,9,1,0.95,20,25,inactive,1,3,1
TXN_5474,CUST_1691,49189.73,Card,card_expired,171695.65,18,0,0.66,7,49,active,1,3,1
TXN_5475,CUST_1569,3727.33,Card,card_expired,9254.49,19,1,0.1,18,40,not_applicable,0,0,1
TXN_5476,CUST_1056,27414.32,NetBanking,insufficient_funds,43873.35,12,2,0.86,21,48,inactive,1,0,1
TXN_5477,CUST_1189,34805.97,NetBanking,network_error,130921.75,16,3,0.32,20,15,inactive,1,2,1
TXN_5478,CUST_1011,17188.57,UPI,card_expired,159535.02,18,4,0.59,20,47,inactive,1,3,0
TXN_5479,CUST_2761,40910.54,NetBanking,customer_abandoned,11897.12,5,0,0.7,3,64,active,0,1,1
TXN_5480,CUST_1437,36591.39,Card,insufficient_funds,185564.79,3,6,0.75,11,13,not_applicable,0,3,0
TXN_5481,CUST_2523,7633.69,UPI,authentication_failed,161463.84,3,7,0.46,11,4,inactive,1,0,0
TXN_5482,CUST_2882,35980.86,Card,network_error,59078.54,26,7,0.05,15,81,inactive,0,2,0
TXN_5483,CUST_1821,24206.74,UPI,network_error,56911.25,20,2,0.72,21,18,not_applicable,1,1,1
TXN_5484,CUST_2501,115.32,Wallet,bank_declined,137882.58,13,8,0.77,23,81,not_applicable,1,1,1
TXN_5485,CUST_1020,24532.23,Card,insufficient_funds,18767.89,8,8,0.75,15,10,active,0,3,1
TXN_5486,CUST_2603,5498.51,NetBanking,card_expired,163475.59,9,7,0.77,12,37,active,1,2,0
TXN_5487,CUST_2608,34545.45,Card,customer_abandoned,1009.58,30,7,0.93,3,87,not_applicable,1,2,0
TXN_5488,CUST_1690,31054.91,Card,insufficient_funds,133267.22,27,4,0.56,11,74,inactive,1,0,0
TXN_5489,CUST_2960,30524.12,UPI,insufficient_funds,181644.24,4,0,0.58,13,74,inactive,1,3,0
TXN_5490,CUST_1400,45686.77,NetBanking,network_error,136643.87,29,4,0.7,4,57,not_applicable,0,4,0
TXN_5491,CUST_1520,3852.31,Card,network_error,86289.93,20,1,0.24,1,78,active,0,2,1
TXN_5492,CUST_1662,40359.9,UPI,customer_abandoned,193295.83,16,1,0.45,8,90,inactive,1,3,1
TXN_5493,CUST_1084,45860.87,Card,card_expired,136981.76,13,0,0.24,14,37,active,1,0,1
TXN_5494,CUST_2606,48500.61,Wallet,insufficient_funds,197523.21,5,2,0.64,11,21,inactive,1,1,1
TXN_5495,CUST_2353,10097.43,UPI,card_expired,49969.64,8,1,0.95,14,53,active,0,4,0
TXN_5496,CUST_1057,9636.21,NetBanking,bank_declined,84689.17,29,1,0.59,15,47,inactive,0,0,0
TXN_5497,CUST_1795,14669.6,Card,network_error,184202.17,19,0,0.92,11,70,inactive,0,4,1
TXN_5498,CUST_1232,21771.16,Wallet,card_expired,140796.93,19,3,0.66,6,78,not_applicable,1,4,0
TXN_5499,CUST_2291,20770.79,UPI,insufficient_funds,70259.75,24,8,0.24,5,74,inactive,1,3,0
TXN_5500,CUST_2950,34353.06,UPI,card_expired,148651.37,25,0,0.78,12,36,inactive,1,3,0
TXN_5501,CUST_2713,38255.34,Wallet,network_error,2296.75,8,7,0.48,17,45,inactive,0,2,1
TXN_5502,CUST_2841,31539.23,UPI,authentication_failed,95338.56,8,5,0.64,1,87,active,1,1,1
TXN_5503,CUST_2626,28362.45,Card,bank_declined,160157.45,14,0,0.98,18,74,active,1,0,1
TXN_5504,CUST_1016,28708.96,Card,authentication_failed,8459.7,11,5,0.37,3,32,active,0,2,1
TXN_5505,CUST_2399,39880.61,NetBanking,card_expired,88182.85,0,3,0.96,5,86,not_applicable,1,2,1
TXN_5506,CUST_2705,37253.9,UPI,authentication_failed,84387.25,24,1,0.49,18,67,active,1,1,0
TXN_5507,CUST_2085,14881.14,Card,authentication_failed,20265.6,24,0,0.52,10,24,active,1,3,0
TXN_5508,CUST_1449,39878.67,UPI,customer_abandoned,193695.52,21,8,0.06,7,6,active,1,0,1
TXN_5509,CUST_1214,34095.8,Wallet,customer_abandoned,197174.47,15,7,0.94,12,75,active,0,4,1
TXN_5510,CUST_2771,26137.29,UPI,customer_abandoned,33143.26,0,5,0.38,0,62,active,1,0,0
TXN_5511,CUST_2232,36287.5,NetBanking,network_error,127444.51,9,4,0.71,11,90,inactive,0,3,1
TXN_5512,CUST_2210,36408.6,UPI,bank_declined,29604.51,7,8,0.16,14,55,inactive,0,4,0
TXN_5513,CUST_2317,44554.16,NetBanking,card_expired,16130.78,3,5,0.8,23,47,inactive,1,3,0
TXN_5514,CUST_2245,23474.65,NetBanking,authentication_failed,183275.36,29,7,0.59,19,20,not_applicable,1,1,0
TXN_5515,CUST_2509,14276.09,Wallet,card_expired,184168.88,5,7,0.43,6,21,inactive,0,3,0
TXN_5516,CUST_2548,23050.62,UPI,card_expired,76309.18,21,1,0.22,18,85,active,1,3,1
TXN_5517,CUST_1830,35940.28,NetBanking,customer_abandoned,55702.13,25,1,0.79,8,8,not_applicable,0,2,0
TXN_5518,CUST_1391,46041.69,UPI,network_error,33081.27,12,8,0.3,20,29,active,1,3,1
TXN_5519,CUST_2660,10007.16,UPI,customer_abandoned,1690.22,20,6,0.87,1,45,not_applicable,0,4,0
TXN_5520,CUST_1211,20783.43,Wallet,insufficient_funds,89820.47,5,4,0.85,5,30,inactive,0,3,0
TXN_5521,CUST_1512,44624.77,Card,network_error,123770.89,7,8,0.53,1,8,active,0,4,0
TXN_5522,CUST_1538,12261.21,Card,bank_declined,125187.63,2,3,0.45,11,86,inactive,0,3,1
TXN_5523,CUST_2535,24632.77,Card,network_error,102847.19,3,1,0.42,3,36,inactive,1,1,0
TXN_5524,CUST_1051,21299.48,Wallet,card_expired,54599.06,8,7,0.86,17,61,active,1,2,1
TXN_5525,CUST_1247,29616.36,NetBanking,bank_declined,122553.62,29,5,0.72,13,39,inactive,0,0,1
TXN_5526,CUST_2335,1788.83,UPI,network_error,162308.04,16,8,0.13,10,75,active,1,3,1
TXN_5527,CUST_1473,4207.53,Wallet,customer_abandoned,75686.26,23,0,0.06,0,69,not_applicable,1,1,1
TXN_5528,CUST_2123,32691.48,Card,insufficient_funds,35115.2,3,4,0.37,17,85,inactive,1,4,1
TXN_5529,CUST_2506,22175.22,UPI,network_error,160706.17,11,6,0.93,0,66,not_applicable,0,2,0
TXN_5530,CUST_2837,44926.27,UPI,authentication_failed,64163.66,21,0,0.96,21,16,inactive,1,3,1
TXN_5531,CUST_2651,41875.06,Card,authentication_failed,4019.42,16,2,0.95,13,8,inactive,0,2,0
TXN_5532,CUST_2418,38421.58,Wallet,insufficient_funds,17223.42,29,8,0.23,14,27,inactive,0,0,1
TXN_5533,CUST_1536,25083.79,Card,customer_abandoned,80173.75,2,8,0.84,2,24,inactive,0,1,0
TXN_5534,CUST_2207,20905.41,Card,authentication_failed,75764.45,23,0,0.35,9,43,active,0,0,1
TXN_5535,CUST_2589,10582.74,Card,bank_declined,35409.25,18,1,0.64,20,10,inactive,1,3,1
TXN_5536,CUST_1844,25491.7,NetBanking,authentication_failed,60296.94,5,7,0.16,6,71,not_applicable,1,4,0
TXN_5537,CUST_2658,48577.45,UPI,card_expired,70481.92,28,3,0.29,23,60,not_applicable,0,1,0
TXN_5538,CUST_2301,38788.92,Wallet,customer_abandoned,91625.16,24,8,0.63,3,71,active,1,2,1
TXN_5539,CUST_2839,48033.56,Card,customer_abandoned,33842.43,18,2,1.0,11,88,not_applicable,0,0,1
TXN_5540,CUST_2909,36187.69,Card,insufficient_funds,114910.46,6,6,0.49,15,8,inactive,0,1,1
TXN_5541,CUST_1500,19848.12,NetBanking,insufficient_funds,26095.89,29,7,0.49,16,58,inactive,0,1,1
TXN_5542,CUST_2046,10174.92,Wallet,bank_declined,187188.25,19,0,0.23,15,20,inactive,1,4,0
TXN_5543,CUST_2042,7830.99,UPI,insufficient_funds,107623.53,10,0,0.31,7,75,active,1,3,1
TXN_5544,CUST_2099,11308.38,UPI,card_expired,11701.25,16,8,0.78,21,31,inactive,0,4,0
TXN_5545,CUST_2327,17102.89,NetBanking,customer_abandoned,10451.35,18,3,0.87,1,71,active,0,3,1
TXN_5546,CUST_2323,46544.04,UPI,bank_declined,96240.48,13,5,0.34,7,75,inactive,0,3,0
TXN_5547,CUST_2208,43854.29,Card,card_expired,74772.0,30,2,0.41,1,56,active,1,4,0
TXN_5548,CUST_1848,46123.92,UPI,customer_abandoned,138820.23,2,5,0.25,13,86,active,0,0,0
TXN_5549,CUST_2674,11595.35,Wallet,network_error,53449.21,17,0,0.23,2,86,not_applicable,1,3,0
TXN_5550,CUST_2006,5885.08,UPI,insufficient_funds,78084.34,8,1,0.63,4,71,active,1,2,1
TXN_5551,CUST_1896,3357.19,UPI,card_expired,17282.96,1,8,0.13,6,53,active,1,4,0
TXN_5552,CUST_1914,32927.39,NetBanking,authentication_failed,13839.96,10,6,0.39,5,27,inactive,1,0,0
TXN_5553,CUST_1982,28944.2,Card,card_expired,105038.38,25,7,0.48,14,52,active,1,1,0
TXN_5554,CUST_2251,6976.21,NetBanking,customer_abandoned,148732.9,2,3,0.88,13,71,not_applicable,0,3,1
TXN_5555,CUST_1736,3025.09,Wallet,bank_declined,148241.83,2,6,0.73,18,70,inactive,0,3,1
TXN_5556,CUST_1828,12720.44,Card,customer_abandoned,148693.63,7,7,0.05,23,47,inactive,0,4,0
TXN_5557,CUST_1557,17607.31,NetBanking,card_expired,154012.98,10,7,0.86,14,61,not_applicable,1,4,0
TXN_5558,CUST_1741,26326.75,Card,customer_abandoned,24363.41,19,4,0.42,10,64,active,1,0,1
TXN_5559,CUST_2097,9237.86,Card,network_error,179001.25,9,4,0.15,17,72,active,0,4,1
TXN_5560,CUST_2815,44518.12,Wallet,insufficient_funds,182481.75,9,2,0.79,8,34,inactive,0,1,1
TXN_5561,CUST_1719,40889.83,Wallet,network_error,56036.4,20,0,0.92,4,15,inactive,0,4,0
TXN_5562,CUST_1681,39284.85,UPI,network_error,17921.46,24,1,0.58,23,0,active,1,3,0
TXN_5563,CUST_1426,43093.36,Card,authentication_failed,6697.71,9,0,0.94,7,65,not_applicable,0,2,0
TXN_5564,CUST_1438,30764.48,Wallet,bank_declined,138984.12,2,2,0.11,13,78,not_applicable,0,4,0
TXN_5565,CUST_2497,39267.12,Wallet,bank_declined,77549.45,10,1,0.11,0,67,inactive,0,4,1
TXN_5566,CUST_2690,42473.24,Wallet,insufficient_funds,117889.85,27,7,0.16,23,64,active,0,0,1
TXN_5567,CUST_1481,35070.04,Card,authentication_failed,110477.8,9,0,0.65,5,86,inactive,1,4,0
TXN_5568,CUST_1595,21767.97,Card,bank_declined,25778.58,28,0,0.94,2,51,inactive,1,2,1
TXN_5569,CUST_1747,30803.18,NetBanking,network_error,186748.87,9,8,0.93,12,27,not_applicable,0,4,0
TXN_5570,CUST_1145,14950.81,UPI,customer_abandoned,199425.61,29,7,0.68,21,0,inactive,1,0,0
TXN_5571,CUST_2784,28035.86,NetBanking,bank_declined,83750.98,15,3,0.89,16,80,inactive,0,0,1
TXN_5572,CUST_2171,41194.07,Wallet,insufficient_funds,168195.08,24,0,0.82,23,55,inactive,0,3,0
TXN_5573,CUST_2799,42758.4,UPI,customer_abandoned,78058.69,10,3,0.11,2,56,inactive,1,0,0
TXN_5574,CUST_2647,24958.6,Card,bank_declined,26347.83,9,5,0.12,12,76,inactive,0,4,0
TXN_5575,CUST_1173,37573.57,NetBanking,card_expired,142460.48,7,6,0.2,19,57,inactive,1,2,1
TXN_5576,CUST_2734,14136.61,NetBanking,bank_declined,158804.13,12,0,0.49,12,71,active,1,1,0
TXN_5577,CUST_1855,19131.24,UPI,bank_declined,70080.98,6,3,0.84,16,69,active,1,4,0
TXN_5578,CUST_2442,48739.37,Wallet,authentication_failed,129987.73,12,6,0.43,23,6,not_applicable,0,4,0
TXN_5579,CUST_1954,6224.77,NetBanking,authentication_failed,103296.44,17,0,0.99,9,13,inactive,0,1,1
TXN_5580,CUST_1858,36141.68,Card,bank_declined,87559.3,16,7,0.65,8,42,active,0,3,0
TXN_5581,CUST_1247,23576.2,Card,network_error,196038.45,19,0,0.2,5,20,not_applicable,0,0,1
TXN_5582,CUST_2230,28822.33,NetBanking,bank_declined,113445.27,6,1,0.62,21,20,active,0,2,1
TXN_5583,CUST_2740,944.84,NetBanking,bank_declined,180119.27,26,7,0.83,19,78,not_applicable,0,0,1
TXN_5584,CUST_1973,20722.33,Card,bank_declined,154339.25,12,6,0.98,17,62,active,0,0,0
TXN_5585,CUST_1781,44978.02,Card,network_error,32516.41,11,7,0.91,16,25,inactive,0,2,0
TXN_5586,CUST_1223,18909.8,UPI,bank_declined,79510.0,3,3,0.46,12,62,inactive,1,3,0
TXN_5587,CUST_1996,13115.7,NetBanking,authentication_failed,5566.74,21,3,0.14,23,16,not_applicable,0,2,0
TXN_5588,CUST_2782,14171.93,Wallet,network_error,153138.8,6,7,0.11,2,75,inactive,1,2,1
TXN_5589,CUST_1672,44776.83,Wallet,authentication_failed,181842.61,3,2,0.74,0,77,inactive,1,2,0
TXN_5590,CUST_2372,21963.06,UPI,card_expired,27149.67,17,4,0.99,9,26,not_applicable,0,3,0
TXN_5591,CUST_2721,29307.99,Wallet,network_error,156099.22,18,4,0.92,3,30,not_applicable,1,3,0
TXN_5592,CUST_1997,33757.74,NetBanking,authentication_failed,93730.37,16,6,0.61,16,77,not_applicable,1,4,0
TXN_5593,CUST_2785,44207.73,UPI,authentication_failed,109211.68,24,7,0.04,16,54,active,0,2,1
TXN_5594,CUST_1250,24516.17,Card,bank_declined,173849.24,18,0,0.86,23,79,inactive,0,2,0
TXN_5595,CUST_2617,3164.01,NetBanking,bank_declined,50166.26,14,4,0.88,5,58,active,1,1,0
TXN_5596,CUST_1741,22957.64,NetBanking,bank_declined,88568.25,10,2,0.18,15,71,inactive,0,0,0
TXN_5597,CUST_2232,10735.61,NetBanking,bank_declined,38996.42,14,2,0.66,17,60,inactive,0,3,0
TXN_5598,CUST_1650,46944.7,UPI,authentication_failed,3170.49,7,1,0.01,8,48,active,0,3,0
TXN_5599,CUST_2118,24454.32,Card,authentication_failed,33509.44,30,0,0.49,7,40,inactive,0,0,0
TXN_5600,CUST_2146,44527.44,NetBanking,authentication_failed,2841.53,15,7,0.98,14,0,not_applicable,1,2,1
TXN_5601,CUST_1060,7676.99,UPI,card_expired,10305.24,18,3,0.54,19,80,active,1,3,0
TXN_5602,CUST_2983,15128.16,Wallet,authentication_failed,49781.3,29,7,0.65,22,38,not_applicable,1,1,0
TXN_5603,CUST_1188,3990.92,Wallet,network_error,105778.78,2,8,0.79,12,23,inactive,1,3,0
TXN_5604,CUST_2504,44497.97,Wallet,insufficient_funds,116083.02,12,3,0.95,7,71,inactive,0,4,1
TXN_5605,CUST_1244,49678.89,Card,insufficient_funds,129210.3,30,3,0.57,4,52,active,1,4,1
TXN_5606,CUST_2056,1280.35,Wallet,bank_declined,187988.2,0,4,0.64,12,50,inactive,1,4,0
TXN_5607,CUST_1996,1145.51,Wallet,insufficient_funds,11105.94,24,5,0.61,7,50,inactive,1,1,1
TXN_5608,CUST_2673,25033.4,NetBanking,authentication_failed,62046.4,20,5,0.53,9,13,active,0,3,0
TXN_5609,CUST_1778,1068.84,Card,insufficient_funds,57211.38,28,8,0.05,20,4,active,0,4,1
TXN_5610,CUST_2261,36288.64,Card,bank_declined,199226.92,29,8,0.3,5,68,active,0,4,1
TXN_5611,CUST_1333,30192.41,UPI,bank_declined,91171.96,7,6,0.22,10,3,inactive,1,3,0
TXN_5612,CUST_2074,45216.62,Wallet,authentication_failed,47826.37,13,0,0.18,1,10,not_applicable,0,1,1
TXN_5613,CUST_1385,48850.96,UPI,bank_declined,150241.07,4,4,0.28,0,34,active,1,3,0
TXN_5614,CUST_1669,19277.45,NetBanking,customer_abandoned,170566.91,25,2,0.77,14,54,not_applicable,1,0,1
TXN_5615,CUST_2334,13820.46,Card,network_error,187659.72,14,3,0.65,7,28,active,1,3,0
TXN_5616,CUST_2922,29047.84,NetBanking,card_expired,164417.36,0,1,0.81,17,34,inactive,1,3,0
TXN_5617,CUST_1806,48204.63,Wallet,insufficient_funds,5366.35,13,2,0.77,18,46,active,1,2,0
TXN_5618,CUST_1133,17011.52,UPI,card_expired,129974.01,2,8,0.56,9,8,not_applicable,1,1,1
TXN_5619,CUST_2368,43322.28,Card,customer_abandoned,121005.87,13,5,0.82,4,27,inactive,1,2,1
TXN_5620,CUST_2435,11506.49,NetBanking,bank_declined,86702.87,13,1,0.68,4,84,active,0,4,0
TXN_5621,CUST_1574,34049.57,Wallet,network_error,79424.64,21,2,0.8,13,33,inactive,0,0,1
TXN_5622,CUST_2787,33432.33,Card,customer_abandoned,130314.64,16,1,0.94,9,86,active,1,1,1
TXN_5623,CUST_1695,39835.46,NetBanking,card_expired,181013.61,10,6,0.68,4,68,not_applicable,1,0,0
TXN_5624,CUST_2016,43501.71,UPI,card_expired,149768.05,25,8,0.42,9,58,inactive,0,1,1
TXN_5625,CUST_2513,43397.67,NetBanking,insufficient_funds,195154.77,14,4,0.95,19,11,not_applicable,1,0,1
TXN_5626,CUST_1766,21142.52,Card,customer_abandoned,22797.78,8,0,0.25,11,85,inactive,1,3,1
TXN_5627,CUST_2459,18106.41,NetBanking,insufficient_funds,124489.98,4,0,0.67,12,78,active,1,0,0
TXN_5628,CUST_1196,9221.72,NetBanking,authentication_failed,61657.81,14,3,0.45,20,56,active,1,1,1
TXN_5629,CUST_2619,49146.97,UPI,card_expired,167153.22,3,5,0.48,17,34,inactive,1,1,1
TXN_5630,CUST_2978,17447.88,NetBanking,bank_declined,157379.84,28,2,0.22,17,2,not_applicable,1,2,0
TXN_5631,CUST_2377,22877.02,UPI,insufficient_funds,22392.36,18,2,0.27,23,26,active,1,0,1
TXN_5632,CUST_2957,37489.72,Wallet,authentication_failed,15523.56,15,3,0.66,0,43,not_applicable,0,4,1
TXN_5633,CUST_1055,32730.68,UPI,card_expired,152373.26,24,4,0.18,20,80,active,0,4,1
TXN_5634,CUST_1325,47063.13,Wallet,card_expired,122546.07,0,5,0.61,21,46,not_applicable,1,2,0
TXN_5635,CUST_2923,16726.89,Wallet,card_expired,140394.7,28,8,0.92,9,77,inactive,1,3,0
TXN_5636,CUST_2631,43518.64,NetBanking,customer_abandoned,44505.05,29,7,0.46,17,88,active,0,4,1
TXN_5637,CUST_1497,41213.22,NetBanking,card_expired,178493.57,2,0,0.94,18,87,inactive,0,4,0
TXN_5638,CUST_2033,32852.55,NetBanking,network_error,78705.21,17,7,0.35,16,23,not_applicable,0,4,0
TXN_5639,CUST_1696,37179.5,Wallet,card_expired,100786.71,23,8,0.81,7,77,inactive,0,0,0
TXN_5640,CUST_2396,1121.88,UPI,authentication_failed,126417.39,19,8,0.44,13,46,not_applicable,1,3,0
TXN_5641,CUST_2548,40936.82,UPI,network_error,109973.99,24,4,0.89,10,53,active,1,3,1
TXN_5642,CUST_2311,27686.72,Wallet,insufficient_funds,151153.06,28,3,0.04,5,57,active,1,2,1
TXN_5643,CUST_2065,4259.13,Wallet,bank_declined,88075.5,1,8,0.24,1,85,active,0,3,1
TXN_5644,CUST_1699,27160.28,Card,insufficient_funds,132820.73,8,6,0.28,18,6,inactive,1,1,0
TXN_5645,CUST_2189,16839.55,UPI,customer_abandoned,140048.41,12,4,0.47,17,32,inactive,1,1,1
TXN_5646,CUST_2257,29640.95,Card,insufficient_funds,153993.52,4,4,0.09,20,32,inactive,0,3,1
TXN_5647,CUST_1482,28205.43,UPI,authentication_failed,134149.99,15,1,0.33,17,83,not_applicable,0,0,0
TXN_5648,CUST_1138,11635.17,Card,insufficient_funds,195880.7,24,3,0.5,12,62,active,0,3,0
TXN_5649,CUST_2266,24540.32,NetBanking,card_expired,44730.5,28,6,0.51,2,81,inactive,1,3,0
TXN_5650,CUST_1562,45248.01,Wallet,insufficient_funds,163891.5,0,7,0.73,22,73,active,1,1,0
TXN_5651,CUST_1907,29033.73,NetBanking,network_error,199348.91,11,2,0.28,22,90,active,0,0,1
TXN_5652,CUST_2953,29112.1,Card,insufficient_funds,195200.23,20,0,0.83,2,49,active,0,1,0
TXN_5653,CUST_1185,29457.42,NetBanking,card_expired,41704.25,18,0,0.5,1,63,inactive,0,3,1
TXN_5654,CUST_2794,38740.58,Wallet,customer_abandoned,1101.49,22,4,0.51,6,4,not_applicable,1,0,1
TXN_5655,CUST_2644,43758.1,NetBanking,card_expired,31428.18,17,3,0.67,3,50,inactive,0,1,1
TXN_5656,CUST_1267,17891.45,NetBanking,network_error,188171.29,26,4,0.24,8,60,active,0,3,1
TXN_5657,CUST_1098,3557.32,Wallet,insufficient_funds,101418.41,13,7,0.64,20,30,inactive,1,4,0
TXN_5658,CUST_2088,34543.96,Card,insufficient_funds,13145.71,8,1,0.86,17,15,active,0,3,0
TXN_5659,CUST_1329,49276.26,UPI,authentication_failed,187364.49,21,4,0.36,15,79,not_applicable,0,0,0
TXN_5660,CUST_2342,37323.65,UPI,network_error,27682.47,1,5,0.31,12,34,inactive,1,2,0
TXN_5661,CUST_2104,22798.83,NetBanking,network_error,110848.85,24,5,0.21,14,75,active,0,1,1
TXN_5662,CUST_1816,35995.86,Wallet,customer_abandoned,4981.03,10,4,0.97,15,77,active,0,4,1
TXN_5663,CUST_2558,33228.61,Card,customer_abandoned,87515.59,26,7,0.06,16,36,not_applicable,1,2,0
TXN_5664,CUST_1332,25886.36,Card,insufficient_funds,171081.96,17,0,0.73,9,40,active,0,2,1
TXN_5665,CUST_2796,10537.22,Card,insufficient_funds,63065.65,8,8,0.12,5,3,inactive,0,0,0
TXN_5666,CUST_1048,49217.03,Card,network_error,103407.95,30,7,0.74,11,43,inactive,1,2,1
TXN_5667,CUST_1414,42510.58,Wallet,bank_declined,43928.97,25,1,0.75,13,26,not_applicable,0,2,0
TXN_5668,CUST_1165,8658.34,UPI,network_error,70013.64,27,2,0.97,20,25,active,0,2,1
TXN_5669,CUST_2038,14201.28,Card,insufficient_funds,113224.41,15,2,0.4,12,28,not_applicable,0,0,1
TXN_5670,CUST_2114,17822.79,UPI,customer_abandoned,56586.87,29,4,0.67,17,81,not_applicable,0,4,1
TXN_5671,CUST_2820,43710.46,Wallet,customer_abandoned,31910.66,2,1,0.82,5,47,not_applicable,0,2,1
TXN_5672,CUST_1623,21424.09,Card,insufficient_funds,180387.29,12,5,0.45,21,59,inactive,0,0,0
TXN_5673,CUST_1204,8077.45,Card,network_error,95123.77,3,6,0.76,16,13,active,0,3,1
TXN_5674,CUST_1851,39391.69,Wallet,card_expired,175525.38,29,5,0.75,4,10,inactive,0,3,1
TXN_5675,CUST_1991,3907.05,Card,customer_abandoned,186056.39,14,1,0.4,2,1,inactive,0,3,1
TXN_5676,CUST_2093,3879.07,Wallet,authentication_failed,143333.35,20,6,0.74,8,53,not_applicable,1,0,1
TXN_5677,CUST_1595,38465.88,Wallet,card_expired,77132.17,11,4,0.56,13,70,not_applicable,1,1,1
TXN_5678,CUST_2302,9881.33,Wallet,bank_declined,50451.96,5,5,0.22,5,40,inactive,1,3,0
TXN_5679,CUST_2102,45317.42,Wallet,customer_abandoned,182632.6,15,3,0.05,21,73,inactive,0,3,0
TXN_5680,CUST_2283,12331.44,Wallet,insufficient_funds,51756.83,7,2,0.09,21,83,active,1,0,1
TXN_5681,CUST_1204,29427.5,NetBanking,customer_abandoned,116054.28,23,0,0.54,19,45,not_applicable,0,3,0
TXN_5682,CUST_2630,35352.14,UPI,bank_declined,165470.3,20,1,0.35,19,78,inactive,0,1,1
TXN_5683,CUST_1457,14886.88,UPI,customer_abandoned,28336.36,9,7,0.47,15,19,inactive,1,0,0
TXN_5684,CUST_2437,23195.95,UPI,bank_declined,44979.58,20,5,0.74,21,87,not_applicable,0,1,1
TXN_5685,CUST_2647,27781.84,NetBanking,insufficient_funds,34728.17,12,2,0.0,21,74,not_applicable,0,3,1
TXN_5686,CUST_1379,33609.24,UPI,bank_declined,20689.62,23,6,0.66,12,6,not_applicable,0,0,1
TXN_5687,CUST_2987,23720.5,UPI,bank_declined,84432.36,30,1,0.89,20,66,active,1,1,1
TXN_5688,CUST_1561,19975.67,Card,network_error,66493.97,7,5,0.77,13,67,active,1,3,1
TXN_5689,CUST_2260,42504.11,Card,bank_declined,159743.08,15,2,0.99,9,89,inactive,0,3,0
TXN_5690,CUST_1949,37577.58,Wallet,card_expired,196577.71,3,8,0.01,15,37,active,0,4,0
TXN_5691,CUST_1833,36974.68,NetBanking,network_error,183647.58,9,2,0.88,19,81,active,0,3,0
TXN_5692,CUST_2081,47294.98,Card,customer_abandoned,107938.46,9,8,0.01,15,3,not_applicable,0,4,0
TXN_5693,CUST_2737,27277.49,NetBanking,insufficient_funds,87619.18,13,2,0.45,17,90,not_applicable,0,4,0
TXN_5694,CUST_1639,45894.52,NetBanking,bank_declined,72474.9,16,2,0.86,12,17,inactive,1,1,0
TXN_5695,CUST_1457,25025.14,UPI,card_expired,89940.67,10,8,0.76,3,16,not_applicable,1,3,1
TXN_5696,CUST_1824,16493.9,Card,bank_declined,21407.08,0,4,0.26,3,79,inactive,1,2,0
TXN_5697,CUST_2884,14807.14,Wallet,network_error,53102.49,10,2,0.64,4,38,inactive,1,4,0
TXN_5698,CUST_2634,34318.61,NetBanking,insufficient_funds,185403.23,13,2,0.78,2,61,inactive,0,3,0
TXN_5699,CUST_1213,20761.69,Card,bank_declined,65634.11,22,2,0.85,20,70,inactive,1,2,0
TXN_5700,CUST_2315,22648.94,Wallet,insufficient_funds,2803.56,22,5,0.79,0,80,active,1,3,1
TXN_5701,CUST_1532,593.4,NetBanking,customer_abandoned,161192.72,16,0,0.52,15,53,inactive,1,4,1
TXN_5702,CUST_1941,45743.02,NetBanking,insufficient_funds,108693.59,7,8,0.5,21,31,active,0,3,0
TXN_5703,CUST_1892,15329.17,UPI,network_error,159511.87,17,3,0.45,6,44,not_applicable,1,4,1
TXN_5704,CUST_1361,4816.99,Card,bank_declined,95111.1,11,2,0.46,9,69,not_applicable,0,3,1
TXN_5705,CUST_2787,23606.27,UPI,customer_abandoned,29551.67,6,5,0.51,7,39,active,1,3,1
TXN_5706,CUST_2433,8056.13,NetBanking,bank_declined,138261.17,13,1,0.59,8,12,active,0,0,0
TXN_5707,CUST_2339,7614.95,UPI,bank_declined,188379.46,21,7,0.62,7,72,not_applicable,0,1,1
TXN_5708,CUST_2696,12405.68,Card,bank_declined,148143.16,16,4,0.78,9,71,not_applicable,0,0,1
TXN_5709,CUST_1275,19259.28,Wallet,network_error,131901.46,2,2,0.09,14,62,not_applicable,0,2,0
TXN_5710,CUST_1788,2240.05,NetBanking,card_expired,38927.47,26,0,0.66,18,12,not_applicable,1,2,1
TXN_5711,CUST_1555,48594.92,Wallet,authentication_failed,173810.85,29,4,0.63,0,67,active,0,0,0
TXN_5712,CUST_2624,44390.24,Card,card_expired,52635.65,18,0,0.85,12,33,active,1,2,1
TXN_5713,CUST_2138,20725.78,NetBanking,insufficient_funds,112093.67,4,3,0.71,14,53,inactive,1,1,1
TXN_5714,CUST_2682,14596.42,Wallet,customer_abandoned,122095.3,10,8,0.36,14,16,not_applicable,0,1,1
TXN_5715,CUST_1487,32617.44,Wallet,bank_declined,47645.89,13,2,0.15,13,5,active,0,2,1
TXN_5716,CUST_2187,22578.32,UPI,customer_abandoned,34622.45,27,1,0.33,16,70,not_applicable,0,0,1
TXN_5717,CUST_2431,5495.79,Card,insufficient_funds,109834.89,0,5,0.76,6,58,not_applicable,0,4,0
TXN_5718,CUST_2990,41331.94,Wallet,authentication_failed,26386.14,23,7,0.44,20,20,not_applicable,0,0,0
TXN_5719,CUST_2860,33832.48,Card,insufficient_funds,139461.47,14,1,0.73,1,69,active,1,4,1
TXN_5720,CUST_2511,4801.98,Card,card_expired,139365.83,6,7,0.72,12,82,inactive,0,0,1
TXN_5721,CUST_1750,34698.79,NetBanking,insufficient_funds,137679.25,11,1,0.51,18,71,active,1,0,0
TXN_5722,CUST_2717,49842.05,Card,network_error,156029.93,23,2,0.61,19,84,active,1,1,1
TXN_5723,CUST_2356,36364.28,Wallet,card_expired,142003.75,10,8,0.78,7,39,not_applicable,0,3,0
TXN_5724,CUST_1410,32721.25,Wallet,customer_abandoned,59849.06,20,4,0.76,19,41,inactive,0,0,1
TXN_5725,CUST_2248,34230.54,Card,customer_abandoned,59703.6,7,3,0.01,11,46,not_applicable,1,3,0
TXN_5726,CUST_2731,5752.13,Card,authentication_failed,132199.0,20,3,0.93,8,51,not_applicable,0,4,1
TXN_5727,CUST_2671,11872.56,UPI,network_error,162041.39,2,0,0.35,11,41,not_applicable,1,2,0
TXN_5728,CUST_1425,39395.73,UPI,customer_abandoned,15710.42,20,2,0.41,18,52,active,1,4,0
TXN_5729,CUST_2231,39280.53,UPI,customer_abandoned,82646.86,27,4,0.68,2,54,inactive,1,1,0
TXN_5730,CUST_2335,48784.37,UPI,card_expired,187619.21,14,8,0.43,19,87,not_applicable,0,2,1
TXN_5731,CUST_1672,41490.06,NetBanking,authentication_failed,179878.27,2,1,0.07,17,78,active,1,1,0
TXN_5732,CUST_2051,16079.48,NetBanking,bank_declined,87454.74,25,8,0.17,9,68,not_applicable,1,2,0
TXN_5733,CUST_2201,33194.39,NetBanking,insufficient_funds,99975.42,26,0,0.67,18,22,inactive,0,4,0
TXN_5734,CUST_2866,43811.77,Wallet,bank_declined,187874.77,23,8,0.62,0,63,not_applicable,0,0,1
TXN_5735,CUST_2696,6659.16,UPI,authentication_failed,159692.34,20,0,0.12,11,58,active,0,4,0
TXN_5736,CUST_2850,16258.54,Wallet,bank_declined,117532.77,27,3,0.3,21,85,inactive,1,2,0
TXN_5737,CUST_2404,18432.63,Card,customer_abandoned,172297.29,29,2,0.63,10,44,not_applicable,1,3,0
TXN_5738,CUST_2024,16872.86,UPI,customer_abandoned,169636.76,22,8,0.39,8,54,not_applicable,0,0,0
TXN_5739,CUST_1212,32482.2,NetBanking,customer_abandoned,70214.12,20,8,0.29,3,16,active,1,1,0
TXN_5740,CUST_1559,10822.56,Card,bank_declined,57557.91,19,4,0.06,15,86,active,0,1,1
TXN_5741,CUST_2992,16103.13,NetBanking,insufficient_funds,192404.8,18,0,0.59,12,83,inactive,0,2,0
TXN_5742,CUST_2422,2364.32,NetBanking,network_error,22200.8,1,5,0.81,15,88,inactive,0,2,0
TXN_5743,CUST_2090,9630.0,Wallet,network_error,81554.29,9,7,0.54,12,31,active,0,2,0
TXN_5744,CUST_1900,3114.56,Card,customer_abandoned,119747.74,17,0,0.72,19,12,not_applicable,0,0,0
TXN_5745,CUST_2466,40377.29,Wallet,card_expired,55969.24,8,7,0.71,9,80,not_applicable,0,4,0
TXN_5746,CUST_1029,36513.8,NetBanking,card_expired,164208.67,1,2,0.9,5,24,active,1,4,0
TXN_5747,CUST_1976,5327.72,NetBanking,network_error,159483.6,7,3,0.25,13,71,not_applicable,0,4,0
TXN_5748,CUST_2738,20121.34,Wallet,network_error,164155.51,11,7,0.13,11,45,inactive,0,2,0
TXN_5749,CUST_2042,280.43,Wallet,authentication_failed,22837.75,10,6,0.35,17,46,active,1,3,0
TXN_5750,CUST_1547,42310.49,Wallet,authentication_failed,172950.03,5,6,0.76,9,65,inactive,0,1,0
TXN_5751,CUST_1092,26210.03,UPI,insufficient_funds,37653.52,5,5,0.28,11,33,inactive,1,2,0
TXN_5752,CUST_2737,36777.19,Card,card_expired,19836.22,9,7,0.3,19,65,inactive,0,4,0
TXN_5753,CUST_1543,21513.25,NetBanking,bank_declined,187835.07,14,0,0.99,9,15,not_applicable,1,2,1
TXN_5754,CUST_1072,14473.4,NetBanking,customer_abandoned,158364.58,23,6,0.16,6,25,inactive,0,3,0
TXN_5755,CUST_2235,39265.51,NetBanking,customer_abandoned,87295.54,3,1,0.2,16,13,not_applicable,1,0,1
TXN_5756,CUST_1405,36664.82,Wallet,bank_declined,25889.18,20,5,0.28,10,72,inactive,0,1,0
TXN_5757,CUST_2177,19054.75,UPI,customer_abandoned,152925.53,6,3,0.71,20,19,inactive,0,4,1
TXN_5758,CUST_2367,413.65,Wallet,network_error,29286.52,23,1,0.22,2,66,active,0,3,1
TXN_5759,CUST_1904,7406.68,Wallet,bank_declined,82652.79,30,3,0.08,12,6,inactive,0,4,1
TXN_5760,CUST_2064,39407.27,NetBanking,authentication_failed,115279.07,4,7,0.09,3,33,active,1,4,0
TXN_5761,CUST_2576,48285.23,NetBanking,network_error,41270.35,8,3,0.7,20,39,inactive,1,4,0
TXN_5762,CUST_2092,27038.19,Card,customer_abandoned,65341.3,16,6,0.48,2,50,not_applicable,0,4,0
TXN_5763,CUST_2362,20091.79,Wallet,network_error,186038.66,12,4,0.74,23,40,not_applicable,0,4,1
TXN_5764,CUST_1599,29319.3,Card,insufficient_funds,138049.14,25,6,0.14,20,40,active,0,3,0
TXN_5765,CUST_2714,45286.86,UPI,customer_abandoned,113867.45,25,0,0.22,10,24,not_applicable,0,1,1
TXN_5766,CUST_1859,25959.52,UPI,bank_declined,109989.46,10,7,0.33,9,7,active,1,2,0
TXN_5767,CUST_2272,3527.37,NetBanking,authentication_failed,29882.8,24,7,0.55,13,73,inactive,1,4,0
TXN_5768,CUST_2783,44057.35,UPI,customer_abandoned,29287.13,5,6,0.67,16,11,active,0,3,0
TXN_5769,CUST_2061,20049.41,Card,network_error,153213.02,27,3,0.5,3,66,not_applicable,0,2,1
TXN_5770,CUST_2190,25309.04,NetBanking,insufficient_funds,118988.16,5,3,0.76,23,33,inactive,0,1,1
TXN_5771,CUST_1361,30819.19,NetBanking,customer_abandoned,158054.7,16,0,0.95,23,23,inactive,1,2,1
TXN_5772,CUST_2713,28898.15,Wallet,insufficient_funds,18168.36,29,1,0.36,12,22,not_applicable,1,2,1
TXN_5773,CUST_2579,41778.34,Card,bank_declined,103165.09,3,4,0.73,19,16,not_applicable,1,1,1
TXN_5774,CUST_1274,23278.18,Wallet,customer_abandoned,180362.22,1,2,0.22,6,12,inactive,1,0,0
TXN_5775,CUST_1265,21727.1,UPI,insufficient_funds,141181.93,30,6,0.45,0,80,inactive,1,1,0
TXN_5776,CUST_2700,33523.27,NetBanking,bank_declined,51623.37,6,3,0.75,8,87,inactive,0,1,1
TXN_5777,CUST_2330,19847.96,Wallet,card_expired,131545.61,7,5,0.83,12,35,active,1,1,1
TXN_5778,CUST_2213,36112.11,Wallet,insufficient_funds,72460.18,25,2,0.12,10,19,active,1,0,1
TXN_5779,CUST_1550,43255.21,Card,bank_declined,171608.94,27,1,0.95,15,16,not_applicable,0,3,1
TXN_5780,CUST_2890,26886.77,NetBanking,insufficient_funds,130087.93,8,4,0.71,17,46,active,1,0,1
TXN_5781,CUST_2297,38523.57,Card,customer_abandoned,72534.84,7,5,0.18,9,83,inactive,0,1,0
TXN_5782,CUST_1525,697.74,UPI,bank_declined,70714.05,29,5,0.09,7,5,inactive,0,0,0
TXN_5783,CUST_1462,31447.68,UPI,insufficient_funds,179001.13,8,5,0.84,20,67,not_applicable,0,3,0
TXN_5784,CUST_1745,6790.75,Card,card_expired,39421.38,8,0,0.97,16,62,active,1,3,0
TXN_5785,CUST_2151,9206.86,Card,card_expired,168308.48,10,5,0.4,11,51,active,1,4,1
TXN_5786,CUST_2136,13107.79,UPI,authentication_failed,79251.13,24,2,0.5,17,33,active,1,2,0
TXN_5787,CUST_2085,43451.0,Wallet,authentication_failed,115296.66,17,0,0.22,1,44,not_applicable,1,3,0
TXN_5788,CUST_2457,48784.09,Card,card_expired,121946.87,29,8,0.78,0,58,not_applicable,0,3,0
TXN_5789,CUST_2289,26647.16,Wallet,insufficient_funds,86361.87,18,4,0.7,0,38,inactive,1,2,0
TXN_5790,CUST_1053,25417.44,UPI,network_error,96692.62,25,5,0.34,0,42,inactive,1,2,1
TXN_5791,CUST_2601,46968.46,NetBanking,authentication_failed,63899.86,19,0,0.8,20,50,inactive,1,4,1
TXN_5792,CUST_2017,39566.79,Card,card_expired,187416.86,6,2,0.62,9,23,active,1,1,1
TXN_5793,CUST_1037,8468.1,UPI,network_error,125715.8,7,1,0.77,18,13,active,1,4,1
TXN_5794,CUST_1961,37063.61,UPI,customer_abandoned,155916.89,27,3,0.83,12,30,inactive,0,0,1
TXN_5795,CUST_2730,34112.17,NetBanking,customer_abandoned,61546.4,4,0,0.74,4,70,inactive,0,1,1
TXN_5796,CUST_2670,29917.46,Card,card_expired,83752.16,5,8,0.16,13,86,active,1,0,0
TXN_5797,CUST_2465,3970.69,Card,customer_abandoned,123996.46,9,5,0.85,9,17,active,1,4,0
TXN_5798,CUST_1319,3405.35,Card,bank_declined,92035.93,7,0,0.74,4,29,not_applicable,0,0,1
TXN_5799,CUST_1030,13655.4,UPI,insufficient_funds,47169.23,6,2,0.4,14,67,not_applicable,0,4,0
TXN_5800,CUST_2350,17694.67,Card,bank_declined,145979.98,21,3,0.61,10,7,not_applicable,1,4,0
TXN_5801,CUST_1196,31923.51,Card,bank_declined,95938.36,7,2,0.93,19,41,inactive,0,3,0
TXN_5802,CUST_1841,36335.7,Card,authentication_failed,146441.3,8,8,0.22,8,52,not_applicable,1,3,0
TXN_5803,CUST_1585,24610.04,UPI,authentication_failed,136097.79,24,7,0.15,14,74,inactive,0,3,0
TXN_5804,CUST_1141,29346.75,NetBanking,insufficient_funds,64486.43,17,3,0.5,0,82,inactive,0,4,0
TXN_5805,CUST_1110,32063.63,Wallet,card_expired,97941.93,28,3,0.0,12,7,active,1,1,1
TXN_5806,CUST_2863,21163.87,UPI,customer_abandoned,68997.97,10,6,0.09,15,20,inactive,0,3,0
TXN_5807,CUST_2527,11266.24,Card,network_error,187138.53,5,2,0.43,9,41,not_applicable,1,3,0
TXN_5808,CUST_2771,7026.95,Wallet,card_expired,16727.5,17,2,0.59,22,38,active,0,0,1
TXN_5809,CUST_1572,24978.03,Wallet,card_expired,74642.35,19,2,0.8,5,23,active,0,1,1
TXN_5810,CUST_2069,22967.45,UPI,card_expired,144535.82,16,5,0.43,5,20,active,1,4,1
TXN_5811,CUST_1057,33118.05,Wallet,card_expired,82695.29,15,0,0.5,18,90,inactive,0,0,0
TXN_5812,CUST_1569,33114.41,NetBanking,insufficient_funds,181094.05,5,4,0.18,10,20,active,0,2,1
TXN_5813,CUST_2660,45442.22,NetBanking,network_error,65199.8,14,0,0.97,16,85,not_applicable,0,4,1
TXN_5814,CUST_2446,45143.29,Card,customer_abandoned,89597.21,20,5,0.07,1,35,inactive,0,4,1
TXN_5815,CUST_2416,12671.82,Card,card_expired,5427.77,20,7,0.14,8,14,inactive,0,2,1
TXN_5816,CUST_2132,48892.79,Card,card_expired,23180.97,22,8,0.46,14,65,not_applicable,1,4,0
TXN_5817,CUST_1163,37277.32,UPI,bank_declined,24493.72,7,0,0.24,18,81,not_applicable,1,2,0
TXN_5818,CUST_2149,27670.74,Wallet,bank_declined,174763.63,18,5,0.51,1,65,not_applicable,0,2,0
TXN_5819,CUST_2656,28213.11,Wallet,card_expired,159706.68,7,2,0.13,23,89,not_applicable,0,0,0
TXN_5820,CUST_1011,9471.61,Wallet,insufficient_funds,149471.18,17,6,0.59,2,71,inactive,1,4,0
TXN_5821,CUST_2691,12549.05,NetBanking,network_error,67115.08,21,7,0.97,9,59,not_applicable,1,1,1
TXN_5822,CUST_2521,45092.11,UPI,bank_declined,116525.77,17,3,0.12,23,46,not_applicable,1,2,1
TXN_5823,CUST_1084,47432.58,Wallet,authentication_failed,84294.55,4,2,0.86,14,84,active,0,2,1
TXN_5824,CUST_2676,28589.02,Card,customer_abandoned,168926.56,21,5,0.92,20,85,not_applicable,1,0,1
TXN_5825,CUST_2630,32020.44,UPI,customer_abandoned,1593.05,21,0,0.25,11,45,not_applicable,1,1,1
TXN_5826,CUST_2338,4765.3,NetBanking,insufficient_funds,56659.31,4,6,0.32,21,52,inactive,1,4,1
TXN_5827,CUST_1053,33463.26,NetBanking,insufficient_funds,85775.01,23,5,0.99,18,51,inactive,1,0,1
TXN_5828,CUST_1508,23854.95,Card,network_error,129765.38,26,4,0.06,5,36,inactive,0,1,1
TXN_5829,CUST_1048,5083.38,Wallet,bank_declined,28916.18,8,3,0.16,4,52,not_applicable,0,2,1
TXN_5830,CUST_1451,34193.45,NetBanking,insufficient_funds,131430.07,22,3,0.56,15,9,inactive,0,2,1
TXN_5831,CUST_1389,31082.4,UPI,insufficient_funds,82619.79,19,1,0.15,10,86,inactive,0,0,0
TXN_5832,CUST_2267,6566.15,NetBanking,card_expired,38943.05,23,1,0.82,23,23,active,1,1,1
TXN_5833,CUST_2510,31586.46,Wallet,bank_declined,84222.35,18,7,0.4,9,56,not_applicable,1,0,1
TXN_5834,CUST_1890,37026.28,Wallet,customer_abandoned,102532.43,20,6,0.97,9,36,active,1,1,0
TXN_5835,CUST_1075,20680.23,Wallet,customer_abandoned,164303.83,23,0,0.54,14,67,active,0,0,1
TXN_5836,CUST_2501,2842.71,UPI,insufficient_funds,115220.97,4,4,0.9,9,67,active,1,3,0
TXN_5837,CUST_2241,39337.23,NetBanking,card_expired,32825.88,3,1,0.36,23,65,inactive,1,4,0
TXN_5838,CUST_2337,15864.17,UPI,insufficient_funds,116328.33,8,4,0.36,18,8,active,0,3,0
TXN_5839,CUST_1347,21981.21,Card,customer_abandoned,58036.5,2,4,0.1,18,22,active,1,4,1
TXN_5840,CUST_2230,667.53,Card,insufficient_funds,1328.85,22,6,0.83,9,7,inactive,0,1,0
TXN_5841,CUST_1150,36382.43,UPI,network_error,4039.49,1,4,0.23,21,26,active,0,2,0
TXN_5842,CUST_1758,40449.35,UPI,card_expired,113793.17,2,5,0.24,23,66,not_applicable,1,4,0
TXN_5843,CUST_1648,1140.99,UPI,network_error,122784.19,13,0,0.02,13,56,inactive,0,2,0
TXN_5844,CUST_1237,9250.85,NetBanking,authentication_failed,142430.77,7,5,0.16,2,42,inactive,0,4,0
TXN_5845,CUST_1719,4122.5,UPI,bank_declined,153588.91,23,2,0.58,14,60,active,0,0,1
TXN_5846,CUST_1701,42444.45,Card,authentication_failed,109856.7,12,1,0.92,3,42,active,0,0,0
TXN_5847,CUST_2857,46033.34,Wallet,card_expired,16479.25,27,7,0.12,3,32,active,1,4,1
TXN_5848,CUST_1394,24431.28,NetBanking,insufficient_funds,48404.6,1,6,0.77,3,82,inactive,1,0,0
TXN_5849,CUST_2293,36388.06,NetBanking,customer_abandoned,167619.87,27,7,0.78,5,40,inactive,0,0,1
TXN_5850,CUST_2739,20140.77,UPI,network_error,83236.95,6,7,0.49,2,23,active,0,3,0
TXN_5851,CUST_1297,22678.26,NetBanking,customer_abandoned,102645.82,1,8,0.53,20,39,inactive,0,2,1
TXN_5852,CUST_2897,25914.99,UPI,authentication_failed,46926.0,16,6,0.66,23,4,not_applicable,1,4,0
TXN_5853,CUST_1262,16036.65,NetBanking,card_expired,129415.88,26,3,0.15,13,4,active,0,4,0
TXN_5854,CUST_2506,45470.27,Card,insufficient_funds,182350.32,26,1,0.58,22,34,active,0,4,0
TXN_5855,CUST_2251,42715.37,UPI,card_expired,191752.08,26,7,0.49,22,14,not_applicable,0,1,0
TXN_5856,CUST_2057,20840.51,Wallet,bank_declined,15324.41,23,1,0.42,10,90,not_applicable,1,4,1
TXN_5857,CUST_1307,40263.79,NetBanking,bank_declined,178583.05,20,3,0.05,9,90,inactive,0,1,1
TXN_5858,CUST_1829,5460.48,Wallet,bank_declined,40947.69,20,2,0.9,15,31,not_applicable,1,4,1
TXN_5859,CUST_2749,37951.39,Wallet,network_error,13812.44,28,4,0.42,17,8,active,0,2,1
TXN_5860,CUST_1143,6756.98,Card,authentication_failed,65837.76,20,2,0.06,22,59,active,1,1,0
TXN_5861,CUST_1039,48547.47,Wallet,network_error,165582.05,15,7,0.97,19,66,active,1,3,0
TXN_5862,CUST_1939,42774.27,UPI,insufficient_funds,115858.26,15,0,0.52,16,88,active,1,0,1
TXN_5863,CUST_2030,40922.94,Card,customer_abandoned,37231.45,11,1,0.06,22,88,active,0,0,0
TXN_5864,CUST_1727,288.53,Wallet,authentication_failed,195389.04,5,0,0.73,17,23,not_applicable,0,3,0
TXN_5865,CUST_1789,34921.21,UPI,customer_abandoned,163757.16,12,2,0.25,0,10,inactive,0,4,1
TXN_5866,CUST_2662,40238.04,NetBanking,customer_abandoned,50621.57,3,2,0.04,12,82,inactive,0,4,0
TXN_5867,CUST_2876,10112.26,Wallet,authentication_failed,13982.85,13,1,0.73,2,2,not_applicable,1,0,1
TXN_5868,CUST_2379,44230.87,Card,authentication_failed,51182.05,0,2,0.45,21,83,not_applicable,1,3,0
TXN_5869,CUST_2839,43885.5,Wallet,card_expired,105399.6,24,6,0.37,0,67,inactive,0,1,1
TXN_5870,CUST_1447,15581.3,NetBanking,insufficient_funds,16805.32,12,6,0.45,22,51,not_applicable,1,3,1
TXN_5871,CUST_1017,1635.96,NetBanking,bank_declined,117590.57,0,8,0.59,20,3,not_applicable,0,2,1
TXN_5872,CUST_2702,14394.59,UPI,customer_abandoned,56488.49,19,0,0.44,17,27,active,1,4,0
TXN_5873,CUST_1382,36843.66,NetBanking,insufficient_funds,128708.66,22,8,0.76,1,44,inactive,1,2,0
TXN_5874,CUST_1638,46156.76,UPI,authentication_failed,86756.41,18,4,0.98,2,16,inactive,0,3,0
TXN_5875,CUST_1134,35746.82,Wallet,insufficient_funds,107267.85,11,0,0.82,22,23,not_applicable,0,3,1
TXN_5876,CUST_1817,39218.54,UPI,authentication_failed,186103.57,3,8,0.73,3,39,not_applicable,0,3,0
TXN_5877,CUST_2010,3452.05,NetBanking,authentication_failed,41786.57,0,3,0.97,4,11,inactive,1,2,1
TXN_5878,CUST_2154,28116.31,UPI,insufficient_funds,74028.3,24,7,0.04,13,56,inactive,1,0,0
TXN_5879,CUST_2984,24995.75,UPI,bank_declined,43080.44,6,7,0.17,10,82,active,0,2,0
TXN_5880,CUST_2676,29336.62,Wallet,bank_declined,48743.67,20,2,0.59,5,79,inactive,0,4,1
TXN_5881,CUST_1507,23711.35,Wallet,insufficient_funds,171620.64,29,3,0.93,18,7,active,1,3,1
TXN_5882,CUST_1596,4881.0,Wallet,network_error,95732.79,27,5,0.59,12,60,inactive,0,2,1
TXN_5883,CUST_2930,16389.89,UPI,bank_declined,128557.83,7,4,0.0,21,89,inactive,1,1,1
TXN_5884,CUST_2225,11680.75,Card,network_error,183502.65,0,8,0.11,3,21,active,1,4,0
TXN_5885,CUST_1091,11820.2,UPI,card_expired,199234.43,15,8,0.0,2,0,active,0,1,1
TXN_5886,CUST_2298,43497.36,Card,insufficient_funds,134782.46,16,2,0.36,7,32,active,1,0,0
TXN_5887,CUST_2223,44686.69,UPI,authentication_failed,87357.03,14,5,0.57,15,90,not_applicable,1,0,1
TXN_5888,CUST_2815,49129.76,Wallet,network_error,90514.83,2,0,0.85,15,50,inactive,1,2,1
TXN_5889,CUST_2834,18653.46,UPI,bank_declined,33799.55,7,4,0.21,23,85,not_applicable,1,0,1
TXN_5890,CUST_1889,25588.0,Card,card_expired,46995.24,22,2,0.4,14,88,inactive,0,3,0
TXN_5891,CUST_1214,49369.27,UPI,bank_declined,170859.6,8,0,0.39,5,48,active,0,4,1
TXN_5892,CUST_2330,17197.51,NetBanking,network_error,133912.4,11,5,0.97,18,18,active,1,3,1
TXN_5893,CUST_2107,34026.26,Wallet,bank_declined,59888.84,27,3,0.27,6,85,not_applicable,1,2,1
TXN_5894,CUST_1721,48965.3,Card,authentication_failed,91173.64,30,1,0.94,17,5,active,0,4,0
TXN_5895,CUST_1602,12762.75,Wallet,network_error,80962.06,2,4,0.64,9,32,active,0,3,1
TXN_5896,CUST_2851,4888.33,Card,network_error,198745.91,24,0,0.75,19,7,not_applicable,1,3,1
TXN_5897,CUST_1695,30946.61,Card,customer_abandoned,18426.99,14,4,0.5,14,50,active,0,4,1
TXN_5898,CUST_2464,44840.39,Card,customer_abandoned,68138.79,8,2,0.53,22,73,active,0,1,1
TXN_5899,CUST_1584,17066.46,Card,customer_abandoned,13910.96,15,8,0.51,10,20,active,1,3,0
TXN_5900,CUST_2483,391.5,UPI,bank_declined,20019.5,2,2,0.21,3,54,inactive,1,0,0
TXN_5901,CUST_2680,27098.46,Wallet,insufficient_funds,59474.74,2,0,0.28,12,54,inactive,1,4,1
TXN_5902,CUST_2387,7338.03,Card,customer_abandoned,99596.57,9,2,0.95,23,47,inactive,1,4,0
TXN_5903,CUST_1267,35888.55,Card,authentication_failed,86816.16,26,5,0.02,8,89,not_applicable,0,2,0
TXN_5904,CUST_2478,31633.02,NetBanking,customer_abandoned,22975.1,10,0,0.46,22,29,not_applicable,1,1,0
TXN_5905,CUST_2079,10333.73,Card,customer_abandoned,92758.65,8,6,0.46,12,77,active,0,2,1
TXN_5906,CUST_1602,41246.34,Wallet,insufficient_funds,152094.61,4,6,0.37,10,28,active,0,0,0
TXN_5907,CUST_1705,17539.2,Card,insufficient_funds,136278.45,15,0,0.7,14,76,active,0,2,0
TXN_5908,CUST_2444,22736.7,Wallet,authentication_failed,126854.68,13,0,0.54,2,45,active,0,1,1
TXN_5909,CUST_2904,23114.0,NetBanking,bank_declined,109422.2,2,2,0.95,19,67,active,1,2,1
TXN_5910,CUST_1559,49006.95,UPI,authentication_failed,108917.71,6,3,0.24,15,71,not_applicable,0,2,0
TXN_5911,CUST_2332,7170.58,Wallet,customer_abandoned,91133.64,9,2,0.02,11,3,inactive,1,1,0
TXN_5912,CUST_2077,49421.39,Card,insufficient_funds,134351.25,26,3,0.76,19,45,not_applicable,0,0,1
TXN_5913,CUST_1907,23707.73,Wallet,network_error,57958.4,14,5,0.89,10,0,active,1,1,1
TXN_5914,CUST_2990,22990.79,NetBanking,network_error,118021.5,25,6,0.51,22,7,not_applicable,0,3,1
TXN_5915,CUST_2758,11649.51,Wallet,card_expired,76100.83,6,6,0.79,2,34,active,1,3,0
TXN_5916,CUST_1575,20165.66,UPI,bank_declined,6859.06,24,1,0.75,13,28,active,1,3,0
TXN_5917,CUST_1851,31052.32,UPI,customer_abandoned,171451.7,8,8,0.52,22,20,not_applicable,1,1,0
TXN_5918,CUST_1853,820.66,NetBanking,authentication_failed,131026.26,10,1,0.49,14,67,active,1,2,0
TXN_5919,CUST_2524,34764.65,Wallet,network_error,197602.52,6,0,0.51,12,8,inactive,1,0,1
TXN_5920,CUST_1163,14408.31,Wallet,customer_abandoned,95895.4,8,1,0.87,19,48,inactive,0,0,1
TXN_5921,CUST_1125,48897.21,Card,bank_declined,198668.13,13,8,0.6,6,86,inactive,1,1,0
TXN_5922,CUST_1913,11230.14,Card,customer_abandoned,56021.59,25,8,0.05,15,61,inactive,1,2,0
TXN_5923,CUST_1533,2960.48,UPI,card_expired,143976.37,7,4,0.37,15,15,inactive,1,0,0
TXN_5924,CUST_2814,27288.19,Card,network_error,194778.1,8,0,0.7,4,68,not_applicable,0,3,1
TXN_5925,CUST_2676,38868.02,NetBanking,customer_abandoned,147757.82,24,6,0.89,10,23,not_applicable,0,3,0
TXN_5926,CUST_1980,42957.99,NetBanking,network_error,60904.19,5,7,0.94,11,32,inactive,1,0,1
TXN_5927,CUST_1479,46349.74,NetBanking,authentication_failed,192794.35,20,8,0.15,18,31,not_applicable,1,2,1
TXN_5928,CUST_2270,4377.58,NetBanking,bank_declined,44494.99,7,6,0.44,21,38,not_applicable,0,1,1
TXN_5929,CUST_2404,24479.3,UPI,authentication_failed,110531.48,8,7,0.69,1,42,inactive,1,3,1
TXN_5930,CUST_2772,39189.23,Wallet,bank_declined,45606.65,16,3,0.3,19,84,not_applicable,0,0,1
TXN_5931,CUST_2935,32258.17,Wallet,network_error,36967.32,24,2,0.26,14,7,inactive,0,4,0
TXN_5932,CUST_2106,16405.11,NetBanking,customer_abandoned,113762.7,4,8,0.4,14,8,inactive,0,2,0
TXN_5933,CUST_2334,18206.91,NetBanking,card_expired,82205.57,0,2,0.9,18,79,not_applicable,1,1,1
TXN_5934,CUST_2124,19024.13,NetBanking,bank_declined,156796.46,8,2,0.76,8,7,active,1,4,1
TXN_5935,CUST_2566,47693.16,UPI,bank_declined,159315.94,22,6,0.41,16,67,inactive,0,4,1
TXN_5936,CUST_2458,25482.86,Wallet,network_error,56265.09,6,4,0.3,21,22,inactive,0,2,1
TXN_5937,CUST_1899,7335.15,Wallet,insufficient_funds,37713.59,3,5,0.06,14,70,inactive,0,3,1
TXN_5938,CUST_2601,46557.29,UPI,bank_declined,117767.31,28,6,0.84,3,51,active,0,3,0
TXN_5939,CUST_1433,45093.52,Wallet,network_error,101765.95,27,1,0.07,7,67,not_applicable,1,1,1
TXN_5940,CUST_1129,15517.93,NetBanking,insufficient_funds,9667.96,22,3,0.31,2,72,not_applicable,0,3,0
TXN_5941,CUST_1870,11877.78,Wallet,customer_abandoned,53868.28,3,6,0.99,5,39,not_applicable,1,4,0
TXN_5942,CUST_2483,12035.4,Wallet,network_error,137671.0,28,6,0.86,5,9,not_applicable,0,1,1
TXN_5943,CUST_1639,43793.34,Wallet,authentication_failed,68688.26,20,2,0.2,4,32,inactive,1,4,0
TXN_5944,CUST_1867,30506.88,Wallet,insufficient_funds,74061.49,21,7,0.67,3,50,inactive,0,2,0
TXN_5945,CUST_2062,35079.55,NetBanking,network_error,70140.23,19,2,0.46,10,58,not_applicable,1,1,1
TXN_5946,CUST_1393,34342.63,NetBanking,card_expired,48504.02,19,8,0.84,1,3,not_applicable,0,2,0
TXN_5947,CUST_2553,11781.49,UPI,card_expired,195019.94,24,7,0.66,7,32,inactive,1,1,0
TXN_5948,CUST_1585,7960.61,Wallet,insufficient_funds,107110.98,30,1,0.16,11,40,not_applicable,0,1,1
TXN_5949,CUST_2942,20494.75,UPI,authentication_failed,144267.99,3,5,0.19,2,56,active,0,3,0
TXN_5950,CUST_2685,16374.0,UPI,network_error,89353.74,14,7,0.77,20,54,not_applicable,0,0,1
TXN_5951,CUST_1429,15470.47,UPI,network_error,77854.38,28,4,0.31,10,31,not_applicable,0,1,1
TXN_5952,CUST_1819,16697.96,NetBanking,card_expired,145413.84,11,5,0.58,0,28,inactive,0,1,0
TXN_5953,CUST_2422,15582.4,Card,customer_abandoned,45068.04,2,0,0.39,3,20,inactive,1,3,0
TXN_5954,CUST_1923,25387.47,NetBanking,authentication_failed,151150.21,2,4,0.19,18,75,not_applicable,1,4,1
TXN_5955,CUST_2562,17207.97,Wallet,network_error,60749.52,1,3,0.69,3,89,inactive,0,2,0
TXN_5956,CUST_1877,18985.74,Card,bank_declined,149622.55,17,3,0.88,5,5,active,1,1,1
TXN_5957,CUST_1675,1806.4,NetBanking,bank_declined,165646.41,12,3,0.77,12,60,not_applicable,0,3,0
TXN_5958,CUST_2025,38025.12,Wallet,card_expired,195905.65,13,4,0.43,21,39,not_applicable,1,4,0
TXN_5959,CUST_2039,23098.41,UPI,insufficient_funds,10240.3,21,6,0.29,6,16,inactive,1,1,1
TXN_5960,CUST_2156,15550.18,Card,customer_abandoned,137393.65,0,6,0.82,22,2,inactive,0,4,0
TXN_5961,CUST_1603,45016.88,Card,authentication_failed,16887.95,19,2,0.84,2,11,not_applicable,0,2,0
TXN_5962,CUST_1915,16167.5,NetBanking,card_expired,60444.32,20,5,0.31,1,55,not_applicable,1,4,1
TXN_5963,CUST_2842,41599.51,Card,insufficient_funds,66614.77,18,3,0.59,16,61,active,0,0,1
TXN_5964,CUST_1283,23492.06,UPI,card_expired,199759.78,16,2,0.16,23,75,not_applicable,0,4,1
TXN_5965,CUST_2549,41230.31,UPI,insufficient_funds,194470.72,11,0,0.18,21,86,inactive,1,2,1
TXN_5966,CUST_2003,941.67,Wallet,insufficient_funds,145215.66,13,8,0.64,1,80,inactive,0,1,0
TXN_5967,CUST_1078,39578.13,NetBanking,customer_abandoned,60539.91,30,0,0.13,0,41,not_applicable,1,3,0
TXN_5968,CUST_2066,4639.4,UPI,insufficient_funds,53385.49,25,3,0.37,3,35,active,0,3,0
TXN_5969,CUST_1001,39648.18,NetBanking,network_error,89108.1,8,3,0.72,5,13,not_applicable,0,0,1
TXN_5970,CUST_2863,17108.01,NetBanking,bank_declined,145448.99,18,5,0.68,19,80,not_applicable,0,4,0
TXN_5971,CUST_1167,30935.98,Wallet,authentication_failed,136913.42,23,1,0.38,19,48,not_applicable,0,4,1
TXN_5972,CUST_2770,8199.16,UPI,card_expired,176893.21,12,4,0.34,2,62,not_applicable,1,2,1
TXN_5973,CUST_2954,30041.37,Card,insufficient_funds,75821.35,29,5,0.82,18,38,not_applicable,0,3,0
TXN_5974,CUST_1051,33461.27,UPI,insufficient_funds,62343.34,13,8,0.21,0,13,active,1,1,1
TXN_5975,CUST_2519,30379.71,Wallet,insufficient_funds,131732.4,19,6,0.58,9,26,not_applicable,1,2,1
TXN_5976,CUST_2293,34585.4,Card,customer_abandoned,186372.41,8,7,0.12,6,16,active,0,4,0
TXN_5977,CUST_1847,15618.64,UPI,insufficient_funds,28181.2,11,3,0.53,10,25,not_applicable,0,2,1
TXN_5978,CUST_1451,28794.85,Card,bank_declined,149300.35,30,6,0.97,23,22,inactive,0,2,0
TXN_5979,CUST_2220,6006.53,Wallet,insufficient_funds,68364.22,8,6,0.26,8,70,not_applicable,1,2,0
TXN_5980,CUST_1729,27281.77,UPI,customer_abandoned,111099.62,12,3,0.23,5,36,active,1,3,1
TXN_5981,CUST_2549,36672.42,NetBanking,insufficient_funds,5175.02,2,3,0.4,11,25,not_applicable,0,0,1
TXN_5982,CUST_1480,26063.9,UPI,customer_abandoned,70177.93,12,6,0.25,15,56,not_applicable,0,4,0
TXN_5983,CUST_2776,5078.42,NetBanking,card_expired,163628.06,2,8,0.09,10,86,not_applicable,1,4,0
TXN_5984,CUST_2792,2379.22,UPI,bank_declined,156495.93,22,3,0.04,19,33,active,0,0,1
TXN_5985,CUST_2623,28707.54,Card,bank_declined,82502.71,24,8,0.28,20,41,inactive,0,4,0
TXN_5986,CUST_2464,39909.74,UPI,card_expired,194821.64,15,0,0.35,6,57,inactive,0,0,1
TXN_5987,CUST_1314,1924.63,UPI,bank_declined,152083.47,30,8,0.55,17,52,not_applicable,1,4,1
TXN_5988,CUST_1726,34905.1,Card,customer_abandoned,181593.76,1,7,0.89,8,66,inactive,0,1,1
TXN_5989,CUST_1524,23811.94,UPI,customer_abandoned,62317.16,18,5,0.51,22,83,active,1,0,1
TXN_5990,CUST_1654,30552.75,UPI,customer_abandoned,38033.42,2,8,0.66,3,31,not_applicable,1,0,0
TXN_5991,CUST_2012,31048.22,UPI,insufficient_funds,48681.36,1,4,0.43,16,45,inactive,0,1,0
TXN_5992,CUST_2396,43777.73,Card,customer_abandoned,98104.25,8,8,0.22,3,1,not_applicable,1,2,0
TXN_5993,CUST_1338,33819.36,NetBanking,bank_declined,43714.3,28,3,0.99,22,73,inactive,0,2,1
TXN_5994,CUST_2724,14519.95,NetBanking,network_error,131877.81,2,4,0.28,8,12,active,1,0,0
TXN_5995,CUST_1128,15480.98,UPI,authentication_failed,197661.3,6,2,0.61,3,42,active,1,0,1
TXN_5996,CUST_2016,3733.49,Wallet,insufficient_funds,70311.58,3,1,0.74,9,65,active,0,2,1
TXN_5997,CUST_2536,9792.73,UPI,authentication_failed,71884.38,12,5,0.26,4,86,inactive,0,1,0
TXN_5998,CUST_1252,17293.95,Wallet,network_error,62501.79,22,4,0.21,16,11,not_applicable,0,0,1
TXN_5999,CUST_1157,9855.58,UPI,card_expired,192551.35,22,3,0.15,7,89,active,0,3,1
TXN_6000,CUST_1931,21480.81,Wallet,bank_declined,76195.33,11,6,0.23,20,59,active,0,1,0
TXN_6001,CUST_2123,34307.85,Card,network_error,94046.62,16,4,0.06,3,37,active,1,2,0
TXN_6002,CUST_1805,49018.42,Card,card_expired,86777.64,25,8,0.61,0,62,inactive,0,2,0
TXN_6003,CUST_1409,16161.79,UPI,bank_declined,16386.44,23,5,0.46,0,78,not_applicable,1,1,1
TXN_6004,CUST_2074,949.87,UPI,network_error,116839.43,17,3,0.88,12,19,inactive,1,3,1
TXN_6005,CUST_1366,9244.47,UPI,insufficient_funds,154683.05,22,8,0.26,15,23,inactive,1,0,0
TXN_6006,CUST_2952,18961.66,UPI,bank_declined,79107.9,18,1,0.87,11,58,not_applicable,0,2,1
TXN_6007,CUST_1695,20357.48,NetBanking,insufficient_funds,107343.2,17,4,0.95,18,45,not_applicable,1,1,1
TXN_6008,CUST_2275,10465.0,Wallet,bank_declined,192543.21,7,5,0.96,4,17,active,1,1,1
TXN_6009,CUST_1262,7340.93,NetBanking,card_expired,84795.94,8,8,0.05,15,82,not_applicable,0,4,0
TXN_6010,CUST_2095,3967.05,UPI,customer_abandoned,12547.9,5,0,0.49,4,79,active,1,1,1
TXN_6011,CUST_1786,21397.12,NetBanking,insufficient_funds,71939.75,20,3,1.0,23,33,active,0,2,1
TXN_6012,CUST_2280,18824.55,NetBanking,network_error,77786.3,16,1,0.19,7,13,inactive,1,3,1
TXN_6013,CUST_1280,21998.87,NetBanking,card_expired,54888.26,1,3,0.16,1,17,inactive,0,1,0
TXN_6014,CUST_1032,25483.3,UPI,insufficient_funds,12608.32,3,3,0.15,2,36,inactive,1,2,1
TXN_6015,CUST_1378,27188.48,UPI,bank_declined,13626.41,7,7,0.69,20,61,not_applicable,0,2,0
TXN_6016,CUST_1687,36969.82,Card,customer_abandoned,150242.58,4,7,0.65,15,3,not_applicable,0,3,0
TXN_6017,CUST_1108,4489.49,NetBanking,authentication_failed,145629.33,14,6,0.14,19,83,inactive,1,1,0
TXN_6018,CUST_1719,47142.99,Wallet,customer_abandoned,101072.22,18,6,0.97,20,39,active,0,1,1
TXN_6019,CUST_1712,23930.07,UPI,network_error,13418.06,22,6,0.63,9,79,not_applicable,1,3,0
TXN_6020,CUST_1343,8850.85,Wallet,customer_abandoned,52507.23,12,3,0.75,6,72,inactive,0,0,1
TXN_6021,CUST_1907,42346.94,UPI,insufficient_funds,27248.88,19,4,0.04,15,40,active,1,1,1
TXN_6022,CUST_1262,48974.14,UPI,insufficient_funds,22958.1,2,2,0.1,15,1,not_applicable,1,1,1
TXN_6023,CUST_1263,15676.87,NetBanking,authentication_failed,143739.04,23,3,0.2,7,83,not_applicable,0,1,0
TXN_6024,CUST_2564,13337.96,UPI,bank_declined,90854.11,7,3,0.77,3,52,active,1,3,1
TXN_6025,CUST_2512,25837.04,Wallet,bank_declined,185746.0,21,4,0.26,13,74,inactive,0,3,0
TXN_6026,CUST_1234,30728.94,UPI,authentication_failed,124638.11,16,5,0.05,2,14,active,1,3,0
TXN_6027,CUST_2116,18784.36,Wallet,card_expired,149741.06,7,0,0.81,6,63,active,1,2,1
TXN_6028,CUST_2916,185.08,Wallet,insufficient_funds,127636.8,5,6,0.75,9,16,active,1,1,1
TXN_6029,CUST_2482,23285.84,NetBanking,bank_declined,193179.6,25,8,0.3,17,36,not_applicable,1,4,0
TXN_6030,CUST_2742,10621.65,Card,network_error,112201.37,2,4,0.95,14,82,not_applicable,1,2,1
TXN_6031,CUST_2770,15235.82,UPI,authentication_failed,128075.39,21,0,0.62,11,82,not_applicable,1,0,1
TXN_6032,CUST_1138,8055.37,Wallet,authentication_failed,127278.79,8,4,0.43,8,6,active,0,3,0
TXN_6033,CUST_2690,27034.25,NetBanking,authentication_failed,197864.08,19,4,0.35,5,35,inactive,0,3,1
TXN_6034,CUST_2244,4900.67,Card,network_error,146757.57,12,6,0.11,1,36,inactive,1,3,0
TXN_6035,CUST_1239,28584.96,UPI,authentication_failed,118963.16,16,1,0.78,13,8,not_applicable,0,3,1
TXN_6036,CUST_2468,29721.37,Wallet,customer_abandoned,182558.26,7,4,0.45,14,59,inactive,1,3,0
TXN_6037,CUST_2991,8173.25,NetBanking,bank_declined,80598.92,22,2,0.71,14,30,not_applicable,0,0,1
TXN_6038,CUST_2311,6539.76,UPI,bank_declined,22116.58,13,7,0.59,10,36,active,0,2,1
TXN_6039,CUST_1567,8396.35,NetBanking,bank_declined,118961.37,21,7,0.76,19,58,not_applicable,0,3,0
TXN_6040,CUST_2231,28952.41,UPI,network_error,20526.76,28,7,0.94,20,7,inactive,1,2,1
TXN_6041,CUST_2983,49875.53,Card,insufficient_funds,195738.96,0,1,0.78,15,25,active,1,0,1
TXN_6042,CUST_1309,27219.4,Wallet,card_expired,18280.45,30,5,0.9,18,22,active,0,4,1
TXN_6043,CUST_2282,48619.78,NetBanking,network_error,122068.21,14,2,0.52,8,6,inactive,1,2,1
TXN_6044,CUST_2614,19383.77,Card,bank_declined,94269.32,27,1,0.64,15,60,inactive,1,3,1
TXN_6045,CUST_1656,29834.63,Card,customer_abandoned,171566.07,12,4,0.86,4,34,active,1,2,1
TXN_6046,CUST_1316,17438.74,Card,card_expired,128275.2,0,2,0.45,4,6,inactive,0,0,0
TXN_6047,CUST_1856,18952.67,NetBanking,authentication_failed,198820.36,12,0,0.05,14,20,inactive,1,1,1
TXN_6048,CUST_2462,42075.32,UPI,customer_abandoned,130096.45,3,4,0.57,16,59,inactive,0,4,0
TXN_6049,CUST_1842,21524.2,Wallet,card_expired,19180.99,14,2,0.96,11,4,active,0,1,1
TXN_6050,CUST_2995,33302.92,UPI,customer_abandoned,106730.78,18,5,0.05,12,79,active,0,0,1
TXN_6051,CUST_1766,39647.61,UPI,network_error,30670.48,23,5,0.98,1,50,not_applicable,1,0,1
TXN_6052,CUST_2378,23668.85,NetBanking,authentication_failed,122662.64,16,4,0.11,8,85,inactive,0,1,1
TXN_6053,CUST_1812,3775.69,NetBanking,authentication_failed,109426.2,29,4,0.55,2,13,not_applicable,0,0,1
TXN_6054,CUST_2627,36280.37,Card,insufficient_funds,50660.93,17,6,0.89,15,51,not_applicable,0,2,1
TXN_6055,CUST_1119,30358.34,Wallet,card_expired,34627.29,7,2,0.86,3,46,active,1,2,0
TXN_6056,CUST_1255,38772.03,Wallet,network_error,188209.74,18,2,0.3,18,52,active,1,4,0
TXN_6057,CUST_1881,24495.77,NetBanking,card_expired,33619.52,2,4,0.67,21,27,inactive,0,1,1
TXN_6058,CUST_1067,14417.53,Wallet,insufficient_funds,6471.17,28,4,0.2,6,10,not_applicable,0,3,0
TXN_6059,CUST_1936,8461.39,Card,card_expired,39611.96,4,8,0.39,14,32,not_applicable,1,4,1
TXN_6060,CUST_2160,38235.75,Card,customer_abandoned,64629.93,12,7,0.95,9,21,not_applicable,1,0,0
TXN_6061,CUST_1168,22826.94,Wallet,network_error,94191.74,28,7,0.41,21,67,inactive,0,4,0
TXN_6062,CUST_2562,19392.95,UPI,insufficient_funds,106051.38,3,1,0.53,6,4,not_applicable,1,1,1
TXN_6063,CUST_2407,18004.01,Card,card_expired,143642.81,16,3,0.58,11,21,active,0,3,1
TXN_6064,CUST_2011,19325.72,NetBanking,insufficient_funds,180342.08,8,4,0.82,16,3,inactive,0,1,1
TXN_6065,CUST_1540,32760.27,NetBanking,authentication_failed,17845.34,21,6,0.95,17,32,inactive,0,2,0
TXN_6066,CUST_2728,28205.34,UPI,customer_abandoned,66684.09,5,6,0.43,3,50,not_applicable,1,2,0
TXN_6067,CUST_2292,45451.68,NetBanking,card_expired,92055.86,14,3,0.99,6,84,not_applicable,1,0,1
TXN_6068,CUST_1270,8111.64,UPI,bank_declined,38811.85,21,6,0.72,2,49,not_applicable,0,2,1
TXN_6069,CUST_1969,24069.04,Wallet,insufficient_funds,30495.6,1,2,0.43,19,54,not_applicable,1,2,1
TXN_6070,CUST_1601,22994.77,UPI,authentication_failed,33526.77,23,0,0.25,8,25,inactive,1,0,0
TXN_6071,CUST_1341,3571.1,Wallet,network_error,117283.19,29,0,0.61,10,1,active,1,3,1
TXN_6072,CUST_2594,20175.33,Card,card_expired,83386.14,30,7,0.33,5,35,inactive,1,2,0
TXN_6073,CUST_2655,17363.28,Wallet,insufficient_funds,83865.45,9,8,0.8,11,11,active,0,3,0
TXN_6074,CUST_1655,30993.82,Wallet,customer_abandoned,101613.29,7,2,0.31,5,86,inactive,1,4,0
TXN_6075,CUST_1145,27604.3,UPI,insufficient_funds,95994.94,26,7,0.67,16,43,active,0,2,0
TXN_6076,CUST_2234,48636.17,Card,customer_abandoned,126240.72,14,2,0.87,18,9,inactive,1,1,1
TXN_6077,CUST_2562,26558.76,Card,card_expired,43714.86,28,2,0.09,11,31,not_applicable,1,0,1
TXN_6078,CUST_2130,37366.64,Wallet,bank_declined,83042.23,25,7,0.67,12,11,inactive,1,2,0
TXN_6079,CUST_2391,21910.58,Wallet,card_expired,58761.07,5,4,0.38,11,66,not_applicable,0,3,0
TXN_6080,CUST_1886,32344.74,UPI,network_error,24087.68,18,8,0.09,6,30,not_applicable,1,0,0
TXN_6081,CUST_2052,27360.27,Card,customer_abandoned,86609.82,26,3,0.15,15,65,active,1,0,1
TXN_6082,CUST_1720,39507.61,Card,network_error,178034.63,13,8,0.7,12,48,not_applicable,0,4,1
TXN_6083,CUST_2934,33553.45,UPI,network_error,48956.13,18,5,0.32,13,42,active,0,0,1
TXN_6084,CUST_1101,38810.21,Card,card_expired,130071.82,15,5,0.61,0,78,active,1,0,1
TXN_6085,CUST_1575,11914.94,Wallet,insufficient_funds,89484.24,19,2,0.63,17,4,active,0,3,0
TXN_6086,CUST_2641,39613.41,UPI,bank_declined,58133.69,4,1,0.77,6,60,inactive,1,1,1
TXN_6087,CUST_2021,33541.62,Card,authentication_failed,91688.16,5,2,0.95,21,52,not_applicable,1,4,0
TXN_6088,CUST_1671,33782.75,NetBanking,card_expired,115730.47,15,6,0.17,23,16,not_applicable,0,1,0
TXN_6089,CUST_2924,39977.31,Wallet,customer_abandoned,32332.82,18,8,0.19,6,18,inactive,0,3,1
TXN_6090,CUST_1356,35891.32,UPI,authentication_failed,50846.88,26,5,0.59,19,64,active,1,0,0
TXN_6091,CUST_2361,42239.22,UPI,authentication_failed,146134.83,25,8,0.83,0,76,not_applicable,0,2,0
TXN_6092,CUST_1039,32046.94,Card,card_expired,9007.93,12,2,0.07,14,18,inactive,1,2,0
TXN_6093,CUST_2697,1318.56,Card,card_expired,116373.24,15,5,0.84,19,33,active,1,3,0
TXN_6094,CUST_1476,2337.54,Card,customer_abandoned,143055.64,22,7,0.93,5,23,active,0,2,0
TXN_6095,CUST_1713,28964.52,Card,card_expired,46775.74,10,0,0.02,3,50,not_applicable,0,1,0
TXN_6096,CUST_2160,11628.21,Wallet,bank_declined,171774.37,11,1,0.47,2,90,not_applicable,1,2,1
TXN_6097,CUST_2668,37721.43,UPI,network_error,156106.69,0,8,0.64,12,22,inactive,1,0,1
TXN_6098,CUST_1460,49116.69,Card,authentication_failed,189430.2,13,6,0.82,23,0,not_applicable,1,3,1
TXN_6099,CUST_1662,33199.96,Card,customer_abandoned,21646.29,18,6,0.27,12,39,inactive,0,0,0
TXN_6100,CUST_2048,6956.75,UPI,card_expired,88406.67,29,2,0.15,21,0,inactive,0,1,0
TXN_6101,CUST_2509,40304.39,UPI,authentication_failed,15250.77,22,1,0.25,17,33,inactive,1,2,1
TXN_6102,CUST_2762,40172.0,UPI,network_error,189144.66,29,3,1.0,13,74,not_applicable,1,0,0
TXN_6103,CUST_2986,20565.89,Wallet,network_error,50815.36,28,6,0.76,20,46,inactive,0,4,1
TXN_6104,CUST_1776,40339.38,Wallet,authentication_failed,107256.99,14,6,0.79,1,23,active,0,3,0
TXN_6105,CUST_1562,25450.56,NetBanking,authentication_failed,113240.73,22,5,0.94,21,13,inactive,0,3,0
TXN_6106,CUST_2365,46840.74,UPI,customer_abandoned,161166.92,8,3,0.73,21,32,active,1,4,1
TXN_6107,CUST_1212,30310.71,Wallet,card_expired,49571.92,13,3,0.19,3,63,inactive,1,2,0
TXN_6108,CUST_2450,36284.46,NetBanking,card_expired,43427.65,5,2,0.62,3,23,not_applicable,1,1,0
TXN_6109,CUST_2980,8016.89,UPI,customer_abandoned,106839.56,25,7,0.28,6,65,active,0,1,0
TXN_6110,CUST_1527,23401.22,Wallet,card_expired,118431.6,3,7,0.05,10,12,active,0,4,0
TXN_6111,CUST_2900,12957.33,NetBanking,authentication_failed,7099.47,7,8,0.13,10,1,not_applicable,0,1,0
TXN_6112,CUST_1344,9225.42,Wallet,insufficient_funds,160872.14,0,4,0.44,10,26,not_applicable,1,0,0
TXN_6113,CUST_2976,5104.82,Card,bank_declined,60290.15,20,6,0.8,23,25,not_applicable,1,1,1
TXN_6114,CUST_1134,8078.88,Wallet,insufficient_funds,81419.12,19,1,0.56,12,29,active,1,2,1
TXN_6115,CUST_1913,31419.33,UPI,customer_abandoned,79625.05,11,4,0.01,6,31,not_applicable,0,2,0
TXN_6116,CUST_1619,35648.14,UPI,network_error,126139.12,25,6,0.34,17,73,active,0,0,1
TXN_6117,CUST_1815,19419.17,Card,authentication_failed,140423.72,30,4,0.58,10,70,not_applicable,0,1,0
TXN_6118,CUST_2903,32190.37,NetBanking,bank_declined,137760.44,14,1,0.37,21,71,inactive,0,4,1
TXN_6119,CUST_2359,42166.42,UPI,network_error,35858.14,23,2,0.9,11,37,not_applicable,0,0,1
TXN_6120,CUST_2884,36215.11,NetBanking,bank_declined,163005.3,7,6,0.51,10,12,active,0,4,0
TXN_6121,CUST_2979,45781.02,Wallet,insufficient_funds,46939.86,25,3,0.26,13,59,not_applicable,1,3,0
TXN_6122,CUST_1167,42987.34,Wallet,insufficient_funds,187818.86,13,0,0.22,10,34,active,0,3,0
TXN_6123,CUST_2396,12984.33,UPI,network_error,194157.61,24,3,0.6,12,60,active,0,3,1
TXN_6124,CUST_2435,1803.08,NetBanking,network_error,30349.42,0,6,0.19,19,47,active,0,1,0
TXN_6125,CUST_1221,11216.02,Wallet,authentication_failed,193859.18,26,4,0.64,0,84,not_applicable,1,4,0
TXN_6126,CUST_2576,10969.04,Wallet,card_expired,178648.56,19,6,0.67,14,18,active,1,0,1
TXN_6127,CUST_2135,47828.41,Wallet,card_expired,26002.55,19,3,0.1,2,78,active,1,3,1
TXN_6128,CUST_2130,43319.69,Wallet,bank_declined,117168.52,23,8,0.37,12,88,inactive,1,2,1
TXN_6129,CUST_1029,15352.64,UPI,authentication_failed,48438.75,26,2,0.49,20,46,inactive,0,0,0
TXN_6130,CUST_1927,24236.81,NetBanking,bank_declined,191364.69,25,0,0.84,8,50,active,1,0,0
TXN_6131,CUST_1604,40335.82,Card,authentication_failed,71595.44,27,4,0.81,1,29,not_applicable,1,1,0
TXN_6132,CUST_2731,47357.09,Wallet,network_error,136956.37,10,4,0.21,11,56,inactive,0,4,1
TXN_6133,CUST_1602,7445.29,UPI,bank_declined,193143.84,4,5,0.46,21,7,not_applicable,1,3,0
TXN_6134,CUST_1402,23305.7,Wallet,customer_abandoned,132502.7,23,0,0.02,6,65,inactive,1,1,1
TXN_6135,CUST_2038,21869.84,Card,card_expired,126495.58,3,3,0.17,4,79,not_applicable,1,3,0
TXN_6136,CUST_2048,18283.79,Card,bank_declined,163669.62,6,5,0.1,17,89,not_applicable,1,4,0
TXN_6137,CUST_2185,14737.08,UPI,authentication_failed,159281.25,14,7,0.4,13,31,not_applicable,1,4,0
TXN_6138,CUST_2907,46721.83,Wallet,customer_abandoned,5104.7,25,2,0.01,4,42,not_applicable,1,1,0
TXN_6139,CUST_1998,32355.01,Wallet,card_expired,59302.96,13,6,0.49,5,64,inactive,0,0,0
TXN_6140,CUST_1945,9703.04,UPI,network_error,85474.78,11,3,0.83,20,43,not_applicable,1,2,1
TXN_6141,CUST_1399,29359.49,NetBanking,bank_declined,174877.0,25,0,0.31,13,85,not_applicable,1,4,1
TXN_6142,CUST_2594,43097.2,Card,authentication_failed,41320.52,8,8,0.36,13,30,active,1,1,1
TXN_6143,CUST_2066,49162.61,NetBanking,bank_declined,45422.76,22,4,0.07,3,57,not_applicable,0,4,0
TXN_6144,CUST_1612,19946.82,Card,insufficient_funds,88760.11,9,1,0.62,8,20,active,1,2,0
TXN_6145,CUST_1634,16584.37,UPI,authentication_failed,170146.92,12,7,0.09,12,18,inactive,0,4,0
TXN_6146,CUST_2953,25251.85,NetBanking,network_error,12872.78,8,0,0.39,9,2,inactive,0,3,1
TXN_6147,CUST_2303,12150.0,Wallet,insufficient_funds,141489.18,6,5,0.3,8,59,inactive,1,1,0
TXN_6148,CUST_1102,27878.86,Wallet,customer_abandoned,167135.84,28,7,0.41,18,77,inactive,1,0,1
TXN_6149,CUST_2366,45011.18,UPI,authentication_failed,158149.21,0,6,0.19,22,83,inactive,0,4,0
TXN_6150,CUST_2742,25144.46,NetBanking,insufficient_funds,149447.39,15,2,0.49,7,35,inactive,0,2,1
TXN_6151,CUST_2487,28538.48,UPI,bank_declined,98934.66,3,1,0.52,15,6,not_applicable,0,4,1
TXN_6152,CUST_1310,44752.37,Card,insufficient_funds,91253.88,18,2,0.46,10,11,not_applicable,0,4,0
TXN_6153,CUST_1058,26027.5,UPI,card_expired,190127.04,18,5,0.65,1,8,not_applicable,0,2,0
TXN_6154,CUST_1903,26623.69,NetBanking,customer_abandoned,125817.49,26,7,0.64,5,78,not_applicable,0,2,0
TXN_6155,CUST_1758,8969.03,NetBanking,card_expired,7685.04,7,7,0.34,16,24,not_applicable,0,2,0
TXN_6156,CUST_2255,3184.03,Wallet,bank_declined,163178.5,15,4,0.34,10,48,not_applicable,1,2,0
TXN_6157,CUST_1279,7805.06,Wallet,card_expired,12330.06,6,3,0.48,7,81,not_applicable,1,3,0
TXN_6158,CUST_1701,46876.22,UPI,authentication_failed,3050.38,29,0,0.41,6,37,not_applicable,0,0,1
TXN_6159,CUST_2145,19282.47,Card,bank_declined,19528.75,2,3,0.3,1,15,inactive,0,3,0
TXN_6160,CUST_2355,9339.07,NetBanking,customer_abandoned,93845.78,27,4,0.84,18,5,active,1,4,0
TXN_6161,CUST_1497,2558.11,NetBanking,insufficient_funds,33019.77,30,7,0.28,21,61,not_applicable,0,1,1
TXN_6162,CUST_1583,18113.64,Card,customer_abandoned,168964.14,20,0,0.72,22,58,active,0,0,1
TXN_6163,CUST_2281,31265.42,Card,insufficient_funds,23489.51,25,6,0.26,21,2,inactive,0,4,0
TXN_6164,CUST_1337,8735.79,Card,insufficient_funds,123662.71,16,6,0.56,14,81,not_applicable,0,0,0
TXN_6165,CUST_2354,49509.62,UPI,authentication_failed,84945.51,25,0,0.1,4,30,not_applicable,0,3,0
TXN_6166,CUST_2182,29236.3,Wallet,insufficient_funds,195834.81,24,2,0.57,21,45,inactive,1,1,0
TXN_6167,CUST_2602,22262.23,NetBanking,network_error,87732.38,9,4,0.5,21,8,active,0,2,1
TXN_6168,CUST_1597,18444.04,Wallet,customer_abandoned,172913.32,5,8,0.03,12,31,not_applicable,1,1,0
TXN_6169,CUST_1627,25598.49,UPI,customer_abandoned,121799.42,5,3,0.28,16,89,inactive,0,0,0
TXN_6170,CUST_1461,24278.43,UPI,network_error,137695.09,20,5,0.77,19,9,inactive,1,0,1
TXN_6171,CUST_2243,17144.99,UPI,authentication_failed,199890.65,20,0,0.85,20,24,not_applicable,1,3,0
TXN_6172,CUST_1283,9835.78,Wallet,authentication_failed,63490.23,7,5,0.45,7,73,not_applicable,0,0,1
TXN_6173,CUST_1784,38940.28,Wallet,card_expired,170397.98,7,3,0.27,16,23,inactive,1,2,0
TXN_6174,CUST_2679,14234.13,Card,bank_declined,22695.61,17,0,0.68,5,88,inactive,1,3,0
TXN_6175,CUST_2067,33418.12,Card,card_expired,129944.9,30,8,0.81,11,70,inactive,1,1,1
TXN_6176,CUST_1055,39195.66,UPI,insufficient_funds,199856.03,21,1,0.85,20,89,not_applicable,1,2,1
TXN_6177,CUST_1620,33142.05,NetBanking,authentication_failed,84934.52,27,4,0.73,15,76,active,0,3,0
TXN_6178,CUST_1555,31611.76,UPI,bank_declined,159459.4,3,8,0.45,14,1,active,0,1,0
TXN_6179,CUST_1210,27997.48,Wallet,network_error,53743.66,10,0,0.38,4,44,inactive,0,4,1
TXN_6180,CUST_1152,19201.25,UPI,card_expired,161951.42,5,0,0.54,22,35,active,0,1,0
TXN_6181,CUST_2310,23545.21,Wallet,card_expired,58998.88,16,1,0.48,1,19,not_applicable,1,1,1
TXN_6182,CUST_2219,46605.76,NetBanking,network_error,9194.28,10,5,0.68,3,19,inactive,0,3,1
TXN_6183,CUST_1114,47966.01,UPI,network_error,36349.61,24,6,0.53,20,27,active,0,1,1
TXN_6184,CUST_1324,25009.26,NetBanking,insufficient_funds,25966.16,14,6,0.84,13,55,not_applicable,0,0,1
TXN_6185,CUST_2855,25713.09,Card,network_error,104698.12,9,6,0.97,5,12,active,0,2,1
TXN_6186,CUST_1746,14463.23,NetBanking,authentication_failed,48919.06,5,5,0.13,12,44,inactive,0,0,0
TXN_6187,CUST_2187,34568.76,Card,authentication_failed,122365.55,29,5,0.04,19,4,not_applicable,1,2,1
TXN_6188,CUST_1153,32130.19,NetBanking,network_error,192813.88,11,3,0.59,14,54,active,1,4,1
TXN_6189,CUST_2857,19137.88,Card,bank_declined,35992.3,30,6,0.72,9,65,inactive,1,2,0
TXN_6190,CUST_2019,10112.44,Wallet,network_error,32539.38,18,5,0.08,21,41,not_applicable,1,3,1
TXN_6191,CUST_2480,11730.18,UPI,bank_declined,69488.54,3,8,0.28,13,46,active,1,3,0
TXN_6192,CUST_2226,35731.04,Wallet,bank_declined,174248.53,27,5,0.18,2,12,inactive,0,2,1
TXN_6193,CUST_2262,17692.85,Card,bank_declined,196124.91,13,8,0.3,14,0,inactive,0,3,0
TXN_6194,CUST_1537,25830.43,Wallet,authentication_failed,30995.49,15,5,0.04,1,69,active,1,3,0
TXN_6195,CUST_1834,36639.74,UPI,customer_abandoned,92679.1,30,6,0.68,7,64,not_applicable,0,4,0
TXN_6196,CUST_1760,31527.08,UPI,customer_abandoned,119744.09,9,1,0.67,13,18,inactive,1,0,0
TXN_6197,CUST_2759,13508.46,Card,insufficient_funds,88552.67,20,2,0.45,5,42,active,0,1,0
TXN_6198,CUST_2568,18432.94,Card,authentication_failed,33338.53,0,2,0.25,18,86,not_applicable,1,2,0
TXN_6199,CUST_2433,36609.83,Wallet,card_expired,94597.58,28,7,0.71,12,31,inactive,0,2,1
TXN_6200,CUST_2047,44497.81,Wallet,bank_declined,196720.54,18,7,0.67,20,11,inactive,0,1,1
TXN_6201,CUST_2378,25445.87,NetBanking,bank_declined,186989.55,11,8,0.83,19,30,not_applicable,1,1,0
TXN_6202,CUST_2838,31192.38,Card,bank_declined,156062.14,16,4,0.54,18,77,not_applicable,0,3,0
TXN_6203,CUST_2209,17802.28,NetBanking,card_expired,178907.08,30,5,0.06,20,82,not_applicable,1,1,0
TXN_6204,CUST_1273,18686.95,Wallet,customer_abandoned,77951.82,21,5,0.88,2,16,active,0,0,0
TXN_6205,CUST_2122,29982.23,UPI,network_error,55310.85,21,4,0.48,18,58,active,0,0,1
TXN_6206,CUST_1162,17745.54,NetBanking,authentication_failed,21454.33,13,3,0.54,6,54,active,0,0,1
TXN_6207,CUST_1644,33074.32,UPI,bank_declined,64521.58,21,5,0.43,19,49,not_applicable,0,4,0
TXN_6208,CUST_2340,49627.65,Wallet,customer_abandoned,102014.47,30,4,0.02,1,3,not_applicable,1,4,0
TXN_6209,CUST_2005,43530.66,NetBanking,authentication_failed,154737.87,6,4,0.7,21,37,inactive,1,1,0
TXN_6210,CUST_1182,32921.08,UPI,customer_abandoned,153493.38,9,2,0.57,0,86,not_applicable,1,0,1
TXN_6211,CUST_2794,13921.79,Card,authentication_failed,49186.8,20,6,0.87,10,34,not_applicable,0,3,0
TXN_6212,CUST_2120,172.22,Wallet,card_expired,71273.15,10,5,0.86,1,90,inactive,1,0,1
TXN_6213,CUST_1685,262.07,UPI,authentication_failed,56970.6,1,3,0.91,14,47,inactive,1,0,1
TXN_6214,CUST_2712,25986.22,Wallet,authentication_failed,111094.14,12,0,0.33,21,51,active,1,4,0
TXN_6215,CUST_1564,40779.57,UPI,card_expired,22152.68,24,5,0.49,3,21,not_applicable,1,4,0
TXN_6216,CUST_1419,5273.65,Wallet,authentication_failed,104401.81,10,5,0.58,18,46,not_applicable,0,3,0
TXN_6217,CUST_1948,11818.32,UPI,customer_abandoned,59372.17,13,2,0.57,4,53,not_applicable,0,2,0
TXN_6218,CUST_1795,10952.91,NetBanking,authentication_failed,197194.86,0,6,0.71,0,67,not_applicable,0,3,0
TXN_6219,CUST_1869,4573.1,UPI,insufficient_funds,60783.62,0,2,0.06,22,28,inactive,0,1,0
TXN_6220,CUST_1055,49066.35,NetBanking,bank_declined,21949.34,18,6,0.56,18,14,inactive,1,1,0
TXN_6221,CUST_2441,35662.87,NetBanking,authentication_failed,40241.35,8,3,0.13,17,44,not_applicable,1,1,0
TXN_6222,CUST_1418,38575.11,Wallet,bank_declined,22216.0,18,8,0.23,22,34,not_applicable,0,1,0
TXN_6223,CUST_2499,48423.9,Wallet,customer_abandoned,118836.97,16,7,0.72,0,14,not_applicable,0,0,0
TXN_6224,CUST_1245,7303.79,Card,card_expired,119393.05,25,7,0.13,19,41,not_applicable,0,1,0
TXN_6225,CUST_1413,28491.26,UPI,bank_declined,112217.34,7,2,0.12,8,10,not_applicable,1,0,0
TXN_6226,CUST_2370,39931.89,Wallet,insufficient_funds,145458.56,4,7,0.08,16,62,not_applicable,1,1,0
TXN_6227,CUST_1503,44639.93,Wallet,authentication_failed,154056.65,20,0,1.0,16,8,active,0,1,1
TXN_6228,CUST_2508,24441.37,UPI,authentication_failed,48055.46,30,2,0.62,5,6,inactive,1,4,0
TXN_6229,CUST_1601,6449.43,Card,bank_declined,15305.69,3,7,0.69,16,71,active,1,2,0
TXN_6230,CUST_2200,30924.79,NetBanking,network_error,175980.91,3,0,0.74,9,18,not_applicable,1,4,1
TXN_6231,CUST_2210,49219.36,UPI,insufficient_funds,91794.96,22,2,0.11,16,37,active,0,2,0
TXN_6232,CUST_2566,1238.75,UPI,network_error,110426.83,1,1,0.31,17,83,active,0,1,1
TXN_6233,CUST_2012,27979.78,Wallet,customer_abandoned,48779.08,8,3,0.56,8,4,active,0,2,1
TXN_6234,CUST_2513,13398.84,Wallet,authentication_failed,77301.8,5,5,0.27,22,81,active,1,1,1
TXN_6235,CUST_1456,36276.61,Card,bank_declined,174368.09,16,1,0.17,7,52,not_applicable,0,1,1
TXN_6236,CUST_1096,6057.24,UPI,customer_abandoned,33042.65,28,5,0.53,4,78,not_applicable,1,4,1
TXN_6237,CUST_1856,17926.05,NetBanking,bank_declined,191743.15,12,2,0.04,2,11,inactive,1,0,0
TXN_6238,CUST_2298,9139.52,UPI,network_error,182582.52,5,0,0.06,16,17,active,0,2,0
TXN_6239,CUST_1020,10119.83,Wallet,customer_abandoned,61240.1,12,6,0.49,9,81,not_applicable,1,1,0
TXN_6240,CUST_1796,33409.65,Card,authentication_failed,194986.75,4,1,0.61,22,31,not_applicable,1,0,1
TXN_6241,CUST_2296,4491.46,UPI,insufficient_funds,125934.67,7,4,0.45,8,77,inactive,1,0,1
TXN_6242,CUST_2208,19471.73,Card,authentication_failed,136211.37,2,8,0.23,9,65,not_applicable,1,2,0
TXN_6243,CUST_1556,18868.51,NetBanking,customer_abandoned,61508.64,19,7,0.25,4,45,inactive,1,1,0
TXN_6244,CUST_2349,41853.64,UPI,bank_declined,13796.0,15,4,0.89,9,16,not_applicable,0,3,1
TXN_6245,CUST_2713,3356.56,NetBanking,network_error,113037.95,7,4,0.5,18,0,inactive,1,2,1
TXN_6246,CUST_1206,28767.77,NetBanking,bank_declined,58124.26,8,4,0.66,13,88,inactive,1,2,0
TXN_6247,CUST_2058,16803.7,UPI,bank_declined,165473.63,23,5,0.73,5,40,active,1,2,1
TXN_6248,CUST_1776,42396.13,NetBanking,insufficient_funds,184131.39,28,8,0.54,19,29,active,1,1,1
TXN_6249,CUST_1168,45798.03,Wallet,authentication_failed,38706.44,9,2,0.05,2,30,not_applicable,0,1,0
TXN_6250,CUST_2591,36375.62,Wallet,customer_abandoned,184731.54,19,7,0.64,10,33,not_applicable,0,4,1
TXN_6251,CUST_1439,4709.3,Wallet,network_error,13089.99,15,2,0.6,23,56,not_applicable,0,2,0
TXN_6252,CUST_1514,25185.79,Card,card_expired,11251.53,8,1,0.22,5,40,active,0,4,0
TXN_6253,CUST_2387,16959.07,Card,bank_declined,9677.07,24,1,0.9,5,36,inactive,0,1,1
TXN_6254,CUST_1470,33579.45,Wallet,card_expired,14367.39,1,7,0.05,9,8,not_applicable,1,2,0
TXN_6255,CUST_1443,44376.07,Wallet,insufficient_funds,106167.92,30,0,0.88,13,30,active,0,4,0
TXN_6256,CUST_2878,3885.1,Wallet,network_error,41189.54,6,3,0.66,11,20,active,0,4,0
TXN_6257,CUST_1699,14605.92,Card,customer_abandoned,84308.14,14,5,0.45,11,87,not_applicable,0,3,1
TXN_6258,CUST_2933,5262.57,Card,card_expired,56666.42,30,1,0.54,16,77,inactive,1,0,0
TXN_6259,CUST_2489,31568.8,UPI,authentication_failed,188386.9,16,5,0.8,16,72,not_applicable,0,4,0
TXN_6260,CUST_1250,10812.67,UPI,authentication_failed,90723.97,19,4,0.69,5,71,active,1,4,1
TXN_6261,CUST_1481,47990.84,NetBanking,card_expired,121485.1,24,0,0.53,13,32,active,0,4,0
TXN_6262,CUST_2526,3697.74,NetBanking,bank_declined,32064.89,6,4,0.05,6,24,inactive,1,0,0
TXN_6263,CUST_2574,16910.24,Wallet,card_expired,127833.48,20,0,0.54,8,6,not_applicable,0,1,0
TXN_6264,CUST_1596,23651.66,Card,bank_declined,56269.69,24,3,0.95,20,4,active,0,3,1
TXN_6265,CUST_1460,46950.66,UPI,network_error,62936.37,6,3,0.51,4,37,not_applicable,0,0,1
TXN_6266,CUST_2346,3639.46,Wallet,card_expired,86479.54,9,4,0.74,15,64,active,0,3,0
TXN_6267,CUST_1243,28161.16,Card,insufficient_funds,56451.42,29,2,0.39,11,63,not_applicable,1,4,1
TXN_6268,CUST_1159,42806.4,UPI,card_expired,103687.49,9,1,0.24,18,64,not_applicable,0,3,0
TXN_6269,CUST_2567,47708.96,Card,bank_declined,41340.6,9,5,0.81,5,4,inactive,1,4,0
TXN_6270,CUST_2193,49284.43,UPI,bank_declined,74262.99,4,8,0.35,6,10,active,1,3,0
TXN_6271,CUST_2037,48079.69,NetBanking,insufficient_funds,195265.71,13,6,0.71,11,7,active,0,0,0
TXN_6272,CUST_1762,28213.77,NetBanking,bank_declined,151399.37,0,2,0.86,14,56,inactive,0,0,1
TXN_6273,CUST_2362,31031.13,Card,card_expired,107926.02,3,6,0.56,4,43,inactive,1,0,1
TXN_6274,CUST_1050,17845.28,UPI,insufficient_funds,42428.62,6,6,0.46,13,68,inactive,1,2,0
TXN_6275,CUST_1489,24970.18,Wallet,customer_abandoned,180798.11,7,8,0.62,8,57,not_applicable,0,4,0
TXN_6276,CUST_1551,8392.93,NetBanking,authentication_failed,180273.84,2,6,0.6,7,6,active,0,1,0
TXN_6277,CUST_2212,31692.64,UPI,authentication_failed,190327.99,5,3,0.08,13,24,inactive,0,2,0
TXN_6278,CUST_2690,45782.38,UPI,insufficient_funds,2929.34,4,8,0.63,1,26,not_applicable,0,0,0
TXN_6279,CUST_1315,17414.77,Wallet,card_expired,125879.76,7,7,0.05,0,46,active,1,3,0
TXN_6280,CUST_2379,323.53,NetBanking,authentication_failed,62080.21,23,2,0.5,21,44,active,0,4,0
TXN_6281,CUST_1327,15443.05,NetBanking,bank_declined,166336.19,27,6,0.93,10,90,not_applicable,1,3,1
TXN_6282,CUST_1770,26169.32,Card,insufficient_funds,176948.67,13,1,0.92,9,47,inactive,0,1,1
TXN_6283,CUST_1788,14243.95,NetBanking,card_expired,20554.78,11,4,0.48,5,26,inactive,0,2,0
TXN_6284,CUST_1894,28089.29,Wallet,network_error,133844.86,27,6,0.11,23,16,active,1,3,0
TXN_6285,CUST_1798,23277.22,UPI,network_error,190301.69,9,7,0.36,18,1,inactive,1,2,1
TXN_6286,CUST_2924,6102.4,Card,card_expired,123786.42,9,2,0.6,22,5,inactive,1,2,1
TXN_6287,CUST_2986,265.5,Card,bank_declined,38796.4,9,7,0.22,17,6,inactive,1,1,1
TXN_6288,CUST_1987,7769.31,UPI,authentication_failed,8355.51,26,6,0.53,1,88,not_applicable,0,2,0
TXN_6289,CUST_2741,42217.94,Wallet,card_expired,189823.07,2,1,0.54,13,5,active,1,3,1
TXN_6290,CUST_2732,36285.44,NetBanking,card_expired,53647.27,28,5,0.93,5,11,active,1,2,0
TXN_6291,CUST_2662,20763.39,Card,bank_declined,136368.17,0,1,0.4,11,2,not_applicable,1,1,0
TXN_6292,CUST_2721,35977.04,Wallet,authentication_failed,164993.43,25,0,0.73,22,67,inactive,0,4,0
TXN_6293,CUST_2647,47836.09,Card,bank_declined,6025.66,16,5,0.33,11,64,not_applicable,0,3,0
TXN_6294,CUST_1534,2501.5,NetBanking,bank_declined,81740.21,20,8,0.62,14,47,not_applicable,1,4,1
TXN_6295,CUST_2157,49485.52,Wallet,bank_declined,161809.83,4,5,0.47,23,37,active,0,2,1
TXN_6296,CUST_1436,42196.83,Wallet,authentication_failed,93596.13,5,7,0.79,10,51,not_applicable,1,4,0
TXN_6297,CUST_2013,19386.15,NetBanking,insufficient_funds,105692.08,25,7,0.68,16,82,inactive,1,1,1
TXN_6298,CUST_2562,17901.14,NetBanking,card_expired,114692.73,1,8,0.91,3,42,not_applicable,0,4,1
TXN_6299,CUST_2758,11439.68,Wallet,network_error,39373.4,16,4,0.68,11,13,active,0,1,1
TXN_6300,CUST_2645,1308.69,NetBanking,network_error,70025.51,15,1,0.81,20,82,not_applicable,0,3,0
TXN_6301,CUST_1688,24784.79,Card,card_expired,95043.01,14,1,0.58,0,1,not_applicable,0,4,0
TXN_6302,CUST_2968,26349.58,NetBanking,authentication_failed,3198.23,20,6,0.48,6,40,active,1,2,0
TXN_6303,CUST_1926,33775.99,UPI,bank_declined,128032.36,6,2,0.38,1,72,not_applicable,0,3,0
TXN_6304,CUST_1156,12688.45,Card,customer_abandoned,127036.22,20,0,0.07,2,36,inactive,1,2,1
TXN_6305,CUST_2618,32387.05,UPI,authentication_failed,151397.71,30,7,0.32,5,90,not_applicable,1,0,0
TXN_6306,CUST_2347,47291.0,UPI,card_expired,189163.17,13,7,0.31,10,67,active,1,4,1
TXN_6307,CUST_2598,29737.81,Card,card_expired,195121.41,22,8,0.48,18,34,active,0,0,1
TXN_6308,CUST_1934,38430.04,UPI,card_expired,99989.14,28,0,0.8,7,90,inactive,0,4,0
TXN_6309,CUST_1941,6200.43,UPI,authentication_failed,85607.59,8,6,0.94,14,75,active,1,3,0
TXN_6310,CUST_2637,31799.43,Card,network_error,125208.33,6,1,0.13,13,73,active,1,2,1
TXN_6311,CUST_2248,35376.25,Card,network_error,194426.03,9,6,0.17,1,10,active,0,3,0
TXN_6312,CUST_2305,4845.18,Wallet,network_error,49232.92,9,0,0.38,0,76,not_applicable,1,0,1
TXN_6313,CUST_1129,11605.29,Card,card_expired,46284.97,11,6,0.78,12,9,not_applicable,0,3,1
TXN_6314,CUST_1192,16248.29,UPI,authentication_failed,137910.41,29,5,0.26,7,58,active,0,3,1
TXN_6315,CUST_1127,33677.83,UPI,insufficient_funds,160732.69,0,2,0.05,4,16,not_applicable,0,1,1
TXN_6316,CUST_2438,26427.86,Wallet,authentication_failed,59306.38,26,3,0.26,19,5,inactive,0,0,1
TXN_6317,CUST_1249,35353.63,UPI,authentication_failed,7601.38,29,1,0.57,23,48,not_applicable,0,2,0
TXN_6318,CUST_2487,7104.1,UPI,insufficient_funds,125000.78,25,6,0.31,14,55,not_applicable,1,0,0
TXN_6319,CUST_1081,18063.94,UPI,bank_declined,130018.93,19,4,0.47,2,10,inactive,0,1,0
TXN_6320,CUST_2144,17683.9,Card,customer_abandoned,148316.58,4,5,0.26,3,72,inactive,1,1,0
TXN_6321,CUST_2867,27673.23,NetBanking,authentication_failed,66492.75,20,6,0.47,3,55,inactive,0,0,0
TXN_6322,CUST_1128,399.44,Wallet,insufficient_funds,43914.01,27,2,0.7,10,32,inactive,1,2,1
TXN_6323,CUST_1669,14082.12,UPI,card_expired,82200.56,22,4,0.04,23,20,not_applicable,0,4,0
TXN_6324,CUST_2358,38983.04,Card,bank_declined,121591.27,26,4,0.21,20,67,active,1,3,0
TXN_6325,CUST_2940,40858.42,NetBanking,authentication_failed,42607.76,26,5,0.33,0,21,inactive,0,2,1
TXN_6326,CUST_2332,28099.51,Card,network_error,92713.17,6,3,0.9,11,22,active,0,3,1
TXN_6327,CUST_2288,37096.85,NetBanking,bank_declined,32653.7,16,7,0.62,15,15,not_applicable,0,1,1
TXN_6328,CUST_1004,22949.3,Card,insufficient_funds,145134.61,12,1,0.82,22,26,not_applicable,0,0,1
TXN_6329,CUST_1481,35320.76,UPI,authentication_failed,184048.36,13,7,0.58,13,59,inactive,1,4,0
TXN_6330,CUST_2811,6434.43,Card,card_expired,52687.33,16,7,0.1,17,1,inactive,0,4,0
TXN_6331,CUST_1126,3578.26,UPI,bank_declined,45457.52,19,6,0.44,7,4,not_applicable,1,3,0
TXN_6332,CUST_1801,28313.38,Wallet,network_error,141417.38,5,6,0.05,1,80,active,1,2,1
TXN_6333,CUST_2729,3136.87,UPI,customer_abandoned,85206.91,1,4,0.04,22,63,active,1,2,1
TXN_6334,CUST_2682,11227.71,NetBanking,bank_declined,187903.29,26,5,0.49,20,64,inactive,1,3,0
TXN_6335,CUST_1704,39048.88,Wallet,network_error,142917.64,22,1,0.61,7,88,not_applicable,1,0,0
TXN_6336,CUST_1705,21170.74,Card,bank_declined,161897.8,5,7,0.38,16,74,active,0,4,1
TXN_6337,CUST_2861,13047.78,Wallet,card_expired,58564.15,4,2,0.68,14,48,inactive,1,2,0
TXN_6338,CUST_2548,11534.79,NetBanking,card_expired,61747.22,15,4,0.68,19,37,inactive,1,2,0
TXN_6339,CUST_2286,33760.93,NetBanking,customer_abandoned,165735.03,1,3,0.54,23,3,not_applicable,0,1,0
TXN_6340,CUST_2317,5113.26,UPI,bank_declined,111324.0,7,6,0.33,13,41,not_applicable,1,2,0
TXN_6341,CUST_2841,23366.22,Card,authentication_failed,133632.85,17,2,0.38,6,17,active,1,2,0
TXN_6342,CUST_2481,36952.31,Card,card_expired,147248.06,11,6,0.99,13,65,active,0,4,0
TXN_6343,CUST_2226,32271.81,Wallet,bank_declined,171240.19,24,7,0.58,21,47,inactive,0,0,1
TXN_6344,CUST_2993,20781.16,Card,customer_abandoned,118507.78,19,8,0.06,0,14,active,0,3,1
TXN_6345,CUST_2308,40020.92,Wallet,insufficient_funds,173893.01,25,1,0.69,11,86,inactive,1,0,1
TXN_6346,CUST_1203,1648.32,NetBanking,insufficient_funds,173066.66,3,1,0.4,11,67,active,1,1,1
TXN_6347,CUST_1433,28127.48,UPI,bank_declined,84758.81,7,4,0.65,5,70,active,0,2,1
TXN_6348,CUST_2116,34891.93,Wallet,customer_abandoned,170831.23,29,6,0.2,10,4,not_applicable,0,3,0
TXN_6349,CUST_1413,21897.1,Wallet,customer_abandoned,192449.63,11,0,0.37,11,56,not_applicable,0,0,1
TXN_6350,CUST_2785,32708.28,NetBanking,insufficient_funds,84420.74,1,8,0.95,2,7,active,1,2,0
TXN_6351,CUST_1452,25719.1,UPI,insufficient_funds,129310.27,4,7,0.06,15,28,active,0,3,0
TXN_6352,CUST_1687,35389.32,Wallet,authentication_failed,72480.66,9,2,0.22,14,82,inactive,0,4,1
TXN_6353,CUST_1017,21392.57,Card,network_error,131087.51,27,3,0.03,5,50,inactive,1,1,1
TXN_6354,CUST_2423,40881.21,UPI,insufficient_funds,78127.62,9,3,0.6,2,7,inactive,1,1,0
TXN_6355,CUST_2760,20884.63,Wallet,insufficient_funds,185599.91,8,1,0.57,8,23,inactive,1,1,1
TXN_6356,CUST_2212,45110.76,Card,insufficient_funds,188885.41,25,6,0.9,21,32,not_applicable,1,0,1
TXN_6357,CUST_1576,46707.34,Card,authentication_failed,28354.43,23,3,0.04,23,64,not_applicable,0,3,0
TXN_6358,CUST_2018,17510.92,NetBanking,customer_abandoned,124540.01,23,2,0.4,22,69,not_applicable,1,2,1
TXN_6359,CUST_2786,23876.48,UPI,bank_declined,88984.02,17,4,0.76,21,60,inactive,0,4,1
TXN_6360,CUST_2618,10954.81,NetBanking,network_error,51931.85,28,5,0.3,4,65,not_applicable,1,1,1
TXN_6361,CUST_2334,23629.12,NetBanking,bank_declined,68042.02,26,7,0.37,18,71,not_applicable,0,1,0
TXN_6362,CUST_2895,48623.09,NetBanking,bank_declined,47366.4,11,4,0.82,0,83,inactive,0,0,1
TXN_6363,CUST_1043,377.94,UPI,insufficient_funds,198642.07,9,6,0.76,3,14,inactive,1,4,0
TXN_6364,CUST_1658,20325.7,NetBanking,bank_declined,111485.41,6,0,0.25,23,44,inactive,1,3,0
TXN_6365,CUST_2911,41817.48,Card,customer_abandoned,179400.41,13,2,0.16,6,30,not_applicable,1,1,0
TXN_6366,CUST_2897,37083.52,UPI,insufficient_funds,36496.63,23,2,0.42,20,44,not_applicable,1,1,1
TXN_6367,CUST_2218,38022.22,NetBanking,customer_abandoned,167694.52,5,5,0.09,12,88,active,1,3,0
TXN_6368,CUST_2368,38111.25,Card,insufficient_funds,157451.93,5,5,0.15,5,39,inactive,1,0,0
TXN_6369,CUST_1251,42892.18,Card,insufficient_funds,64385.2,23,1,0.43,2,56,inactive,0,3,1
TXN_6370,CUST_1486,4557.04,Card,bank_declined,172039.16,17,3,0.31,13,18,inactive,0,0,1
TXN_6371,CUST_1689,11784.54,UPI,bank_declined,18810.63,13,4,0.09,9,28,not_applicable,1,4,1
TXN_6372,CUST_1974,10777.42,UPI,network_error,187013.73,29,1,0.52,7,41,not_applicable,0,2,1
TXN_6373,CUST_2835,21770.75,UPI,insufficient_funds,138824.94,29,5,0.45,8,68,active,1,3,0
TXN_6374,CUST_1325,44020.59,Wallet,card_expired,86250.67,19,6,0.07,8,25,not_applicable,0,0,0
TXN_6375,CUST_1881,32402.61,UPI,card_expired,55840.91,0,2,0.8,17,53,not_applicable,1,4,1
TXN_6376,CUST_1600,32552.02,Card,customer_abandoned,84744.17,22,7,0.96,15,42,active,1,1,1
TXN_6377,CUST_1813,28927.5,Wallet,card_expired,62501.98,1,7,0.74,23,45,active,1,3,0
TXN_6378,CUST_2261,2390.1,UPI,customer_abandoned,162361.33,29,2,0.43,23,69,inactive,1,4,0
TXN_6379,CUST_1675,30415.59,NetBanking,bank_declined,140677.97,2,6,0.2,9,73,active,0,0,0
TXN_6380,CUST_2568,47911.72,UPI,insufficient_funds,118343.2,10,6,0.39,20,90,not_applicable,1,2,1
TXN_6381,CUST_2974,26305.43,UPI,card_expired,49090.9,12,2,0.21,3,66,active,1,0,1
TXN_6382,CUST_2465,43008.8,Card,network_error,13228.14,7,2,0.22,7,87,inactive,0,4,1
TXN_6383,CUST_1666,6174.55,Card,card_expired,126295.52,19,1,0.21,13,45,inactive,0,1,0
TXN_6384,CUST_2423,19216.9,UPI,network_error,21233.7,23,3,0.58,19,65,inactive,0,2,1
TXN_6385,CUST_2046,34045.6,NetBanking,customer_abandoned,127769.85,10,4,0.5,9,25,active,0,3,0
TXN_6386,CUST_2322,31818.44,NetBanking,bank_declined,138361.61,26,7,0.65,23,62,inactive,1,0,1
TXN_6387,CUST_2327,7876.37,NetBanking,network_error,42912.69,26,5,0.26,3,64,active,0,3,1
TXN_6388,CUST_1500,37993.82,Card,card_expired,111020.5,28,5,0.25,7,31,not_applicable,1,1,0
TXN_6389,CUST_1081,44948.09,NetBanking,network_error,178640.54,23,5,0.11,14,88,not_applicable,1,3,1
TXN_6390,CUST_2791,22387.59,UPI,network_error,65469.42,1,2,0.74,10,2,inactive,1,3,0
TXN_6391,CUST_1873,39023.5,UPI,network_error,15791.44,18,5,0.32,0,65,inactive,0,3,0
TXN_6392,CUST_1167,16554.68,UPI,network_error,100993.49,16,6,0.28,11,44,not_applicable,0,1,1
TXN_6393,CUST_1789,18452.1,NetBanking,network_error,147323.91,8,1,0.6,20,90,inactive,0,1,0
TXN_6394,CUST_2377,10608.14,NetBanking,insufficient_funds,65774.93,21,4,0.02,6,72,inactive,1,4,0
TXN_6395,CUST_2728,13326.21,Card,bank_declined,14027.28,18,6,0.6,1,0,active,0,4,1
TXN_6396,CUST_2351,5130.68,Card,insufficient_funds,164424.81,28,8,0.12,15,13,inactive,0,4,0
TXN_6397,CUST_2817,32193.56,UPI,authentication_failed,180640.67,6,2,0.11,15,10,not_applicable,0,4,0
TXN_6398,CUST_2213,4629.91,Card,authentication_failed,82069.28,26,1,0.91,19,68,inactive,0,0,0
TXN_6399,CUST_1846,36172.72,NetBanking,insufficient_funds,107072.47,3,8,0.88,2,59,not_applicable,1,3,0
TXN_6400,CUST_1862,7569.31,UPI,insufficient_funds,167679.46,16,0,0.28,16,55,not_applicable,1,2,1
TXN_6401,CUST_2534,6389.3,Card,card_expired,122202.72,13,2,0.61,9,76,active,1,1,1
TXN_6402,CUST_2405,36386.29,Card,card_expired,154954.39,16,1,0.92,12,55,inactive,0,3,1
TXN_6403,CUST_2941,38993.23,Wallet,card_expired,150866.84,2,3,0.26,2,78,inactive,1,4,0
TXN_6404,CUST_1503,23976.27,UPI,card_expired,4788.75,10,2,0.3,22,62,not_applicable,1,1,1
TXN_6405,CUST_2604,5492.66,NetBanking,bank_declined,26128.9,19,3,0.46,15,54,not_applicable,1,0,0
TXN_6406,CUST_1190,41704.07,Card,bank_declined,109716.47,13,6,0.47,20,43,active,1,1,1
TXN_6407,CUST_2220,9728.15,UPI,network_error,30165.84,5,7,0.79,3,42,inactive,0,3,0
TXN_6408,CUST_1352,39536.98,UPI,customer_abandoned,141112.52,30,3,0.19,9,15,active,1,0,1
TXN_6409,CUST_1384,22256.43,Card,bank_declined,85350.83,12,0,0.54,22,60,inactive,1,4,1
TXN_6410,CUST_1903,40663.74,NetBanking,network_error,180838.77,9,4,0.03,13,89,inactive,1,2,1
TXN_6411,CUST_2103,4329.71,Card,insufficient_funds,53382.97,16,7,0.44,6,78,not_applicable,0,0,1
TXN_6412,CUST_2552,25091.48,Card,bank_declined,180733.6,28,5,0.94,16,69,inactive,1,2,1
TXN_6413,CUST_2682,42660.35,UPI,bank_declined,96862.72,1,3,0.45,2,43,active,0,2,0
TXN_6414,CUST_2564,4747.71,Wallet,bank_declined,176616.13,1,8,0.67,22,84,inactive,1,3,0
TXN_6415,CUST_2269,49724.43,Wallet,customer_abandoned,104082.89,23,3,0.09,17,62,inactive,1,3,0
TXN_6416,CUST_2811,16248.55,Wallet,insufficient_funds,21607.04,7,4,0.82,2,21,inactive,0,4,0
TXN_6417,CUST_2711,48796.72,Card,bank_declined,140815.69,27,1,0.17,0,54,inactive,1,1,1
TXN_6418,CUST_2251,23397.52,Wallet,network_error,99009.82,26,6,0.54,11,53,active,0,3,0
TXN_6419,CUST_2675,34346.43,Wallet,customer_abandoned,97951.16,1,3,0.79,19,29,active,1,3,1
TXN_6420,CUST_2750,11603.7,Wallet,network_error,10636.17,8,4,0.7,3,4,not_applicable,1,1,0
TXN_6421,CUST_2198,22388.23,Wallet,insufficient_funds,52662.95,23,1,0.16,16,23,not_applicable,0,0,1
TXN_6422,CUST_1446,16463.19,NetBanking,insufficient_funds,85351.07,19,3,0.66,10,65,active,1,0,1
TXN_6423,CUST_2883,2643.74,Wallet,card_expired,75282.44,21,2,0.86,1,27,active,0,3,1
TXN_6424,CUST_1813,48242.71,Wallet,bank_declined,101220.68,28,6,0.28,22,46,active,1,3,0
TXN_6425,CUST_2041,34756.77,Wallet,customer_abandoned,107739.88,28,7,0.6,16,70,not_applicable,1,2,1
TXN_6426,CUST_2748,36322.58,Wallet,authentication_failed,9629.3,23,5,0.8,14,89,not_applicable,1,0,1
TXN_6427,CUST_1202,19646.26,NetBanking,authentication_failed,107966.37,2,7,0.61,19,37,inactive,0,4,0
TXN_6428,CUST_1110,20929.03,Wallet,authentication_failed,67781.66,22,2,0.35,7,81,not_applicable,1,0,0
TXN_6429,CUST_1042,8076.19,Card,card_expired,33204.58,24,7,0.37,21,66,inactive,1,4,1
TXN_6430,CUST_2754,10380.77,Wallet,authentication_failed,83822.31,21,8,0.31,9,18,active,0,1,1
TXN_6431,CUST_1383,2601.31,Wallet,bank_declined,40112.14,1,3,0.21,1,40,active,1,0,0
TXN_6432,CUST_1197,28581.67,NetBanking,card_expired,28652.69,1,7,0.27,13,47,active,0,1,0
TXN_6433,CUST_1690,6317.77,Card,authentication_failed,159639.22,9,5,0.5,15,55,active,0,4,0
TXN_6434,CUST_1855,16629.44,UPI,insufficient_funds,111185.32,17,4,0.26,20,87,not_applicable,0,4,0
TXN_6435,CUST_1978,32646.67,UPI,bank_declined,30919.68,24,5,0.62,6,66,inactive,1,3,1
TXN_6436,CUST_1143,6109.12,Card,customer_abandoned,179594.79,24,7,0.08,13,62,inactive,0,0,0
TXN_6437,CUST_2945,30564.41,Card,bank_declined,112323.54,9,5,0.1,12,8,inactive,0,0,1
TXN_6438,CUST_1705,48660.35,Card,customer_abandoned,37064.43,29,8,0.9,20,24,not_applicable,1,4,0
TXN_6439,CUST_2685,46803.1,NetBanking,card_expired,36041.11,29,1,0.79,5,6,active,1,4,1
TXN_6440,CUST_2889,44171.5,UPI,bank_declined,135157.73,1,0,0.37,5,35,active,1,0,1
TXN_6441,CUST_1440,40845.0,Wallet,customer_abandoned,121045.02,8,2,0.36,7,62,not_applicable,0,1,0
TXN_6442,CUST_1158,41344.48,Card,bank_declined,68446.51,26,2,0.09,9,8,inactive,1,0,0
TXN_6443,CUST_2642,19428.45,Wallet,network_error,70329.11,5,1,0.2,15,60,not_applicable,1,1,0
TXN_6444,CUST_2969,10953.52,Card,insufficient_funds,127697.9,1,1,0.88,15,17,inactive,1,4,0
TXN_6445,CUST_2570,41456.71,Card,insufficient_funds,82709.28,22,5,0.66,2,61,inactive,0,3,0
TXN_6446,CUST_2400,34806.26,Wallet,card_expired,51604.69,2,3,0.02,4,35,not_applicable,0,2,1
TXN_6447,CUST_2201,916.75,Wallet,insufficient_funds,164995.76,19,6,0.17,22,82,not_applicable,1,0,0
TXN_6448,CUST_2249,41142.37,Wallet,network_error,41980.5,5,7,0.87,2,35,inactive,1,0,1
TXN_6449,CUST_1868,18371.06,NetBanking,customer_abandoned,132825.11,17,6,0.34,16,55,active,0,3,0
TXN_6450,CUST_2047,36702.97,NetBanking,customer_abandoned,62656.61,24,7,0.2,14,12,not_applicable,1,0,1
TXN_6451,CUST_1364,40288.01,UPI,authentication_failed,100019.56,18,3,0.53,22,83,not_applicable,0,3,0
TXN_6452,CUST_1777,25512.79,Wallet,insufficient_funds,83990.95,21,7,0.99,20,1,active,0,1,1
TXN_6453,CUST_2324,29677.13,Wallet,authentication_failed,177286.74,27,6,0.69,5,35,inactive,1,1,1
TXN_6454,CUST_1906,16883.1,NetBanking,card_expired,55126.6,0,0,0.85,7,77,not_applicable,1,4,0
TXN_6455,CUST_2304,35513.15,UPI,network_error,30401.97,25,4,0.76,13,43,not_applicable,1,4,1
TXN_6456,CUST_1179,13503.72,Wallet,authentication_failed,99406.29,20,4,0.7,19,83,not_applicable,1,2,1
TXN_6457,CUST_2233,31909.61,Card,customer_abandoned,108776.56,5,0,0.22,6,74,active,0,3,1
TXN_6458,CUST_2132,15242.7,Wallet,authentication_failed,56095.33,15,0,0.47,20,87,active,1,2,0
TXN_6459,CUST_1762,46449.41,Wallet,authentication_failed,29130.09,11,4,0.4,10,61,not_applicable,1,2,0
TXN_6460,CUST_1439,37951.68,UPI,authentication_failed,90098.85,4,4,0.71,23,53,inactive,0,0,0
TXN_6461,CUST_2865,42231.43,UPI,card_expired,107430.79,4,2,0.94,5,44,inactive,1,0,1
TXN_6462,CUST_1529,25762.41,UPI,card_expired,153524.59,5,6,0.6,12,39,active,1,0,0
TXN_6463,CUST_2171,48619.7,NetBanking,bank_declined,60354.47,11,7,0.25,7,12,inactive,0,3,0
TXN_6464,CUST_1864,27153.69,Card,card_expired,153491.34,25,4,0.39,15,56,inactive,0,1,1
TXN_6465,CUST_2137,26794.5,Card,customer_abandoned,79483.03,30,8,0.91,1,61,active,0,0,0
TXN_6466,CUST_1295,22803.19,NetBanking,bank_declined,1038.78,16,8,0.9,21,54,inactive,0,3,0
TXN_6467,CUST_2341,12301.17,Card,authentication_failed,31319.9,19,6,0.18,19,61,not_applicable,0,1,1
TXN_6468,CUST_2547,29017.12,Card,card_expired,191262.94,16,3,0.23,23,25,not_applicable,1,3,0
TXN_6469,CUST_2134,48873.68,Card,authentication_failed,165462.26,23,6,0.73,16,74,not_applicable,0,2,0
TXN_6470,CUST_2050,38493.33,UPI,network_error,70165.46,6,8,0.53,23,55,not_applicable,0,3,0
TXN_6471,CUST_1713,30507.25,Card,customer_abandoned,145578.17,4,3,0.66,10,4,inactive,0,3,0
TXN_6472,CUST_2112,22921.62,Wallet,card_expired,133140.3,23,5,0.3,4,14,not_applicable,0,3,0
TXN_6473,CUST_2929,6315.92,NetBanking,authentication_failed,84304.38,12,0,0.99,21,25,active,1,1,1
TXN_6474,CUST_2217,26618.7,NetBanking,insufficient_funds,148904.21,17,6,0.01,14,19,not_applicable,0,3,1
TXN_6475,CUST_2357,19388.85,Wallet,card_expired,173954.08,17,1,0.04,1,57,inactive,1,3,0
TXN_6476,CUST_2517,16194.22,Wallet,authentication_failed,69746.89,27,6,0.85,14,85,not_applicable,0,4,0
TXN_6477,CUST_1987,32091.48,UPI,authentication_failed,27131.17,2,0,0.82,11,83,not_applicable,1,2,1
TXN_6478,CUST_2858,25046.06,Wallet,authentication_failed,43324.76,30,3,0.63,6,4,inactive,0,3,0
TXN_6479,CUST_1574,9582.19,UPI,customer_abandoned,125711.29,13,2,0.99,8,17,inactive,0,0,0
TXN_6480,CUST_2452,29696.06,Card,card_expired,108168.82,4,4,1.0,17,88,inactive,1,1,1
TXN_6481,CUST_1797,21063.81,NetBanking,insufficient_funds,182001.55,16,8,0.23,8,77,active,1,3,0
TXN_6482,CUST_1166,31741.09,Card,card_expired,20074.08,18,4,0.37,0,51,active,1,3,0
TXN_6483,CUST_1373,27422.15,NetBanking,network_error,198340.25,12,3,0.22,19,70,inactive,1,1,1
TXN_6484,CUST_2654,6698.78,Wallet,customer_abandoned,121915.09,22,8,0.73,10,4,active,1,1,1
TXN_6485,CUST_2132,12366.98,NetBanking,card_expired,124556.77,16,5,0.54,16,1,active,1,3,0
TXN_6486,CUST_2841,20343.53,Card,customer_abandoned,87604.22,8,5,0.98,22,2,inactive,0,2,1
TXN_6487,CUST_2262,36745.1,UPI,bank_declined,177866.63,16,7,0.74,23,28,inactive,1,2,0
TXN_6488,CUST_1559,2822.2,Card,bank_declined,91757.18,30,5,0.75,7,48,inactive,1,0,1
TXN_6489,CUST_2465,8840.79,UPI,network_error,68757.93,15,7,0.32,14,18,active,0,1,1
TXN_6490,CUST_2428,17222.46,Wallet,bank_declined,103455.8,27,6,0.85,23,86,active,1,1,0
TXN_6491,CUST_1485,41778.96,UPI,insufficient_funds,176837.15,4,7,0.42,0,17,inactive,1,0,0
TXN_6492,CUST_2753,2975.41,Wallet,network_error,186167.83,25,7,0.07,22,55,not_applicable,0,4,1
TXN_6493,CUST_2416,18967.6,UPI,bank_declined,189807.37,3,4,0.42,11,30,not_applicable,1,4,1
TXN_6494,CUST_2387,14204.48,UPI,insufficient_funds,60518.65,29,6,0.6,16,9,active,0,3,1
TXN_6495,CUST_1700,25926.86,UPI,insufficient_funds,187325.42,0,6,0.79,19,79,not_applicable,0,2,1
TXN_6496,CUST_1749,21854.4,NetBanking,authentication_failed,77921.91,7,2,0.19,4,33,inactive,1,2,1
TXN_6497,CUST_2933,47973.74,Wallet,bank_declined,149666.48,5,3,0.3,5,16,active,1,4,0
TXN_6498,CUST_2259,49431.65,NetBanking,bank_declined,14242.02,24,1,0.84,6,79,not_applicable,1,0,1
TXN_6499,CUST_2863,21001.6,Wallet,network_error,166563.55,18,3,0.09,6,6,active,0,2,1
TXN_6500,CUST_1888,47606.01,NetBanking,authentication_failed,140114.12,29,0,0.75,15,1,inactive,1,4,1
TXN_6501,CUST_1756,3122.45,UPI,insufficient_funds,41438.31,26,6,0.49,6,52,active,0,1,1
TXN_6502,CUST_2062,20604.52,Wallet,bank_declined,156508.03,1,8,0.01,20,14,active,1,1,1
TXN_6503,CUST_1050,105.5,Wallet,authentication_failed,13548.65,25,3,0.41,16,18,active,1,2,0
TXN_6504,CUST_1271,7335.29,Wallet,authentication_failed,111369.66,18,6,0.68,4,64,not_applicable,0,0,0
TXN_6505,CUST_2599,25665.28,Card,authentication_failed,182370.05,9,0,0.51,11,18,active,1,0,0
TXN_6506,CUST_1656,31427.93,Wallet,insufficient_funds,118847.84,17,3,0.03,23,13,not_applicable,0,1,1
TXN_6507,CUST_2336,7923.39,Wallet,insufficient_funds,28121.53,8,8,0.26,11,67,not_applicable,1,2,0
TXN_6508,CUST_1539,18648.64,UPI,authentication_failed,178239.33,8,4,0.61,0,76,active,1,2,1
TXN_6509,CUST_1630,26399.26,Wallet,insufficient_funds,18884.22,19,2,0.46,15,82,active,1,2,0
TXN_6510,CUST_2045,9785.78,Wallet,bank_declined,19151.64,16,7,0.33,1,43,inactive,1,1,0
TXN_6511,CUST_1460,15382.26,UPI,customer_abandoned,27912.92,1,5,0.25,12,0,not_applicable,1,2,0
TXN_6512,CUST_2282,19357.83,Wallet,insufficient_funds,126877.34,11,0,0.54,3,17,not_applicable,0,2,1
TXN_6513,CUST_1107,12502.62,Wallet,network_error,104787.06,20,5,0.02,12,55,active,1,0,1
TXN_6514,CUST_1714,28673.88,UPI,authentication_failed,37217.13,27,5,0.26,20,47,not_applicable,1,3,0
TXN_6515,CUST_1675,3620.84,Wallet,authentication_failed,70223.61,28,3,0.98,15,73,not_applicable,0,4,0
TXN_6516,CUST_1197,23080.78,NetBanking,network_error,130964.36,8,3,0.65,14,19,not_applicable,0,1,0
TXN_6517,CUST_1666,42892.45,Card,insufficient_funds,158996.19,22,6,0.95,0,75,active,0,1,1
TXN_6518,CUST_1933,30891.0,Wallet,bank_declined,177552.16,15,1,0.62,9,23,inactive,0,1,0
TXN_6519,CUST_1165,5107.6,UPI,insufficient_funds,88426.77,26,0,0.98,4,55,not_applicable,1,1,1
TXN_6520,CUST_1480,37003.86,Wallet,network_error,7050.18,6,8,0.69,3,28,active,0,4,1
TXN_6521,CUST_2855,19197.04,Card,insufficient_funds,5238.67,8,5,0.03,5,31,inactive,0,1,1
TXN_6522,CUST_1632,36153.55,Wallet,card_expired,22230.59,25,3,0.05,23,23,not_applicable,1,2,0
TXN_6523,CUST_2296,40512.05,Card,bank_declined,24983.85,13,5,0.3,12,70,inactive,1,4,1
TXN_6524,CUST_1069,26318.06,NetBanking,authentication_failed,191360.39,1,0,0.48,1,46,not_applicable,1,1,1
TXN_6525,CUST_2115,25538.19,UPI,bank_declined,188650.13,15,5,0.4,1,11,inactive,1,1,0
TXN_6526,CUST_2402,16399.03,NetBanking,network_error,170702.27,17,1,0.5,17,81,active,1,3,1
TXN_6527,CUST_2271,27258.58,NetBanking,authentication_failed,27512.71,29,1,0.01,9,67,not_applicable,0,2,0
TXN_6528,CUST_2371,30289.79,UPI,bank_declined,142624.47,8,6,0.83,13,11,not_applicable,1,2,1
TXN_6529,CUST_1226,20664.41,Wallet,insufficient_funds,148362.84,1,0,0.07,13,46,inactive,0,3,0
TXN_6530,CUST_1800,6327.42,Wallet,authentication_failed,90265.25,17,5,0.21,9,40,not_applicable,1,1,0
TXN_6531,CUST_2591,32429.22,Wallet,card_expired,72345.91,15,7,0.56,13,55,inactive,1,4,0
TXN_6532,CUST_2227,8531.57,UPI,card_expired,15729.98,21,3,0.24,8,36,active,0,4,0
TXN_6533,CUST_1209,30968.74,Wallet,card_expired,159347.8,5,6,0.34,13,34,not_applicable,1,4,0
TXN_6534,CUST_2323,40827.93,UPI,authentication_failed,45299.97,20,6,0.12,3,39,inactive,0,4,0
TXN_6535,CUST_2058,32344.89,Card,network_error,120331.23,6,5,0.71,17,7,not_applicable,1,1,1
TXN_6536,CUST_1411,21467.26,UPI,customer_abandoned,48475.53,11,1,0.76,20,25,active,0,2,0
TXN_6537,CUST_1882,14138.65,UPI,insufficient_funds,19948.4,30,7,0.25,0,20,inactive,1,3,0
TXN_6538,CUST_1384,16188.87,NetBanking,bank_declined,108101.52,14,3,0.97,14,21,not_applicable,0,1,1
TXN_6539,CUST_2576,11079.99,UPI,network_error,34193.55,24,6,0.17,2,78,not_applicable,1,4,0
TXN_6540,CUST_1328,38137.12,Card,bank_declined,13144.51,16,8,1.0,10,85,not_applicable,1,1,1
TXN_6541,CUST_1246,27259.17,Card,customer_abandoned,72155.21,22,5,0.69,22,87,not_applicable,1,2,0
TXN_6542,CUST_1030,16520.16,Wallet,bank_declined,53762.54,14,4,0.93,0,57,active,1,1,1
TXN_6543,CUST_2176,21876.02,Wallet,insufficient_funds,70717.94,23,7,0.09,11,52,inactive,1,3,0
TXN_6544,CUST_2207,9556.15,UPI,network_error,139036.25,3,8,0.41,7,37,inactive,0,2,1
TXN_6545,CUST_1254,35476.65,UPI,authentication_failed,39217.9,1,5,0.56,8,42,inactive,0,4,0
TXN_6546,CUST_2838,31688.84,Card,bank_declined,120403.29,3,5,0.74,4,65,inactive,0,2,0
TXN_6547,CUST_2120,36597.96,NetBanking,insufficient_funds,55258.4,2,6,0.57,2,85,inactive,0,3,0
TXN_6548,CUST_1515,41957.0,UPI,bank_declined,96631.31,9,5,0.64,6,31,inactive,1,1,1
TXN_6549,CUST_1041,44776.23,UPI,bank_declined,146680.36,12,1,0.15,8,55,not_applicable,0,3,1
TXN_6550,CUST_2402,30967.04,NetBanking,insufficient_funds,122280.5,11,7,0.92,7,24,inactive,1,4,0
TXN_6551,CUST_1553,12055.42,UPI,customer_abandoned,103125.52,19,1,0.75,6,34,active,1,4,1
TXN_6552,CUST_1140,31731.18,UPI,authentication_failed,91052.42,0,7,0.61,3,73,inactive,1,0,1
TXN_6553,CUST_2345,9105.79,NetBanking,bank_declined,139380.33,3,4,0.79,18,45,active,1,4,0
TXN_6554,CUST_2755,16229.36,NetBanking,bank_declined,3695.32,17,3,0.8,17,62,active,1,4,1
TXN_6555,CUST_1074,17929.74,Wallet,card_expired,67865.23,19,6,0.5,13,9,not_applicable,0,4,0
TXN_6556,CUST_1526,38615.97,Card,authentication_failed,79121.57,16,1,0.66,12,69,inactive,0,3,1
TXN_6557,CUST_2461,14916.17,Card,card_expired,20227.67,20,0,0.89,19,77,active,1,0,1
TXN_6558,CUST_2613,32440.71,NetBanking,customer_abandoned,12721.6,29,6,0.82,8,32,inactive,0,1,0
TXN_6559,CUST_1044,42409.43,UPI,network_error,194937.68,21,0,0.96,8,45,not_applicable,0,4,0
TXN_6560,CUST_2258,646.27,UPI,authentication_failed,177259.71,2,8,0.08,15,29,active,0,0,1
TXN_6561,CUST_1363,14080.69,Wallet,customer_abandoned,122403.6,26,6,0.04,7,17,inactive,0,1,1
TXN_6562,CUST_1423,5674.14,Wallet,card_expired,82726.95,26,6,0.82,19,41,active,1,1,0
TXN_6563,CUST_1299,401.53,Wallet,insufficient_funds,81203.43,10,0,0.04,8,59,active,1,1,1
TXN_6564,CUST_1670,48450.53,Card,card_expired,131396.99,13,5,0.22,8,75,active,0,2,0
TXN_6565,CUST_2763,48834.86,Card,authentication_failed,45586.43,14,3,0.56,9,47,active,0,2,1
TXN_6566,CUST_2657,38438.93,Wallet,bank_declined,173610.47,4,6,0.34,1,81,inactive,0,0,0
TXN_6567,CUST_2249,27497.48,Wallet,card_expired,56410.45,14,4,0.27,0,89,inactive,0,2,1
TXN_6568,CUST_2340,7784.74,Card,insufficient_funds,162351.17,29,6,0.07,9,11,active,0,1,1
TXN_6569,CUST_1889,17177.09,NetBanking,network_error,24500.26,9,0,0.48,20,20,not_applicable,1,2,1
TXN_6570,CUST_2812,36118.31,Card,network_error,190647.83,1,0,0.75,13,16,not_applicable,0,1,1
TXN_6571,CUST_1387,46782.51,NetBanking,card_expired,79034.55,11,7,0.47,19,78,active,1,4,0
TXN_6572,CUST_1615,14099.3,NetBanking,authentication_failed,179113.81,18,2,0.33,4,41,active,1,2,1
TXN_6573,CUST_2776,12077.68,Wallet,bank_declined,159677.7,5,4,0.77,19,56,inactive,1,3,0
TXN_6574,CUST_1750,34109.55,NetBanking,insufficient_funds,141070.83,5,8,0.56,16,86,not_applicable,1,3,0
TXN_6575,CUST_1413,28765.29,Card,network_error,17291.02,15,6,0.67,13,44,inactive,0,1,1
TXN_6576,CUST_1164,21979.02,UPI,insufficient_funds,172139.84,5,2,0.02,20,9,active,0,4,0
TXN_6577,CUST_2009,6158.03,NetBanking,card_expired,8032.87,20,4,0.28,5,9,inactive,1,4,1
TXN_6578,CUST_1439,13584.44,NetBanking,bank_declined,133077.46,21,5,0.12,14,36,not_applicable,0,4,0
TXN_6579,CUST_1870,49225.63,Card,authentication_failed,59075.67,22,2,0.85,11,19,inactive,1,1,0
TXN_6580,CUST_1073,29468.85,Card,bank_declined,62570.82,22,3,0.67,10,22,active,1,0,0
TXN_6581,CUST_2003,8650.38,Card,customer_abandoned,91050.64,9,6,0.32,13,2,inactive,0,2,0
TXN_6582,CUST_1963,43054.98,UPI,bank_declined,84909.15,15,5,0.34,13,13,active,0,0,0
TXN_6583,CUST_1079,11048.14,Card,insufficient_funds,46748.8,5,2,0.52,3,17,active,1,2,1
TXN_6584,CUST_1218,14819.62,Card,insufficient_funds,11736.28,27,6,0.52,19,65,active,0,1,0
TXN_6585,CUST_1313,42583.72,NetBanking,bank_declined,47852.56,3,4,0.6,4,21,inactive,0,1,1
TXN_6586,CUST_1844,20495.42,Card,insufficient_funds,186495.23,9,4,0.9,10,25,inactive,0,2,1
TXN_6587,CUST_2323,13022.35,UPI,bank_declined,36907.96,10,1,0.2,19,50,inactive,1,3,1
TXN_6588,CUST_2127,46563.78,UPI,insufficient_funds,11327.55,21,1,0.59,20,45,not_applicable,0,1,1
TXN_6589,CUST_1365,19588.33,Wallet,authentication_failed,126707.82,9,2,0.95,6,22,not_applicable,1,1,0
TXN_6590,CUST_1691,6108.5,NetBanking,bank_declined,7644.72,13,0,0.36,6,24,not_applicable,1,4,0
TXN_6591,CUST_2445,21597.9,Card,insufficient_funds,101158.7,1,5,0.76,14,10,not_applicable,1,1,0
TXN_6592,CUST_1360,16597.59,Card,customer_abandoned,165548.89,17,1,0.85,11,37,inactive,1,1,1
TXN_6593,CUST_1929,15802.12,Wallet,network_error,165198.16,20,2,0.08,20,48,active,0,1,1
TXN_6594,CUST_1675,22472.67,Wallet,bank_declined,38227.25,0,3,0.18,0,79,not_applicable,1,4,0
TXN_6595,CUST_2243,37750.63,UPI,authentication_failed,168206.36,23,5,0.98,0,61,not_applicable,1,3,0
TXN_6596,CUST_2921,10912.44,Wallet,authentication_failed,151569.34,18,3,0.54,21,67,active,0,4,0
TXN_6597,CUST_1594,10358.92,Wallet,bank_declined,56815.03,12,1,0.43,5,30,not_applicable,0,4,0
TXN_6598,CUST_2425,48214.88,UPI,insufficient_funds,22410.1,4,4,0.99,2,46,inactive,0,3,1
TXN_6599,CUST_2736,21215.27,NetBanking,authentication_failed,148223.45,24,6,0.67,6,57,active,1,1,0
TXN_6600,CUST_1415,17019.6,Card,network_error,103111.39,1,2,0.64,16,75,not_applicable,1,3,0
TXN_6601,CUST_2971,23702.07,Wallet,authentication_failed,89187.3,13,8,0.5,11,69,not_applicable,1,1,0
TXN_6602,CUST_1142,27112.37,UPI,network_error,177709.07,5,1,0.63,1,85,not_applicable,1,2,0
TXN_6603,CUST_2767,29914.41,UPI,bank_declined,128960.52,22,4,0.58,14,26,not_applicable,1,2,1
TXN_6604,CUST_2401,49979.96,NetBanking,customer_abandoned,7688.24,6,1,0.4,0,43,inactive,1,3,0
TXN_6605,CUST_1135,4936.73,UPI,card_expired,158911.86,21,0,0.43,21,18,inactive,1,4,1
TXN_6606,CUST_1848,13712.04,UPI,authentication_failed,52036.1,29,8,0.25,18,42,not_applicable,1,4,0
TXN_6607,CUST_1924,40768.47,Card,bank_declined,90999.94,27,8,0.38,9,26,inactive,0,1,1
TXN_6608,CUST_1204,5926.03,NetBanking,authentication_failed,97839.9,8,5,0.41,5,12,active,1,4,0
TXN_6609,CUST_1887,13483.2,UPI,network_error,6659.8,4,0,0.88,19,65,active,0,2,1
TXN_6610,CUST_1097,40769.42,UPI,bank_declined,104789.34,3,4,0.6,23,13,inactive,0,2,1
TXN_6611,CUST_2612,45409.78,UPI,authentication_failed,19258.63,11,0,0.33,21,10,not_applicable,0,2,1
TXN_6612,CUST_1981,47921.69,NetBanking,customer_abandoned,196180.68,5,6,0.64,7,53,inactive,0,1,0
TXN_6613,CUST_1351,6048.52,Wallet,bank_declined,189262.69,14,2,0.43,10,88,inactive,0,4,0
TXN_6614,CUST_2515,46701.24,Card,bank_declined,21800.33,10,3,0.73,19,50,active,1,1,1
TXN_6615,CUST_1519,4477.96,UPI,authentication_failed,68411.01,30,1,0.15,14,36,not_applicable,1,1,1
TXN_6616,CUST_1752,23907.94,Card,authentication_failed,1850.75,22,6,0.98,16,83,inactive,0,3,0
TXN_6617,CUST_2625,12984.4,Wallet,authentication_failed,45266.15,27,2,0.16,0,72,active,0,1,0
TXN_6618,CUST_1312,14825.96,NetBanking,network_error,81697.19,12,1,0.87,8,20,not_applicable,0,4,1
TXN_6619,CUST_2647,18497.85,Wallet,insufficient_funds,179767.36,5,0,0.75,19,59,not_applicable,0,4,0
TXN_6620,CUST_1891,32222.58,Card,bank_declined,184557.3,27,1,0.5,21,40,not_applicable,0,0,0
TXN_6621,CUST_1960,48558.08,NetBanking,customer_abandoned,138392.41,6,3,0.1,3,56,active,0,2,0
TXN_6622,CUST_2833,29795.31,Card,card_expired,55835.61,15,7,0.96,0,68,inactive,0,2,1
TXN_6623,CUST_2839,22915.8,Card,network_error,140618.82,24,7,0.52,11,70,inactive,0,2,1
TXN_6624,CUST_1406,3924.23,Wallet,insufficient_funds,119692.67,15,2,0.87,1,87,active,1,1,1
TXN_6625,CUST_1491,19136.6,Card,insufficient_funds,26417.49,0,3,0.82,5,43,inactive,1,2,0
TXN_6626,CUST_1911,19474.82,NetBanking,insufficient_funds,145999.8,6,3,0.41,2,12,inactive,0,4,0
TXN_6627,CUST_1849,41840.17,Card,authentication_failed,17601.44,9,8,0.53,22,38,active,0,3,0
TXN_6628,CUST_2343,17056.32,Wallet,card_expired,129241.34,2,5,0.03,9,27,active,0,1,0
TXN_6629,CUST_2314,14243.77,NetBanking,customer_abandoned,134227.39,18,1,0.14,7,9,inactive,1,2,0
TXN_6630,CUST_1401,32317.42,Wallet,network_error,194277.12,15,1,0.91,6,51,inactive,1,1,1
TXN_6631,CUST_1673,1463.1,UPI,customer_abandoned,131418.34,29,4,0.6,10,21,active,0,1,1
TXN_6632,CUST_1285,6221.61,NetBanking,customer_abandoned,117355.64,6,4,0.91,16,84,inactive,0,4,1
TXN_6633,CUST_1915,7659.1,Card,customer_abandoned,77530.22,8,6,0.04,11,56,inactive,1,4,0
TXN_6634,CUST_1491,37678.86,Card,bank_declined,158204.57,5,1,0.5,21,77,inactive,0,3,0
TXN_6635,CUST_1602,19130.06,UPI,network_error,186488.29,9,1,0.23,4,25,not_applicable,0,2,1
TXN_6636,CUST_1575,37366.68,UPI,card_expired,146982.58,9,4,0.91,14,64,active,0,3,0
TXN_6637,CUST_2822,25778.48,NetBanking,insufficient_funds,94011.1,3,6,0.93,6,18,inactive,0,1,1
TXN_6638,CUST_2332,41588.94,NetBanking,authentication_failed,27486.56,3,4,0.79,3,2,not_applicable,1,1,0
TXN_6639,CUST_1779,1264.6,Wallet,card_expired,12957.58,26,6,0.68,9,21,inactive,0,0,0
TXN_6640,CUST_1383,43418.97,Wallet,bank_declined,147120.35,21,5,0.02,9,25,inactive,1,3,0
TXN_6641,CUST_2043,9698.39,Wallet,authentication_failed,85093.93,30,6,0.62,15,84,inactive,1,3,1
TXN_6642,CUST_2289,22859.28,Card,network_error,161889.6,19,8,0.78,13,90,active,0,0,1
TXN_6643,CUST_2415,25098.91,Card,card_expired,140396.52,7,2,0.03,15,78,not_applicable,0,0,1
TXN_6644,CUST_2699,38513.83,Wallet,insufficient_funds,50633.76,5,6,0.98,21,61,active,1,0,1
TXN_6645,CUST_1607,45712.93,NetBanking,authentication_failed,65570.22,3,8,0.76,11,15,inactive,1,2,0
TXN_6646,CUST_1865,36849.72,UPI,network_error,32000.83,23,0,0.27,6,69,inactive,1,1,1
TXN_6647,CUST_1815,43270.68,UPI,network_error,59962.3,16,2,0.69,5,64,inactive,1,3,0
TXN_6648,CUST_1146,45080.77,NetBanking,insufficient_funds,22153.13,24,0,0.89,18,48,inactive,0,2,1
TXN_6649,CUST_2259,36871.41,Card,authentication_failed,146040.95,28,3,0.01,5,43,inactive,0,4,0
TXN_6650,CUST_2033,24646.23,NetBanking,insufficient_funds,84586.91,13,0,0.92,6,7,not_applicable,0,2,1
TXN_6651,CUST_2507,46855.49,Wallet,customer_abandoned,92426.43,26,1,0.96,2,23,active,0,3,0
TXN_6652,CUST_1435,41483.8,UPI,customer_abandoned,21870.5,4,3,0.59,16,80,inactive,1,0,0
TXN_6653,CUST_2421,14951.29,Card,authentication_failed,125089.52,20,2,0.73,1,59,active,0,1,1
TXN_6654,CUST_1093,26594.09,Card,card_expired,113497.48,11,8,0.08,4,28,active,1,0,1
TXN_6655,CUST_1216,35720.73,UPI,card_expired,11592.23,20,7,0.76,23,60,active,1,4,1
TXN_6656,CUST_1322,41678.04,Wallet,authentication_failed,44394.45,14,6,0.83,14,68,active,0,3,0
TXN_6657,CUST_1015,20251.1,NetBanking,card_expired,40697.47,4,6,0.88,13,42,active,1,2,1
TXN_6658,CUST_2405,1365.55,NetBanking,authentication_failed,2895.15,12,5,0.29,14,34,active,0,3,0
TXN_6659,CUST_1317,31552.19,UPI,network_error,133095.59,16,1,0.94,9,86,not_applicable,1,4,0
TXN_6660,CUST_2258,32978.95,UPI,authentication_failed,2129.35,16,7,0.36,4,6,active,0,0,0
TXN_6661,CUST_1426,25009.07,UPI,insufficient_funds,121064.79,16,4,0.96,7,82,active,0,2,1
TXN_6662,CUST_2839,5534.51,UPI,authentication_failed,53930.1,22,8,0.83,3,9,not_applicable,1,4,1
TXN_6663,CUST_1840,13841.0,Card,card_expired,146387.02,0,5,0.67,0,58,inactive,1,0,0
TXN_6664,CUST_2777,10152.6,NetBanking,bank_declined,177839.99,7,2,0.68,14,12,not_applicable,0,4,0
TXN_6665,CUST_2143,35269.64,UPI,card_expired,148545.31,22,8,0.89,8,83,inactive,0,3,0
TXN_6666,CUST_1177,49438.83,Wallet,authentication_failed,31525.29,6,6,0.6,5,34,active,1,0,0
TXN_6667,CUST_2934,21005.75,Wallet,card_expired,95532.5,4,3,0.89,16,13,active,1,0,1
TXN_6668,CUST_2843,24900.35,NetBanking,network_error,26541.56,22,4,0.01,2,4,active,1,3,1
TXN_6669,CUST_2898,47813.61,Card,card_expired,153053.27,13,5,0.97,19,34,active,1,1,1
TXN_6670,CUST_1737,34043.0,Card,authentication_failed,9814.41,11,1,0.78,13,29,inactive,1,4,0
TXN_6671,CUST_1150,4878.69,UPI,network_error,114041.28,9,4,0.28,22,55,inactive,1,3,1
TXN_6672,CUST_1217,32942.92,Card,card_expired,141296.49,21,0,0.99,3,7,active,0,2,1
TXN_6673,CUST_2067,23319.24,NetBanking,customer_abandoned,161117.73,3,1,0.58,17,47,not_applicable,0,0,0
TXN_6674,CUST_2692,42169.62,UPI,insufficient_funds,11248.24,9,6,0.17,1,16,active,1,1,0
TXN_6675,CUST_2822,3988.56,NetBanking,customer_abandoned,6111.29,25,6,0.06,16,20,not_applicable,0,0,0
TXN_6676,CUST_2606,12717.33,NetBanking,insufficient_funds,26180.84,17,1,0.66,4,88,active,1,3,1
TXN_6677,CUST_1466,1045.56,UPI,network_error,84265.54,15,6,0.31,12,6,active,1,0,1
TXN_6678,CUST_1813,22318.97,Card,network_error,134113.87,16,8,0.62,17,35,inactive,1,0,0
TXN_6679,CUST_2116,25934.06,UPI,authentication_failed,95041.41,6,8,0.21,7,39,inactive,1,0,0
TXN_6680,CUST_1712,7124.71,UPI,insufficient_funds,98735.45,20,4,0.42,15,29,active,0,1,1
TXN_6681,CUST_2059,45889.31,Card,insufficient_funds,189372.52,6,1,0.17,22,10,not_applicable,1,4,0
TXN_6682,CUST_1353,40600.6,NetBanking,customer_abandoned,104137.67,28,1,0.45,23,38,not_applicable,0,0,0
TXN_6683,CUST_1561,30136.06,NetBanking,bank_declined,194172.1,12,7,0.58,17,80,not_applicable,1,1,0
TXN_6684,CUST_2631,27186.59,NetBanking,authentication_failed,161899.42,13,3,0.61,9,74,active,0,0,0
TXN_6685,CUST_2209,48574.8,Wallet,network_error,124060.7,16,3,0.38,7,35,inactive,0,0,1
TXN_6686,CUST_1529,33007.02,UPI,authentication_failed,3755.68,11,1,0.47,21,11,active,0,1,0
TXN_6687,CUST_1053,25002.17,Wallet,network_error,156144.61,27,6,0.45,2,61,active,1,0,0
TXN_6688,CUST_1794,14715.29,Wallet,authentication_failed,19332.4,23,4,0.43,13,39,not_applicable,0,0,1
TXN_6689,CUST_2906,17519.78,Wallet,card_expired,49213.95,16,4,0.67,16,9,not_applicable,0,4,0
TXN_6690,CUST_1797,31605.29,Wallet,authentication_failed,156035.22,4,3,0.76,8,32,inactive,0,2,0
TXN_6691,CUST_1757,28438.12,Wallet,card_expired,90481.99,27,4,0.87,15,59,active,0,1,0
TXN_6692,CUST_2598,17252.7,Wallet,card_expired,19255.75,20,6,0.17,4,3,not_applicable,0,3,0
TXN_6693,CUST_1015,28256.07,NetBanking,authentication_failed,131700.62,21,4,0.33,3,61,not_applicable,0,1,1
TXN_6694,CUST_1139,46893.23,UPI,insufficient_funds,130750.81,14,0,0.16,22,49,inactive,1,1,1
TXN_6695,CUST_2674,27140.59,Wallet,card_expired,174269.32,3,8,0.35,11,71,not_applicable,0,2,0
TXN_6696,CUST_2051,29973.09,NetBanking,customer_abandoned,105360.64,23,0,0.72,9,61,active,1,3,1
TXN_6697,CUST_1180,28219.45,Card,network_error,25212.71,10,6,0.32,11,49,not_applicable,1,0,0
TXN_6698,CUST_2393,7954.97,Wallet,bank_declined,62459.53,12,6,0.7,13,58,active,1,3,1
TXN_6699,CUST_2583,4642.88,UPI,insufficient_funds,115876.43,26,1,0.15,4,4,inactive,0,0,1
TXN_6700,CUST_2069,23014.64,UPI,customer_abandoned,22760.02,10,8,0.99,18,24,inactive,1,3,0
TXN_6701,CUST_2292,39087.5,Card,network_error,166137.93,5,5,0.99,23,43,active,1,3,0
TXN_6702,CUST_1862,43717.32,UPI,bank_declined,191550.35,0,3,0.17,6,44,not_applicable,1,4,0
TXN_6703,CUST_1096,3094.54,Wallet,insufficient_funds,124524.08,16,6,0.58,21,85,not_applicable,0,0,0
TXN_6704,CUST_2677,39915.35,NetBanking,card_expired,8416.48,8,2,0.81,5,75,not_applicable,1,4,0
TXN_6705,CUST_1765,32875.76,Card,card_expired,16675.13,26,1,0.25,22,88,active,0,1,0
TXN_6706,CUST_1448,14092.2,Card,insufficient_funds,102723.6,18,0,0.92,8,0,active,0,3,1
TXN_6707,CUST_2909,40572.88,Wallet,bank_declined,13989.13,17,4,0.13,23,84,not_applicable,0,0,1
TXN_6708,CUST_2826,49705.7,NetBanking,insufficient_funds,36857.08,28,5,0.9,13,42,not_applicable,0,1,0
TXN_6709,CUST_2708,19250.86,NetBanking,network_error,126578.66,17,7,0.78,1,86,not_applicable,0,4,1
TXN_6710,CUST_1665,8174.53,UPI,card_expired,87318.79,21,7,0.77,23,77,not_applicable,0,2,0
TXN_6711,CUST_1800,11603.89,Card,network_error,35818.16,19,1,0.92,19,73,active,0,4,1
TXN_6712,CUST_1860,36763.45,NetBanking,authentication_failed,10237.86,24,8,0.84,6,48,active,1,4,1
TXN_6713,CUST_2862,14941.21,Wallet,insufficient_funds,15713.19,13,3,0.48,12,56,not_applicable,1,0,1
TXN_6714,CUST_1932,20915.09,Wallet,bank_declined,133332.11,5,6,0.21,22,87,not_applicable,1,1,0
TXN_6715,CUST_2410,39149.87,Wallet,authentication_failed,129108.63,3,5,0.33,8,90,not_applicable,1,4,0
TXN_6716,CUST_2114,38289.11,UPI,customer_abandoned,118904.63,20,4,0.24,3,88,active,1,2,1
TXN_6717,CUST_2704,40162.17,Card,network_error,164704.08,24,7,0.7,1,46,active,1,2,1
TXN_6718,CUST_2908,29302.59,NetBanking,insufficient_funds,164383.11,10,6,0.39,5,33,inactive,0,4,0
TXN_6719,CUST_2521,29422.6,Wallet,network_error,165435.02,16,5,0.05,0,12,active,0,4,1
TXN_6720,CUST_1411,32194.37,Wallet,insufficient_funds,120871.04,14,4,0.65,22,10,inactive,0,0,1
TXN_6721,CUST_1207,6607.15,Card,bank_declined,47752.42,26,8,0.62,9,27,not_applicable,0,4,0
TXN_6722,CUST_2359,31773.75,UPI,bank_declined,133411.94,0,4,0.24,12,22,inactive,1,4,0
TXN_6723,CUST_1895,26751.09,Card,bank_declined,52877.62,26,7,0.46,5,27,inactive,0,3,1
TXN_6724,CUST_2875,21387.48,Card,card_expired,126338.99,1,8,0.04,21,73,active,0,2,0
TXN_6725,CUST_1652,4157.27,NetBanking,bank_declined,155869.91,12,8,0.35,9,31,active,0,0,1
TXN_6726,CUST_2772,37391.5,NetBanking,bank_declined,34822.05,30,6,0.25,17,53,active,1,3,0
TXN_6727,CUST_2642,16638.76,Card,insufficient_funds,117493.05,25,7,0.34,18,0,not_applicable,0,4,0
TXN_6728,CUST_2250,43158.04,NetBanking,network_error,177021.76,14,6,0.83,2,59,active,1,0,0
TXN_6729,CUST_1189,28529.46,UPI,card_expired,129600.41,22,5,0.56,12,20,inactive,1,3,0
TXN_6730,CUST_1272,27594.92,UPI,insufficient_funds,23104.32,23,0,0.81,4,67,active,1,3,0
TXN_6731,CUST_2552,41033.0,NetBanking,bank_declined,38895.46,0,0,0.27,1,32,inactive,1,0,0
TXN_6732,CUST_1705,25453.22,Wallet,network_error,27641.54,21,3,0.39,1,47,not_applicable,1,1,1
TXN_6733,CUST_2017,13311.66,NetBanking,network_error,141571.14,4,2,0.85,0,20,active,1,2,1
TXN_6734,CUST_2107,28338.26,Card,authentication_failed,8175.89,6,0,0.09,10,24,inactive,0,0,1
TXN_6735,CUST_2524,36806.84,Card,customer_abandoned,162982.15,15,6,0.47,22,3,not_applicable,1,1,1
TXN_6736,CUST_1009,8425.23,Card,card_expired,50693.57,28,4,0.13,16,77,active,0,1,0
TXN_6737,CUST_2327,11510.89,Wallet,network_error,31946.74,29,5,0.62,13,62,inactive,1,3,0
TXN_6738,CUST_1794,2340.52,NetBanking,card_expired,22236.81,26,2,0.0,8,14,inactive,1,1,0
TXN_6739,CUST_1857,28155.54,UPI,network_error,42765.15,14,5,0.23,15,81,inactive,1,2,0
TXN_6740,CUST_2084,25140.82,NetBanking,customer_abandoned,140007.14,23,7,0.45,17,47,inactive,1,2,0
TXN_6741,CUST_1179,48523.1,Card,bank_declined,113563.87,4,7,0.13,18,30,inactive,1,4,0
TXN_6742,CUST_2395,16533.94,Card,customer_abandoned,43603.41,19,8,0.93,11,11,inactive,1,1,0
TXN_6743,CUST_1375,10037.44,Wallet,card_expired,71077.43,10,1,0.76,2,70,inactive,1,4,0
TXN_6744,CUST_1805,29619.09,Card,bank_declined,140258.99,20,1,0.65,8,36,not_applicable,1,3,1
TXN_6745,CUST_1903,35364.31,NetBanking,network_error,192996.38,30,6,0.35,6,74,inactive,0,0,0
TXN_6746,CUST_1395,1188.17,UPI,authentication_failed,58352.39,17,7,0.05,5,63,inactive,1,0,1
TXN_6747,CUST_2791,5129.44,Wallet,customer_abandoned,169295.67,17,8,0.65,16,85,inactive,1,2,0
TXN_6748,CUST_2495,35767.39,Card,insufficient_funds,172544.95,10,0,0.66,21,41,inactive,1,3,0
TXN_6749,CUST_1359,42910.19,Card,insufficient_funds,146760.32,12,3,0.38,8,52,inactive,0,4,0
TXN_6750,CUST_2477,24043.03,Wallet,bank_declined,173553.25,24,1,0.25,11,29,active,0,0,1
TXN_6751,CUST_1600,43245.36,UPI,customer_abandoned,6231.68,27,3,0.91,22,66,active,1,4,1
TXN_6752,CUST_1096,25460.31,Wallet,customer_abandoned,27326.81,16,6,0.9,10,13,not_applicable,1,3,1
TXN_6753,CUST_2716,46215.36,Wallet,insufficient_funds,136962.58,25,1,0.18,15,1,not_applicable,1,4,0
TXN_6754,CUST_1485,24393.74,Wallet,network_error,121844.38,1,1,0.93,22,42,inactive,0,1,1
TXN_6755,CUST_1793,35183.29,NetBanking,insufficient_funds,192240.76,23,2,0.15,8,49,inactive,1,1,0
TXN_6756,CUST_2409,21093.23,NetBanking,customer_abandoned,146751.93,15,8,0.29,14,25,inactive,0,3,0
TXN_6757,CUST_2112,1453.95,Card,card_expired,194309.43,0,2,0.81,5,59,not_applicable,0,0,1
TXN_6758,CUST_1438,49975.49,UPI,authentication_failed,121399.89,1,0,0.85,4,10,not_applicable,1,4,0
TXN_6759,CUST_2062,19533.61,UPI,insufficient_funds,134260.57,23,8,0.11,8,56,not_applicable,1,2,0
TXN_6760,CUST_1737,22189.63,Wallet,customer_abandoned,43992.0,15,3,0.3,9,87,not_applicable,0,1,0
TXN_6761,CUST_2147,14503.56,Card,card_expired,43471.8,28,1,0.54,6,16,not_applicable,0,4,1
TXN_6762,CUST_2622,36282.15,Card,network_error,151095.19,12,4,0.04,19,66,active,1,4,1
TXN_6763,CUST_2050,38720.51,UPI,authentication_failed,181065.57,8,6,0.6,19,66,inactive,0,1,0
TXN_6764,CUST_2182,19892.63,Wallet,bank_declined,15771.2,16,4,0.75,10,54,active,1,0,1
TXN_6765,CUST_2844,9367.98,Card,network_error,83974.73,1,2,0.46,8,38,inactive,1,2,1
TXN_6766,CUST_2154,23223.49,UPI,authentication_failed,142934.59,1,6,0.37,12,3,not_applicable,1,3,0
TXN_6767,CUST_2074,15238.13,Card,insufficient_funds,71371.87,26,6,0.61,4,54,inactive,1,2,0
TXN_6768,CUST_2028,36179.51,Wallet,card_expired,112547.18,8,4,0.8,9,49,active,0,1,1
TXN_6769,CUST_2490,24602.58,NetBanking,card_expired,134324.3,21,0,0.22,18,22,inactive,1,4,0
TXN_6770,CUST_1503,31279.58,UPI,authentication_failed,6746.38,16,1,0.44,21,10,active,0,0,1
TXN_6771,CUST_1372,48372.04,UPI,bank_declined,175526.3,20,1,0.28,4,82,not_applicable,1,0,1
TXN_6772,CUST_1430,2915.08,Wallet,authentication_failed,48910.13,8,0,0.77,10,37,active,1,2,1
TXN_6773,CUST_1338,12958.76,Card,network_error,188864.46,0,0,0.82,17,57,inactive,1,2,0
TXN_6774,CUST_1158,43241.42,UPI,insufficient_funds,150171.53,6,2,0.12,5,55,active,1,1,1
TXN_6775,CUST_1587,22267.77,Wallet,authentication_failed,62919.16,23,4,0.83,7,20,inactive,1,2,1
TXN_6776,CUST_2803,3108.85,NetBanking,network_error,55718.15,8,3,0.23,2,7,active,0,1,0
TXN_6777,CUST_1475,32407.16,NetBanking,bank_declined,112514.88,7,7,0.51,22,55,inactive,0,0,0
TXN_6778,CUST_2529,37768.29,NetBanking,authentication_failed,111322.56,10,8,0.94,5,9,not_applicable,1,2,1
TXN_6779,CUST_2560,49767.58,NetBanking,authentication_failed,134208.83,30,6,0.93,17,19,active,1,1,1
TXN_6780,CUST_1190,42993.66,Card,customer_abandoned,181925.69,21,1,0.9,4,45,inactive,0,4,1
TXN_6781,CUST_1344,20389.3,Card,insufficient_funds,32622.59,15,8,0.33,3,34,active,0,2,0
TXN_6782,CUST_1957,11720.99,UPI,customer_abandoned,96176.14,13,7,0.57,1,58,inactive,0,2,1
TXN_6783,CUST_1519,46792.7,NetBanking,bank_declined,132637.11,23,7,0.79,10,83,not_applicable,1,0,1
TXN_6784,CUST_1211,41695.66,Card,insufficient_funds,53469.06,11,6,0.21,16,62,active,0,0,0
TXN_6785,CUST_1267,34704.7,NetBanking,card_expired,134633.59,12,4,0.47,10,76,not_applicable,1,1,1
TXN_6786,CUST_2171,27828.99,NetBanking,network_error,24992.7,16,4,0.45,11,65,active,0,0,1
TXN_6787,CUST_2639,26962.99,UPI,card_expired,127302.44,27,5,0.96,17,86,inactive,1,1,0
TXN_6788,CUST_1774,44197.89,Card,customer_abandoned,111704.47,5,7,0.63,11,4,active,1,0,0
TXN_6789,CUST_2240,6749.86,Card,network_error,116354.42,9,2,0.4,3,0,active,0,4,1
TXN_6790,CUST_2599,27204.58,Wallet,card_expired,176575.92,29,8,0.97,17,3,inactive,0,3,0
TXN_6791,CUST_2998,19801.9,Wallet,customer_abandoned,133331.22,28,4,0.31,18,63,active,1,4,0
TXN_6792,CUST_2688,40705.55,NetBanking,authentication_failed,196095.32,22,0,0.77,23,87,not_applicable,0,4,0
TXN_6793,CUST_2682,22181.31,Wallet,customer_abandoned,108389.9,20,4,0.46,7,84,not_applicable,0,2,1
TXN_6794,CUST_1847,10252.31,Card,card_expired,180844.65,18,5,0.75,0,22,active,0,0,0
TXN_6795,CUST_2807,47501.26,Wallet,insufficient_funds,57594.47,21,0,0.08,0,5,not_applicable,0,1,0
TXN_6796,CUST_1261,49921.01,UPI,bank_declined,116108.06,7,2,0.06,23,21,active,0,4,1
TXN_6797,CUST_2471,3780.08,NetBanking,network_error,108462.78,24,0,0.28,16,73,not_applicable,0,2,0
TXN_6798,CUST_1869,22621.43,Wallet,insufficient_funds,179794.21,27,7,0.3,3,1,active,1,3,0
TXN_6799,CUST_2768,47361.25,Card,bank_declined,41061.58,25,7,0.58,11,72,not_applicable,0,0,0
TXN_6800,CUST_2852,38730.93,Wallet,card_expired,26729.98,18,0,0.44,12,53,inactive,0,3,1
TXN_6801,CUST_2054,20410.11,NetBanking,network_error,12647.82,22,6,0.71,1,23,inactive,0,0,1
TXN_6802,CUST_1869,664.3,UPI,card_expired,122918.52,26,5,0.92,1,19,not_applicable,1,2,1
TXN_6803,CUST_1031,29574.49,Wallet,card_expired,146005.11,4,7,0.07,1,88,not_applicable,1,1,0
TXN_6804,CUST_2729,23263.37,NetBanking,insufficient_funds,158446.15,21,6,0.16,19,32,not_applicable,1,3,1
TXN_6805,CUST_2837,32863.21,NetBanking,network_error,67102.48,17,6,0.52,12,59,inactive,1,3,1
TXN_6806,CUST_2257,10900.2,UPI,bank_declined,100407.54,5,8,0.62,9,1,active,0,0,0
TXN_6807,CUST_2713,2271.75,UPI,card_expired,3678.53,24,7,0.32,8,24,inactive,1,3,0
TXN_6808,CUST_2498,40208.12,UPI,insufficient_funds,199466.59,24,7,0.06,7,64,active,0,1,1
TXN_6809,CUST_1301,1384.03,NetBanking,customer_abandoned,27664.19,30,8,0.32,22,28,active,1,3,0
TXN_6810,CUST_2598,46995.17,Card,customer_abandoned,79771.52,23,2,0.5,6,30,inactive,1,0,1
TXN_6811,CUST_1236,106.24,NetBanking,bank_declined,179967.56,3,7,0.08,15,51,inactive,1,4,1
TXN_6812,CUST_1863,6629.12,Wallet,insufficient_funds,121370.82,1,0,1.0,1,2,inactive,0,0,1
TXN_6813,CUST_2084,21254.76,Wallet,card_expired,156304.31,20,4,0.03,15,77,active,0,1,0
TXN_6814,CUST_2960,4110.63,NetBanking,authentication_failed,48067.51,21,1,0.16,9,7,active,1,4,1
TXN_6815,CUST_2315,9104.79,Wallet,card_expired,9046.39,2,5,0.59,22,44,not_applicable,1,4,0
TXN_6816,CUST_1097,20344.74,UPI,authentication_failed,24693.49,15,5,0.75,15,43,inactive,1,0,1
TXN_6817,CUST_2939,18274.43,Card,insufficient_funds,35143.41,16,3,0.59,23,70,active,0,3,0
TXN_6818,CUST_1111,15688.62,NetBanking,bank_declined,6146.22,8,6,0.21,17,81,inactive,0,0,0
TXN_6819,CUST_2367,49455.91,Card,customer_abandoned,3661.87,17,1,0.31,7,64,inactive,1,0,1
TXN_6820,CUST_2124,15885.83,NetBanking,card_expired,81776.95,19,3,0.92,5,51,not_applicable,1,2,1
TXN_6821,CUST_1928,38878.99,UPI,insufficient_funds,79711.34,15,7,0.81,7,29,inactive,0,0,1
TXN_6822,CUST_1096,2060.17,Wallet,bank_declined,189294.97,6,6,0.08,1,44,inactive,1,0,0
TXN_6823,CUST_1376,43895.62,Wallet,authentication_failed,16874.19,7,1,0.55,20,4,not_applicable,0,3,0
TXN_6824,CUST_1337,49317.6,Wallet,network_error,145141.15,10,6,0.28,23,76,not_applicable,0,3,1
TXN_6825,CUST_2423,35317.76,UPI,bank_declined,140293.24,3,8,0.85,13,78,inactive,0,4,0
TXN_6826,CUST_2985,5510.15,NetBanking,network_error,128482.81,12,1,0.95,2,71,active,0,0,1
TXN_6827,CUST_2446,48032.08,UPI,network_error,187678.97,10,8,0.9,13,38,active,1,4,0
TXN_6828,CUST_2656,44926.11,Card,insufficient_funds,164157.99,18,7,0.69,10,28,active,1,1,1
TXN_6829,CUST_1231,6699.45,NetBanking,authentication_failed,27712.18,27,2,0.02,16,80,not_applicable,1,4,0
TXN_6830,CUST_1193,45995.35,Wallet,insufficient_funds,133097.05,21,7,0.31,10,82,inactive,1,1,1
TXN_6831,CUST_1512,24469.64,NetBanking,customer_abandoned,29283.28,8,6,0.88,8,85,not_applicable,0,1,0
TXN_6832,CUST_1058,34973.08,Wallet,authentication_failed,58828.24,28,2,0.5,10,43,not_applicable,0,0,1
TXN_6833,CUST_1022,7923.19,Card,bank_declined,195473.03,17,0,0.07,21,89,not_applicable,1,2,1
TXN_6834,CUST_1830,45809.67,Card,bank_declined,189193.08,23,4,0.23,19,12,not_applicable,0,4,0
TXN_6835,CUST_2060,36247.71,NetBanking,card_expired,9352.74,9,8,0.49,17,30,active,0,3,0
TXN_6836,CUST_2484,28056.71,Card,network_error,38414.64,27,7,0.49,16,26,inactive,0,3,1
TXN_6837,CUST_2193,30898.93,Card,card_expired,144576.63,30,8,0.34,2,71,active,1,3,0
TXN_6838,CUST_1176,12856.55,Wallet,network_error,107102.34,21,1,0.28,3,0,active,1,0,1
TXN_6839,CUST_1357,35418.82,UPI,network_error,147144.78,27,3,0.16,13,8,inactive,1,2,0
TXN_6840,CUST_1931,33667.14,NetBanking,insufficient_funds,3389.02,15,1,0.06,16,34,not_applicable,0,0,1
TXN_6841,CUST_2622,19246.82,UPI,insufficient_funds,30074.7,24,0,0.04,2,29,active,0,1,1
TXN_6842,CUST_2477,47879.95,UPI,bank_declined,145785.56,26,8,0.53,18,2,inactive,0,0,1
TXN_6843,CUST_1191,30993.61,Card,customer_abandoned,145403.39,18,2,0.28,3,45,not_applicable,0,4,0
TXN_6844,CUST_1307,7259.51,Wallet,network_error,81492.15,30,2,0.03,8,36,active,1,3,1
TXN_6845,CUST_2946,3835.94,NetBanking,bank_declined,78167.99,12,1,0.84,16,39,inactive,0,2,1
TXN_6846,CUST_2851,41598.82,Card,card_expired,131643.16,29,6,0.51,10,79,inactive,1,3,0
TXN_6847,CUST_2810,46115.59,UPI,customer_abandoned,11785.96,30,1,0.69,9,65,inactive,0,4,0
TXN_6848,CUST_1379,22107.97,UPI,authentication_failed,48823.87,25,3,0.43,7,66,active,1,2,0
TXN_6849,CUST_1864,41854.63,UPI,authentication_failed,188334.87,15,8,0.31,20,74,inactive,0,1,0
TXN_6850,CUST_1772,1034.44,Wallet,network_error,188647.05,21,1,0.33,12,73,not_applicable,0,3,1
TXN_6851,CUST_2780,45399.45,Wallet,customer_abandoned,105793.09,0,8,0.57,20,54,not_applicable,1,2,0
TXN_6852,CUST_1933,24983.14,NetBanking,authentication_failed,183723.51,23,6,0.56,11,76,inactive,1,2,0
TXN_6853,CUST_2229,1655.93,Wallet,network_error,67924.05,13,7,0.57,6,88,not_applicable,0,0,1
TXN_6854,CUST_2848,30528.65,Wallet,bank_declined,105159.35,1,6,0.78,16,17,active,0,3,0
TXN_6855,CUST_1481,39064.28,Card,authentication_failed,104654.53,7,4,0.37,14,36,not_applicable,0,1,1
TXN_6856,CUST_1888,8089.97,Wallet,authentication_failed,108723.7,16,6,0.32,10,57,active,1,1,0
TXN_6857,CUST_2320,27658.55,NetBanking,bank_declined,18800.2,26,6,0.66,0,46,active,0,3,0
TXN_6858,CUST_2797,38496.42,Card,card_expired,19041.04,2,3,0.3,6,0,not_applicable,1,4,0
TXN_6859,CUST_2634,6922.87,Wallet,customer_abandoned,135842.04,17,2,0.06,20,65,not_applicable,0,1,1
TXN_6860,CUST_2462,42350.89,Card,authentication_failed,155083.97,21,5,0.64,10,63,inactive,0,0,1
TXN_6861,CUST_2048,35492.55,Card,network_error,104355.65,26,0,0.98,14,76,not_applicable,0,4,1
TXN_6862,CUST_2605,30108.22,UPI,network_error,82365.24,4,3,0.9,21,84,not_applicable,0,2,1
TXN_6863,CUST_2517,560.06,NetBanking,card_expired,40151.36,24,4,0.11,9,79,active,1,2,1
TXN_6864,CUST_2828,41311.35,Wallet,insufficient_funds,130654.41,20,8,0.17,9,69,not_applicable,1,3,1
TXN_6865,CUST_1254,25260.57,UPI,customer_abandoned,103030.21,14,2,0.36,9,78,not_applicable,1,4,1
TXN_6866,CUST_1772,15984.53,Card,bank_declined,19733.81,6,6,0.3,11,6,not_applicable,1,0,1
TXN_6867,CUST_1855,32913.34,Card,customer_abandoned,38415.41,22,6,0.11,14,22,inactive,0,4,0
TXN_6868,CUST_2242,33851.2,Wallet,card_expired,73863.78,17,7,0.84,1,10,not_applicable,0,1,0
TXN_6869,CUST_2735,10361.7,UPI,bank_declined,115836.67,27,6,0.01,13,57,active,0,4,1
TXN_6870,CUST_1156,20772.68,Wallet,insufficient_funds,39460.58,14,1,0.75,0,34,inactive,0,0,0
TXN_6871,CUST_1975,5647.21,UPI,authentication_failed,9158.16,27,8,0.33,21,2,active,0,0,1
TXN_6872,CUST_1496,39691.63,UPI,authentication_failed,109666.44,18,6,0.58,1,40,active,0,2,1
TXN_6873,CUST_1788,26489.28,UPI,customer_abandoned,122619.74,2,7,0.52,7,37,active,1,2,1
TXN_6874,CUST_2866,11852.28,UPI,bank_declined,53534.72,13,5,0.13,11,38,inactive,0,1,1
TXN_6875,CUST_2962,20647.69,Card,card_expired,70230.89,29,5,0.98,11,75,active,1,2,0
TXN_6876,CUST_2527,48602.19,UPI,bank_declined,29317.5,20,6,0.89,12,24,active,0,3,0
TXN_6877,CUST_1409,731.57,Card,authentication_failed,78868.37,13,4,0.51,16,51,inactive,0,0,0
TXN_6878,CUST_1914,26930.11,NetBanking,bank_declined,164073.25,6,5,0.38,5,40,not_applicable,0,0,0
TXN_6879,CUST_2160,17006.64,UPI,network_error,184695.79,11,3,0.05,12,33,inactive,0,3,1
TXN_6880,CUST_2333,13303.51,Wallet,authentication_failed,178867.6,13,7,0.1,15,64,not_applicable,0,1,0
TXN_6881,CUST_1542,20400.13,UPI,bank_declined,177790.49,25,5,0.22,4,35,inactive,1,2,1
TXN_6882,CUST_2578,6806.87,UPI,customer_abandoned,190841.17,26,5,0.59,6,44,active,0,2,1
TXN_6883,CUST_1402,21745.29,NetBanking,customer_abandoned,69114.26,24,1,0.21,16,35,active,1,1,1
TXN_6884,CUST_2225,47732.63,Card,authentication_failed,72598.4,22,4,0.88,20,51,inactive,0,1,1
TXN_6885,CUST_1296,46812.69,Wallet,insufficient_funds,70746.77,1,0,0.38,9,79,not_applicable,0,1,0
TXN_6886,CUST_1879,35940.39,NetBanking,card_expired,144211.03,30,8,0.48,8,60,not_applicable,0,4,0
TXN_6887,CUST_2148,1597.52,UPI,authentication_failed,61555.04,25,2,0.35,20,2,inactive,0,4,0
TXN_6888,CUST_1194,27959.16,Wallet,card_expired,142270.06,7,2,0.72,21,31,inactive,0,2,1
TXN_6889,CUST_2193,38532.34,Card,card_expired,4901.11,27,8,0.72,13,46,inactive,0,0,1
TXN_6890,CUST_2422,36509.45,Card,customer_abandoned,105896.5,9,1,0.44,4,65,not_applicable,0,0,1
TXN_6891,CUST_2810,1914.9,UPI,network_error,45470.59,5,3,0.62,17,14,not_applicable,0,4,1
TXN_6892,CUST_1348,19117.27,NetBanking,bank_declined,52493.53,3,6,0.52,15,73,active,1,3,0
TXN_6893,CUST_1819,21063.14,UPI,customer_abandoned,175465.43,22,6,0.52,0,62,not_applicable,0,0,0
TXN_6894,CUST_1967,11230.39,Card,authentication_failed,90678.76,30,2,0.7,7,29,not_applicable,1,4,0
TXN_6895,CUST_1251,48815.25,Card,customer_abandoned,64393.09,6,5,0.53,6,10,inactive,0,2,0
TXN_6896,CUST_1884,44256.05,Card,customer_abandoned,157978.1,24,8,0.2,14,17,not_applicable,1,2,1
TXN_6897,CUST_2429,15860.4,UPI,bank_declined,138745.07,22,0,0.82,18,32,active,1,3,0
TXN_6898,CUST_2362,45887.38,Wallet,insufficient_funds,172990.68,24,6,0.99,17,21,not_applicable,0,0,1
TXN_6899,CUST_2098,15307.61,Card,bank_declined,127608.95,9,6,0.73,17,20,active,1,1,1
TXN_6900,CUST_1768,3789.03,Card,authentication_failed,168477.45,15,0,0.96,6,66,inactive,1,3,0
TXN_6901,CUST_2798,11318.14,Card,card_expired,4843.44,22,2,0.24,6,17,active,1,1,0
TXN_6902,CUST_2753,45588.31,Wallet,card_expired,19609.1,14,8,0.55,23,27,inactive,0,1,1
TXN_6903,CUST_1697,13891.4,NetBanking,insufficient_funds,114409.51,9,5,0.72,4,66,inactive,1,3,1
TXN_6904,CUST_1711,22679.74,UPI,bank_declined,149823.59,8,7,0.3,9,89,active,1,3,0
TXN_6905,CUST_1639,9446.96,Card,bank_declined,72415.67,8,1,0.04,0,44,inactive,1,0,0
TXN_6906,CUST_1791,32645.92,NetBanking,card_expired,129935.89,24,5,0.07,6,22,not_applicable,0,1,0
TXN_6907,CUST_1549,28520.93,NetBanking,bank_declined,64391.88,21,8,0.42,7,35,not_applicable,1,0,1
TXN_6908,CUST_2181,562.41,NetBanking,bank_declined,56002.32,29,0,0.14,17,83,not_applicable,1,3,0
TXN_6909,CUST_1651,47956.11,NetBanking,network_error,75935.51,4,8,0.53,3,41,not_applicable,1,0,1
TXN_6910,CUST_2866,2467.63,Wallet,network_error,48963.51,5,5,0.83,22,0,active,1,1,0
TXN_6911,CUST_1383,18710.25,UPI,bank_declined,75597.46,6,7,0.76,14,15,inactive,1,4,0
TXN_6912,CUST_2896,5942.99,Wallet,card_expired,52249.55,9,8,0.39,8,74,active,1,0,0
TXN_6913,CUST_1713,23986.14,Card,authentication_failed,148261.5,27,3,0.51,0,41,inactive,0,0,0
TXN_6914,CUST_2761,22063.47,UPI,authentication_failed,142072.02,5,0,0.06,23,60,not_applicable,0,4,0
TXN_6915,CUST_2027,18593.01,Card,card_expired,39797.83,1,2,0.93,11,22,not_applicable,0,0,0
TXN_6916,CUST_2324,14437.54,NetBanking,card_expired,141250.57,6,5,0.37,21,33,inactive,0,1,0
TXN_6917,CUST_1101,11937.89,Card,network_error,128906.71,27,2,0.05,18,74,active,0,2,1
TXN_6918,CUST_1177,10494.74,UPI,insufficient_funds,41025.89,25,2,0.68,5,61,not_applicable,0,2,0
TXN_6919,CUST_2715,35821.74,Wallet,authentication_failed,129499.84,25,8,0.92,16,31,inactive,1,1,0
TXN_6920,CUST_1345,8457.41,Wallet,insufficient_funds,83466.96,7,2,0.37,5,38,active,0,3,0
TXN_6921,CUST_1969,10402.1,UPI,insufficient_funds,30751.16,7,7,0.51,17,13,inactive,0,2,1
TXN_6922,CUST_1100,19659.28,Wallet,authentication_failed,9627.29,10,2,0.71,9,48,active,1,4,1
TXN_6923,CUST_1331,12330.24,UPI,authentication_failed,65527.34,10,1,0.72,11,10,active,0,4,0
TXN_6924,CUST_1853,29444.0,Wallet,insufficient_funds,65173.27,0,7,0.31,22,37,not_applicable,1,0,0
TXN_6925,CUST_1210,46671.72,Wallet,insufficient_funds,127989.74,11,0,0.03,7,51,inactive,1,1,0
TXN_6926,CUST_1965,22412.96,Card,customer_abandoned,194539.03,11,0,0.82,3,18,inactive,1,4,0
TXN_6927,CUST_1571,36033.54,Card,bank_declined,97627.63,24,3,0.19,22,17,not_applicable,1,4,1
TXN_6928,CUST_2886,27414.64,Wallet,customer_abandoned,7044.4,15,1,0.65,10,39,not_applicable,0,4,0
TXN_6929,CUST_2412,7289.85,NetBanking,customer_abandoned,70448.56,19,5,0.59,15,10,not_applicable,1,3,0
TXN_6930,CUST_2375,42650.9,Wallet,insufficient_funds,6469.72,1,7,0.1,2,76,active,0,1,0
TXN_6931,CUST_1750,26452.55,Card,card_expired,124402.69,12,3,0.4,11,79,active,0,3,0
TXN_6932,CUST_1367,40484.94,Card,bank_declined,14588.91,0,5,0.28,20,11,inactive,1,4,0
TXN_6933,CUST_2970,793.12,Wallet,network_error,71322.6,7,1,0.19,21,83,inactive,0,4,0
TXN_6934,CUST_1954,41065.26,UPI,network_error,33433.04,3,1,0.78,10,38,active,0,0,1
TXN_6935,CUST_2728,16389.63,NetBanking,authentication_failed,109764.67,8,1,0.44,19,18,not_applicable,1,2,0
TXN_6936,CUST_2375,45368.55,NetBanking,insufficient_funds,114353.98,15,3,0.88,7,50,not_applicable,1,3,0
TXN_6937,CUST_1625,4080.82,UPI,bank_declined,42246.86,7,1,0.15,6,57,inactive,0,0,1
TXN_6938,CUST_2433,43136.09,UPI,authentication_failed,106066.33,17,0,0.1,3,13,active,1,1,1
TXN_6939,CUST_2137,40696.09,Card,card_expired,185908.84,8,4,0.2,7,20,inactive,1,2,0
TXN_6940,CUST_2976,16614.55,NetBanking,insufficient_funds,7069.38,21,8,0.83,19,80,not_applicable,0,4,0
TXN_6941,CUST_1997,32128.85,NetBanking,bank_declined,82885.49,2,7,0.35,19,14,inactive,1,1,0
TXN_6942,CUST_1820,38549.57,UPI,customer_abandoned,139413.97,28,3,0.36,8,46,not_applicable,1,4,0
TXN_6943,CUST_2956,162.02,Card,insufficient_funds,13646.87,9,4,0.62,1,67,active,0,0,1
TXN_6944,CUST_2957,21796.68,UPI,network_error,165672.95,18,5,0.5,12,78,not_applicable,0,4,0
TXN_6945,CUST_2097,8146.69,Card,card_expired,164316.91,29,3,0.58,2,50,inactive,0,3,0
TXN_6946,CUST_2636,32480.03,Wallet,bank_declined,85589.08,0,3,0.81,22,6,inactive,1,0,0
TXN_6947,CUST_1689,30063.24,UPI,customer_abandoned,146590.95,30,6,0.06,8,2,not_applicable,0,0,0
TXN_6948,CUST_1769,37791.46,Wallet,insufficient_funds,99855.67,1,1,0.59,14,79,inactive,1,0,1
TXN_6949,CUST_1036,9985.17,NetBanking,authentication_failed,20551.06,5,0,0.69,17,48,inactive,0,3,0
TXN_6950,CUST_1592,42539.46,NetBanking,bank_declined,128687.25,22,5,0.83,22,68,active,0,0,0
TXN_6951,CUST_2075,4460.11,NetBanking,customer_abandoned,152646.66,13,6,0.18,23,42,inactive,0,2,0
TXN_6952,CUST_2881,19793.07,Wallet,authentication_failed,63598.85,3,2,0.32,13,66,not_applicable,0,0,0
TXN_6953,CUST_1960,14764.17,Wallet,customer_abandoned,4912.86,20,3,0.47,5,7,active,1,0,0
TXN_6954,CUST_2286,43126.14,Card,insufficient_funds,164265.28,15,8,0.42,3,59,not_applicable,1,1,1
TXN_6955,CUST_1511,14465.75,Card,bank_declined,12056.93,10,8,0.68,17,14,active,0,1,0
TXN_6956,CUST_2510,40101.31,Wallet,network_error,123605.14,13,1,0.16,11,12,not_applicable,0,3,0
TXN_6957,CUST_2029,31399.91,NetBanking,bank_declined,161714.33,4,4,0.77,12,59,inactive,0,0,1
TXN_6958,CUST_1520,3820.19,Card,bank_declined,36124.38,19,7,0.09,13,40,inactive,0,1,0
TXN_6959,CUST_1693,23030.66,NetBanking,bank_declined,181455.31,27,5,0.87,17,38,inactive,1,0,0
TXN_6960,CUST_2218,1303.21,Wallet,insufficient_funds,68936.45,8,0,0.68,2,84,not_applicable,1,0,0
TXN_6961,CUST_2418,40074.28,UPI,bank_declined,183000.16,9,4,0.35,9,73,inactive,0,2,1
TXN_6962,CUST_1296,7495.39,UPI,network_error,138472.47,11,3,0.02,17,78,inactive,0,4,1
TXN_6963,CUST_2999,35523.08,UPI,network_error,142658.19,28,6,0.64,12,51,inactive,1,1,1
TXN_6964,CUST_2734,33777.91,NetBanking,customer_abandoned,154986.36,9,2,0.97,0,30,active,1,3,1
TXN_6965,CUST_2206,39747.26,Wallet,insufficient_funds,139256.75,12,5,0.57,17,8,active,0,2,1
TXN_6966,CUST_1755,8361.29,UPI,network_error,164235.63,14,8,0.8,7,55,active,1,0,1
TXN_6967,CUST_2383,21998.12,Wallet,customer_abandoned,6180.5,16,0,0.33,3,72,active,0,3,0
TXN_6968,CUST_1245,24342.23,Wallet,network_error,185935.6,5,3,0.11,19,82,active,1,1,1
TXN_6969,CUST_2850,18459.32,Wallet,insufficient_funds,198029.53,2,7,0.86,20,57,active,1,2,1
TXN_6970,CUST_1687,49984.81,UPI,card_expired,103298.59,4,6,0.17,3,24,inactive,1,1,0
TXN_6971,CUST_2689,11387.67,Wallet,insufficient_funds,127626.26,2,8,0.94,4,27,active,0,0,0
TXN_6972,CUST_1105,13730.87,Card,bank_declined,60074.87,27,3,0.07,1,35,not_applicable,1,3,0
TXN_6973,CUST_2503,4721.98,NetBanking,insufficient_funds,100390.3,24,7,0.71,3,69,not_applicable,1,1,0
TXN_6974,CUST_1476,3070.51,UPI,insufficient_funds,68651.22,10,6,0.29,9,89,not_applicable,0,2,0
TXN_6975,CUST_2741,18187.32,Wallet,card_expired,60564.7,30,8,0.63,14,43,active,0,4,1
TXN_6976,CUST_1529,22796.6,Card,card_expired,149586.37,12,4,0.15,18,19,active,1,1,0
TXN_6977,CUST_2680,7714.48,Wallet,bank_declined,39228.13,11,8,0.11,14,8,inactive,1,1,0
TXN_6978,CUST_2330,27665.28,Card,customer_abandoned,197610.83,1,3,0.79,4,20,active,1,4,0
TXN_6979,CUST_2460,28834.72,UPI,network_error,125038.3,0,1,0.82,16,19,active,1,2,1
TXN_6980,CUST_2002,28507.63,NetBanking,customer_abandoned,134167.42,2,2,0.75,11,12,active,0,4,0
TXN_6981,CUST_2118,10102.73,Card,customer_abandoned,138028.27,6,4,0.85,0,83,active,1,4,0
TXN_6982,CUST_2460,48996.53,UPI,authentication_failed,43998.27,28,4,0.42,8,89,not_applicable,1,2,0
TXN_6983,CUST_2807,46521.77,Wallet,network_error,57790.32,23,6,0.47,18,48,active,1,1,1
TXN_6984,CUST_1841,26111.19,Wallet,insufficient_funds,171623.43,3,7,0.3,3,17,active,0,2,1
TXN_6985,CUST_2997,45574.45,NetBanking,customer_abandoned,15518.62,15,4,0.76,3,80,inactive,1,3,0
TXN_6986,CUST_1705,8848.85,Card,card_expired,120623.36,0,0,0.71,4,23,inactive,0,1,1
TXN_6987,CUST_1473,2054.77,Wallet,insufficient_funds,181832.2,12,6,0.73,9,29,active,0,2,1
TXN_6988,CUST_2876,24893.51,UPI,authentication_failed,6530.77,19,7,0.34,20,20,active,0,0,0
TXN_6989,CUST_1648,25909.46,Card,authentication_failed,42428.79,5,7,0.78,0,78,not_applicable,0,0,0
TXN_6990,CUST_1863,29062.46,Wallet,network_error,55032.92,20,4,0.43,4,6,not_applicable,0,0,1
TXN_6991,CUST_2021,31687.09,Card,insufficient_funds,85691.29,1,1,0.02,1,78,active,0,2,1
TXN_6992,CUST_1803,23609.6,UPI,insufficient_funds,37461.95,26,5,0.59,5,82,active,1,4,0
TXN_6993,CUST_1697,32755.55,Wallet,network_error,190526.64,17,6,0.53,22,44,active,0,1,0
TXN_6994,CUST_2122,37676.75,NetBanking,card_expired,184436.43,15,2,0.21,4,58,not_applicable,0,4,1
TXN_6995,CUST_2855,45285.47,Card,customer_abandoned,79159.83,19,0,0.31,5,43,active,0,2,0
TXN_6996,CUST_1548,31418.88,UPI,network_error,76754.62,24,6,0.79,19,90,inactive,1,3,1
TXN_6997,CUST_1968,8902.74,Wallet,bank_declined,109249.96,9,3,0.57,18,45,not_applicable,0,4,1
TXN_6998,CUST_2160,22905.67,UPI,bank_declined,163102.72,13,3,0.31,2,21,not_applicable,1,2,1
TXN_6999,CUST_2400,10502.79,Card,bank_declined,77703.74,14,4,0.86,18,90,not_applicable,0,0,1
TXN_7000,CUST_1831,40530.95,UPI,customer_abandoned,57291.46,16,4,0.03,21,59,not_applicable,0,4,0
TXN_7001,CUST_1323,37319.39,Card,card_expired,53152.11,6,4,0.65,21,34,not_applicable,1,2,1
TXN_7002,CUST_1929,17321.41,NetBanking,authentication_failed,95508.88,9,8,0.4,11,85,inactive,1,2,1
TXN_7003,CUST_2987,16065.45,NetBanking,insufficient_funds,37481.29,22,4,0.37,5,15,not_applicable,1,3,1
TXN_7004,CUST_1287,34898.4,UPI,bank_declined,184887.41,4,6,0.88,22,7,inactive,0,1,0
TXN_7005,CUST_1415,22812.65,UPI,bank_declined,149706.53,7,8,0.92,4,56,inactive,1,3,0
TXN_7006,CUST_1236,22277.63,Card,card_expired,179996.18,23,5,0.36,10,33,inactive,0,2,0
TXN_7007,CUST_2483,45234.76,UPI,card_expired,160646.4,14,2,0.24,0,52,inactive,1,1,1
TXN_7008,CUST_1123,17712.64,Wallet,authentication_failed,182634.96,0,3,1.0,19,78,not_applicable,0,2,1
TXN_7009,CUST_1819,24267.88,Wallet,card_expired,3024.59,1,7,0.7,10,27,not_applicable,0,4,0
TXN_7010,CUST_1178,31686.02,Card,authentication_failed,121732.1,29,2,0.48,16,87,not_applicable,0,4,1
TXN_7011,CUST_2721,1255.0,Card,customer_abandoned,142714.36,10,0,0.41,14,30,not_applicable,1,4,1
TXN_7012,CUST_2307,33793.46,NetBanking,bank_declined,3037.36,0,5,0.29,1,50,not_applicable,0,2,0
TXN_7013,CUST_1192,8432.62,UPI,bank_declined,145966.86,13,2,0.24,14,64,inactive,1,3,0
TXN_7014,CUST_1329,12424.75,UPI,network_error,116466.53,29,6,0.72,5,86,inactive,0,2,1
TXN_7015,CUST_1471,30190.74,UPI,bank_declined,165146.1,8,5,0.09,13,44,active,1,4,0
TXN_7016,CUST_2233,16224.93,Wallet,bank_declined,25407.34,6,0,0.55,2,37,inactive,1,1,0
TXN_7017,CUST_1499,41085.95,NetBanking,bank_declined,9536.29,10,4,0.1,10,0,active,0,1,1
TXN_7018,CUST_1286,29488.2,UPI,authentication_failed,146247.45,21,8,0.26,20,64,inactive,0,1,1
TXN_7019,CUST_1161,47661.8,Card,insufficient_funds,100308.82,30,5,0.76,19,31,active,0,0,1
TXN_7020,CUST_2158,3566.4,Card,customer_abandoned,65896.19,29,2,0.09,4,5,active,1,0,0
TXN_7021,CUST_2657,11528.39,Wallet,network_error,127544.18,13,7,0.28,1,87,inactive,0,4,1
TXN_7022,CUST_1325,10599.04,Card,network_error,157268.74,22,6,0.11,14,37,active,0,0,0
TXN_7023,CUST_2225,42037.04,Wallet,network_error,136082.66,7,5,0.07,22,37,not_applicable,1,1,0
TXN_7024,CUST_1748,42982.14,NetBanking,authentication_failed,25272.91,0,1,0.16,4,11,active,1,2,0
TXN_7025,CUST_2877,13781.45,Card,insufficient_funds,45193.06,3,2,0.58,10,28,inactive,0,3,0
TXN_7026,CUST_2492,7113.94,NetBanking,network_error,107435.9,13,3,0.39,14,7,inactive,1,2,1
TXN_7027,CUST_2875,5227.5,Wallet,bank_declined,124502.04,9,0,0.44,6,80,active,1,4,0
TXN_7028,CUST_1359,11691.16,Card,insufficient_funds,7054.78,2,4,0.85,10,89,inactive,0,0,1
TXN_7029,CUST_2822,34086.44,NetBanking,bank_declined,189569.89,10,3,0.56,5,12,inactive,1,2,1
TXN_7030,CUST_1649,13486.85,UPI,card_expired,186874.71,12,4,0.68,11,1,inactive,0,3,1
TXN_7031,CUST_1110,21365.3,Wallet,card_expired,169164.69,4,8,0.71,16,36,not_applicable,0,4,0
TXN_7032,CUST_1306,30018.98,Wallet,network_error,86608.6,16,8,0.01,0,12,active,1,2,0
TXN_7033,CUST_2926,6229.23,Card,authentication_failed,102480.95,11,4,0.34,9,25,active,1,1,1
TXN_7034,CUST_2352,23920.51,Card,customer_abandoned,199407.6,13,1,0.41,8,12,inactive,0,3,0
TXN_7035,CUST_1036,30718.96,Wallet,customer_abandoned,48021.25,5,7,0.11,8,90,active,0,0,0
TXN_7036,CUST_2791,1241.78,NetBanking,insufficient_funds,86801.77,5,4,0.43,0,56,not_applicable,0,4,0
TXN_7037,CUST_2863,39222.55,Wallet,network_error,26724.85,23,8,0.92,16,10,active,1,4,1
TXN_7038,CUST_1756,1478.06,UPI,bank_declined,192631.55,24,0,0.31,23,45,inactive,0,2,1
TXN_7039,CUST_2138,14285.01,Wallet,authentication_failed,145955.84,9,0,0.49,9,13,inactive,1,0,0
TXN_7040,CUST_1533,5299.78,UPI,customer_abandoned,145349.71,16,8,0.24,14,62,not_applicable,1,0,0
TXN_7041,CUST_1662,25021.44,Wallet,authentication_failed,160750.29,18,2,0.28,4,75,active,0,3,0
TXN_7042,CUST_2294,41710.67,UPI,customer_abandoned,30418.93,2,6,0.62,17,67,inactive,0,2,1
TXN_7043,CUST_2431,42081.03,Wallet,network_error,13301.23,22,3,0.32,7,1,not_applicable,1,3,1
TXN_7044,CUST_2586,47467.11,UPI,bank_declined,197202.37,3,5,0.23,20,73,active,1,1,1
TXN_7045,CUST_1956,42097.42,Wallet,network_error,47502.38,26,7,0.19,8,13,inactive,1,1,1
TXN_7046,CUST_2594,20656.93,Wallet,bank_declined,179988.06,29,6,0.9,23,48,inactive,1,3,0
TXN_7047,CUST_1421,10297.19,Wallet,insufficient_funds,82201.42,12,4,0.78,7,50,active,0,0,1
TXN_7048,CUST_2960,25741.1,Wallet,authentication_failed,118794.44,11,5,0.1,4,39,active,1,0,0
TXN_7049,CUST_1881,49603.96,Wallet,bank_declined,18600.78,15,8,0.52,5,40,inactive,0,2,0
TXN_7050,CUST_2499,27041.67,Card,card_expired,115189.93,10,1,0.58,0,15,active,0,1,0
TXN_7051,CUST_2347,19548.4,Card,customer_abandoned,103754.48,3,4,0.01,18,85,active,1,0,1
TXN_7052,CUST_1109,13048.44,UPI,insufficient_funds,163494.45,23,2,0.27,1,10,not_applicable,1,2,1
TXN_7053,CUST_1957,7826.08,NetBanking,customer_abandoned,197150.9,17,1,0.32,10,87,inactive,1,0,1
TXN_7054,CUST_2204,6026.06,NetBanking,card_expired,62758.2,6,8,0.04,1,23,not_applicable,0,1,0
TXN_7055,CUST_1527,10765.67,NetBanking,customer_abandoned,104342.82,17,2,0.14,8,61,not_applicable,0,4,0
TXN_7056,CUST_2983,29936.05,UPI,customer_abandoned,13337.99,15,0,0.4,18,23,inactive,1,3,0
TXN_7057,CUST_1551,12093.95,Card,network_error,121302.39,22,4,0.59,5,42,inactive,0,2,1
TXN_7058,CUST_2390,8028.25,Wallet,insufficient_funds,57856.14,30,2,0.21,12,79,active,1,2,1
TXN_7059,CUST_1816,23107.18,Wallet,network_error,66728.45,19,2,0.79,0,61,not_applicable,0,4,1
TXN_7060,CUST_1940,48747.34,Card,card_expired,24192.27,25,3,0.77,22,14,not_applicable,1,0,1
TXN_7061,CUST_2041,43276.59,Wallet,customer_abandoned,15759.82,7,3,0.37,9,35,inactive,0,4,0
TXN_7062,CUST_1900,49658.54,NetBanking,insufficient_funds,197124.25,17,2,0.19,18,83,active,0,4,0
TXN_7063,CUST_2473,26822.42,NetBanking,network_error,31720.32,22,8,0.17,1,17,not_applicable,1,2,0
TXN_7064,CUST_1003,22691.23,Card,network_error,26034.46,16,3,0.21,13,88,active,1,4,1
TXN_7065,CUST_2985,25594.77,NetBanking,authentication_failed,67774.08,28,4,0.46,3,87,not_applicable,1,3,0
TXN_7066,CUST_2227,16403.76,UPI,bank_declined,14993.0,9,7,0.89,10,10,inactive,0,3,0
TXN_7067,CUST_2296,37869.32,Card,network_error,70560.81,28,0,0.47,13,2,not_applicable,0,1,1
TXN_7068,CUST_2399,34852.42,Card,insufficient_funds,169064.74,30,0,0.29,0,87,not_applicable,0,4,0
TXN_7069,CUST_1967,34103.87,UPI,network_error,39835.46,20,7,0.64,23,70,active,1,3,0
TXN_7070,CUST_1643,31044.84,NetBanking,card_expired,103167.94,0,2,0.11,4,23,active,0,1,1
TXN_7071,CUST_2052,22383.2,UPI,network_error,44205.9,19,0,0.35,6,40,not_applicable,0,1,1
TXN_7072,CUST_2468,4668.56,Card,card_expired,191564.29,5,7,0.67,4,28,inactive,1,1,0
TXN_7073,CUST_1548,41160.82,UPI,network_error,65188.43,27,0,0.6,16,27,not_applicable,0,2,1
TXN_7074,CUST_2551,36696.96,NetBanking,authentication_failed,144878.79,30,2,0.55,21,21,active,0,1,1
TXN_7075,CUST_1361,12759.82,NetBanking,network_error,77189.7,24,6,0.15,3,77,not_applicable,1,0,1
TXN_7076,CUST_1092,34249.29,UPI,authentication_failed,166338.21,12,3,0.33,4,14,active,0,3,0
TXN_7077,CUST_2918,41648.86,NetBanking,customer_abandoned,178250.1,30,2,0.41,2,33,inactive,1,2,1
TXN_7078,CUST_1527,34778.58,Wallet,card_expired,157022.61,4,7,0.02,0,6,inactive,1,2,0
TXN_7079,CUST_2581,29459.6,NetBanking,card_expired,76362.87,29,2,0.75,21,43,not_applicable,1,1,1
TXN_7080,CUST_1065,33871.12,Card,network_error,103906.34,8,8,0.25,11,82,active,0,3,0
TXN_7081,CUST_2719,36871.73,NetBanking,card_expired,194807.23,4,0,0.38,1,51,not_applicable,0,4,0
TXN_7082,CUST_1504,49399.76,UPI,customer_abandoned,125137.53,30,7,0.95,15,31,inactive,1,3,0
TXN_7083,CUST_2557,17167.49,NetBanking,authentication_failed,27653.4,11,8,0.84,14,62,active,1,3,1
TXN_7084,CUST_2721,25115.45,Card,card_expired,38134.64,7,5,0.13,7,64,active,1,4,0
TXN_7085,CUST_2979,25368.18,UPI,card_expired,139263.03,7,8,0.31,23,75,inactive,0,2,0
TXN_7086,CUST_1894,1165.92,NetBanking,customer_abandoned,122418.47,26,7,0.42,12,13,not_applicable,0,3,1
TXN_7087,CUST_2923,32125.14,UPI,card_expired,80340.2,23,0,0.26,14,77,not_applicable,1,1,0
TXN_7088,CUST_1573,911.63,UPI,authentication_failed,66055.58,25,5,0.94,5,20,inactive,0,3,0
TXN_7089,CUST_1671,26682.68,Wallet,insufficient_funds,41503.41,27,7,0.83,22,31,inactive,0,0,1
TXN_7090,CUST_1161,12487.85,Wallet,customer_abandoned,39178.38,22,0,0.16,2,14,inactive,1,2,0
TXN_7091,CUST_1681,30141.38,Wallet,network_error,127929.59,14,4,0.95,15,31,inactive,0,0,1
TXN_7092,CUST_2822,395.29,Wallet,network_error,120177.85,22,4,0.51,9,33,not_applicable,0,3,1
TXN_7093,CUST_2943,3187.82,UPI,customer_abandoned,91432.54,12,7,0.29,20,62,not_applicable,0,1,0
TXN_7094,CUST_1037,11196.84,Card,bank_declined,67173.14,24,2,0.35,7,86,not_applicable,0,0,1
TXN_7095,CUST_2147,48939.76,Card,card_expired,186613.49,9,1,0.57,17,61,active,1,2,1
TXN_7096,CUST_2617,49560.78,UPI,card_expired,71832.0,19,3,0.45,1,29,not_applicable,0,1,0
TXN_7097,CUST_2539,30470.45,NetBanking,bank_declined,43372.89,6,1,0.69,7,56,not_applicable,0,0,0
TXN_7098,CUST_1309,17033.95,NetBanking,customer_abandoned,46284.47,0,4,0.24,17,65,not_applicable,0,4,0
TXN_7099,CUST_2108,44047.37,Wallet,customer_abandoned,59902.11,11,7,0.09,7,17,not_applicable,0,4,0
TXN_7100,CUST_1272,27845.31,Wallet,authentication_failed,198591.19,1,2,0.15,16,30,not_applicable,1,1,0
TXN_7101,CUST_2790,21971.36,UPI,customer_abandoned,113102.92,1,6,0.29,5,3,inactive,1,3,0
TXN_7102,CUST_2150,21281.38,Wallet,card_expired,63514.98,29,0,0.92,7,69,active,1,4,1
TXN_7103,CUST_1138,11805.05,NetBanking,authentication_failed,161902.01,12,7,0.83,1,59,not_applicable,1,4,0
TXN_7104,CUST_2943,48690.8,Wallet,bank_declined,138977.62,8,4,0.27,18,8,active,1,0,1
TXN_7105,CUST_1086,14927.22,UPI,bank_declined,30854.43,8,2,0.29,14,22,inactive,1,3,0
TXN_7106,CUST_1468,41315.89,UPI,customer_abandoned,73342.29,3,8,0.35,23,5,not_applicable,1,1,0
TXN_7107,CUST_1691,32263.32,NetBanking,card_expired,150571.64,27,3,0.33,0,16,active,1,1,1
TXN_7108,CUST_1992,19529.11,NetBanking,card_expired,143563.57,3,5,0.16,5,62,not_applicable,0,1,0
TXN_7109,CUST_1141,21360.41,UPI,customer_abandoned,177993.54,8,3,0.57,9,8,not_applicable,1,3,1
TXN_7110,CUST_2962,5253.56,Card,authentication_failed,92574.91,5,6,0.42,14,56,inactive,1,1,0
TXN_7111,CUST_1952,40617.03,Wallet,network_error,168448.16,3,8,0.67,22,35,inactive,0,2,1
TXN_7112,CUST_1386,47456.57,NetBanking,network_error,77353.79,29,5,0.83,20,56,inactive,0,4,0
TXN_7113,CUST_1780,24627.81,Card,bank_declined,146091.41,22,8,0.38,13,80,not_applicable,1,0,0
TXN_7114,CUST_1874,29366.54,NetBanking,network_error,40097.86,25,2,0.46,19,16,not_applicable,0,3,0
TXN_7115,CUST_1983,4392.31,Card,network_error,7055.28,24,0,0.61,10,30,not_applicable,0,4,1
TXN_7116,CUST_2863,20955.09,UPI,insufficient_funds,81736.41,25,0,0.09,0,4,inactive,1,4,0
TXN_7117,CUST_1484,44931.32,UPI,authentication_failed,44341.91,26,2,0.43,23,52,active,1,2,0
TXN_7118,CUST_1144,41355.45,Wallet,customer_abandoned,22478.24,23,0,0.51,6,23,active,1,0,0
TXN_7119,CUST_2501,34949.8,UPI,authentication_failed,152407.53,6,3,0.46,19,86,active,0,3,0
TXN_7120,CUST_2992,23297.13,NetBanking,customer_abandoned,129929.56,9,5,0.61,8,84,not_applicable,1,2,0
TXN_7121,CUST_2574,3341.13,NetBanking,network_error,193086.31,30,2,0.15,14,66,inactive,0,2,1
TXN_7122,CUST_1578,38404.96,Wallet,customer_abandoned,82525.74,23,7,0.18,2,58,inactive,0,3,0
TXN_7123,CUST_2895,28490.6,Wallet,authentication_failed,91100.56,12,7,0.92,18,73,not_applicable,1,1,0
TXN_7124,CUST_2776,33100.47,UPI,customer_abandoned,23346.65,24,6,0.39,3,27,inactive,1,4,0
TXN_7125,CUST_2994,11318.37,Card,card_expired,118364.44,14,6,0.15,2,71,active,1,4,0
TXN_7126,CUST_2754,26209.31,Card,insufficient_funds,135327.19,17,7,0.11,16,63,not_applicable,0,4,1
TXN_7127,CUST_1143,11366.04,Card,authentication_failed,24875.09,2,2,0.2,2,20,inactive,0,2,0
TXN_7128,CUST_2634,4624.67,UPI,bank_declined,159770.01,13,7,0.5,2,4,active,1,1,1
TXN_7129,CUST_1349,47536.33,NetBanking,customer_abandoned,74830.67,3,3,0.17,6,40,inactive,0,4,0
TXN_7130,CUST_2771,12024.43,NetBanking,bank_declined,100249.51,7,7,0.29,21,23,not_applicable,0,4,0
TXN_7131,CUST_1520,33497.74,UPI,customer_abandoned,155682.46,28,1,0.71,5,45,not_applicable,0,0,1
TXN_7132,CUST_1088,5883.4,NetBanking,card_expired,108947.58,5,0,0.2,18,8,not_applicable,0,4,0
TXN_7133,CUST_2560,26402.01,UPI,card_expired,66032.04,9,7,0.76,19,50,not_applicable,1,3,0
TXN_7134,CUST_2867,48937.99,Wallet,authentication_failed,151946.12,6,0,0.06,6,12,inactive,0,4,0
TXN_7135,CUST_2527,28174.76,NetBanking,insufficient_funds,139365.24,19,3,0.5,15,44,active,0,3,1
TXN_7136,CUST_1851,18460.14,NetBanking,authentication_failed,55020.82,3,4,0.95,23,83,active,1,3,0
TXN_7137,CUST_2153,3264.72,UPI,authentication_failed,34289.66,9,5,0.86,2,79,active,0,4,0
TXN_7138,CUST_2478,38961.15,NetBanking,authentication_failed,161947.53,23,6,0.82,11,31,not_applicable,1,0,1
TXN_7139,CUST_2856,8938.32,NetBanking,insufficient_funds,30498.32,11,6,0.57,17,37,not_applicable,1,4,0
TXN_7140,CUST_2735,27946.61,Card,customer_abandoned,100197.09,8,0,0.6,3,6,inactive,1,1,0
TXN_7141,CUST_2123,1738.55,Wallet,customer_abandoned,144597.44,26,7,0.19,5,17,inactive,1,2,1
TXN_7142,CUST_1096,27374.14,Card,card_expired,196377.1,10,3,0.84,22,15,not_applicable,0,1,1
TXN_7143,CUST_2963,30859.0,Wallet,card_expired,24340.6,11,4,0.39,9,86,not_applicable,1,2,0
TXN_7144,CUST_2280,31171.31,UPI,card_expired,97409.79,21,0,0.18,14,73,inactive,0,2,0
TXN_7145,CUST_1514,13731.01,Wallet,network_error,164275.34,30,7,0.61,4,30,not_applicable,1,3,0
TXN_7146,CUST_2365,2126.2,Wallet,authentication_failed,47251.35,6,0,0.89,14,40,active,1,1,0
TXN_7147,CUST_2113,28785.18,UPI,network_error,93798.17,13,2,0.65,12,61,not_applicable,1,0,1
TXN_7148,CUST_2246,32250.81,UPI,network_error,62173.42,6,7,0.84,23,17,active,0,3,1
TXN_7149,CUST_1799,16565.78,NetBanking,authentication_failed,166302.56,0,3,0.49,12,8,inactive,1,2,0
TXN_7150,CUST_1513,3977.85,UPI,customer_abandoned,140221.54,22,2,0.87,19,10,not_applicable,1,3,1
TXN_7151,CUST_1681,32816.99,UPI,customer_abandoned,29133.64,26,5,0.09,23,66,inactive,1,0,0
TXN_7152,CUST_2309,42760.05,NetBanking,authentication_failed,192385.52,5,2,0.24,17,28,inactive,1,0,1
TXN_7153,CUST_2452,28736.07,Card,card_expired,7329.67,26,3,0.54,11,8,active,1,2,0
TXN_7154,CUST_2798,13878.53,Wallet,card_expired,179574.96,13,3,0.24,17,5,inactive,1,3,0
TXN_7155,CUST_2973,8080.97,UPI,network_error,167563.57,0,4,0.42,7,43,not_applicable,0,3,1
TXN_7156,CUST_1767,26608.53,Card,insufficient_funds,96631.27,14,2,0.81,13,8,active,1,2,1
TXN_7157,CUST_1813,40121.43,Card,customer_abandoned,21031.77,2,4,0.64,14,87,not_applicable,1,0,1
TXN_7158,CUST_2569,44964.96,Card,network_error,45640.46,10,0,0.6,16,68,not_applicable,1,2,1
TXN_7159,CUST_1686,19200.31,NetBanking,card_expired,22236.0,28,7,0.13,18,76,not_applicable,1,4,1
TXN_7160,CUST_2911,37512.7,UPI,network_error,77085.88,22,6,0.83,16,81,active,1,2,1
TXN_7161,CUST_1159,31276.22,UPI,authentication_failed,173767.03,17,8,0.84,17,57,inactive,1,3,0
TXN_7162,CUST_1397,37287.17,Card,insufficient_funds,86066.16,15,7,0.84,16,41,inactive,1,3,0
TXN_7163,CUST_1584,38266.37,Wallet,customer_abandoned,16635.74,14,0,0.59,12,5,not_applicable,1,2,0
TXN_7164,CUST_2130,30537.84,Card,bank_declined,139432.68,17,5,0.92,13,36,not_applicable,0,1,0
TXN_7165,CUST_2748,11059.94,Wallet,customer_abandoned,165353.36,11,4,0.12,2,9,not_applicable,1,3,0
TXN_7166,CUST_1745,44149.42,Card,network_error,21123.29,14,0,0.85,2,82,inactive,1,1,1
TXN_7167,CUST_1798,25238.39,Wallet,authentication_failed,62470.62,18,8,0.41,2,69,active,1,1,1
TXN_7168,CUST_1922,10164.71,Card,insufficient_funds,116341.25,1,8,0.08,10,32,inactive,0,0,0
TXN_7169,CUST_1865,38189.49,NetBanking,customer_abandoned,61217.21,29,6,0.99,1,51,not_applicable,1,2,1
TXN_7170,CUST_2155,25875.31,Card,card_expired,8226.63,7,7,0.96,10,42,not_applicable,0,4,0
TXN_7171,CUST_2066,26963.2,Card,customer_abandoned,79739.25,25,3,0.42,7,83,active,1,4,1
TXN_7172,CUST_1509,33138.22,Card,bank_declined,31703.43,27,4,0.5,16,41,not_applicable,0,4,1
TXN_7173,CUST_2640,22220.0,Card,customer_abandoned,33995.09,0,6,0.31,13,55,inactive,0,2,0
TXN_7174,CUST_2023,6378.29,Wallet,customer_abandoned,76138.64,24,1,0.54,1,72,active,0,1,1
TXN_7175,CUST_2729,30230.79,UPI,insufficient_funds,198611.86,1,0,0.96,6,21,not_applicable,1,3,1
TXN_7176,CUST_1838,13390.42,UPI,network_error,5459.11,17,0,0.83,16,65,inactive,1,2,1
TXN_7177,CUST_2421,10360.84,UPI,network_error,109346.19,4,7,0.18,22,62,inactive,1,0,1
TXN_7178,CUST_1302,38880.27,NetBanking,card_expired,151398.13,11,0,0.82,2,19,active,0,2,1
TXN_7179,CUST_2959,36471.73,Card,bank_declined,71701.02,6,7,0.67,10,74,active,1,0,0
TXN_7180,CUST_2963,35308.77,Wallet,network_error,194449.44,23,6,0.04,3,48,active,1,1,1
TXN_7181,CUST_2241,6269.47,Card,card_expired,86682.22,16,0,0.29,3,85,active,1,0,0
TXN_7182,CUST_1236,23741.98,Wallet,network_error,97422.93,24,4,0.72,9,50,active,0,2,1
TXN_7183,CUST_2145,17725.04,Wallet,bank_declined,151628.35,18,1,0.78,15,41,active,1,4,1
TXN_7184,CUST_2554,7275.14,Card,insufficient_funds,43406.54,29,2,0.35,6,28,active,1,1,1
TXN_7185,CUST_1558,33459.15,Wallet,network_error,165798.91,5,1,0.19,15,36,active,0,1,1
TXN_7186,CUST_1926,18454.03,NetBanking,insufficient_funds,101649.8,9,1,0.62,12,35,not_applicable,1,3,1
TXN_7187,CUST_2081,9695.4,Card,card_expired,18314.31,19,7,0.63,21,24,not_applicable,0,3,0
TXN_7188,CUST_2083,8228.84,Wallet,insufficient_funds,24300.35,5,8,0.56,9,89,not_applicable,1,1,0
TXN_7189,CUST_2816,49871.58,NetBanking,bank_declined,81774.26,29,5,0.21,20,85,active,0,1,0
TXN_7190,CUST_1135,12288.32,UPI,bank_declined,99323.12,29,5,0.48,4,41,active,1,4,0
TXN_7191,CUST_1748,39824.68,Card,insufficient_funds,44105.99,2,6,0.9,11,34,not_applicable,1,0,1
TXN_7192,CUST_1689,16722.81,NetBanking,bank_declined,36939.9,11,1,0.28,8,40,active,0,0,1
TXN_7193,CUST_1280,27890.97,UPI,customer_abandoned,10227.27,24,3,0.91,16,69,not_applicable,1,0,1
TXN_7194,CUST_2293,14035.74,Wallet,insufficient_funds,22748.2,7,6,0.26,0,36,active,0,1,1
TXN_7195,CUST_2958,30797.27,UPI,insufficient_funds,46237.32,1,4,0.87,13,69,inactive,1,2,0
TXN_7196,CUST_1295,37707.1,UPI,insufficient_funds,169678.91,28,0,0.62,16,36,not_applicable,1,2,1
TXN_7197,CUST_1613,18759.36,Card,bank_declined,45529.04,21,5,0.56,22,55,not_applicable,1,1,1
TXN_7198,CUST_1374,29739.69,Card,authentication_failed,184001.77,1,5,0.36,8,36,active,1,0,0
TXN_7199,CUST_1036,32468.41,NetBanking,network_error,134416.33,15,3,0.65,19,18,not_applicable,0,3,1
TXN_7200,CUST_2544,7265.19,UPI,network_error,195747.02,0,6,0.05,8,86,not_applicable,1,1,0
TXN_7201,CUST_2464,21311.51,Card,bank_declined,72643.77,24,8,0.78,23,24,not_applicable,1,0,0
TXN_7202,CUST_1946,45270.72,NetBanking,customer_abandoned,79702.02,4,0,0.56,9,59,inactive,0,0,1
TXN_7203,CUST_1627,49693.02,Card,customer_abandoned,193889.58,0,7,0.72,12,16,inactive,0,1,0
TXN_7204,CUST_1741,1256.98,NetBanking,card_expired,165218.45,17,2,0.84,14,39,active,0,1,1
TXN_7205,CUST_2426,14068.18,Wallet,card_expired,128323.75,27,2,0.32,10,7,inactive,0,2,1
TXN_7206,CUST_2084,19183.51,Card,network_error,182814.38,7,2,0.23,7,0,active,1,3,1
TXN_7207,CUST_1525,18112.98,Wallet,network_error,132951.15,11,0,0.56,7,67,active,1,2,0
TXN_7208,CUST_2841,5170.45,UPI,authentication_failed,44907.53,10,2,0.77,1,27,not_applicable,1,0,1
TXN_7209,CUST_2730,8372.61,UPI,insufficient_funds,101160.93,22,0,0.65,8,34,active,0,0,1
TXN_7210,CUST_1744,14651.93,UPI,authentication_failed,162075.09,17,0,0.52,18,75,active,1,0,1
TXN_7211,CUST_2359,14169.36,Wallet,customer_abandoned,128188.99,0,0,0.2,23,67,inactive,1,4,1
TXN_7212,CUST_1597,33861.14,Wallet,bank_declined,94804.43,10,8,0.92,21,38,active,0,2,1
TXN_7213,CUST_1379,11830.16,Wallet,network_error,132619.2,12,8,0.57,11,59,inactive,1,3,0
TXN_7214,CUST_2723,17248.86,NetBanking,bank_declined,80243.85,4,2,0.29,15,63,inactive,0,0,1
TXN_7215,CUST_2234,32602.78,Card,card_expired,88714.75,25,5,0.4,4,90,inactive,1,2,0
TXN_7216,CUST_2248,14245.07,NetBanking,card_expired,18053.64,27,2,0.27,5,11,inactive,1,0,1
TXN_7217,CUST_2255,27429.43,NetBanking,card_expired,154983.91,6,8,0.4,3,35,not_applicable,1,0,1
TXN_7218,CUST_2411,41384.76,NetBanking,card_expired,196975.57,23,0,0.88,23,89,active,1,3,0
TXN_7219,CUST_2804,29964.12,Wallet,network_error,26775.7,19,3,0.72,3,22,inactive,0,2,1
TXN_7220,CUST_2207,25395.91,Card,authentication_failed,138964.09,12,3,0.44,12,18,active,0,3,0
TXN_7221,CUST_1692,19977.78,NetBanking,card_expired,143756.81,6,7,0.88,6,80,inactive,1,3,1
TXN_7222,CUST_2331,39322.66,Wallet,card_expired,3743.75,1,6,0.91,10,68,inactive,0,3,0
TXN_7223,CUST_2807,44409.9,Wallet,bank_declined,40196.65,9,6,0.44,19,75,active,1,4,0
TXN_7224,CUST_2167,32049.92,Wallet,card_expired,83768.47,20,0,0.68,20,31,not_applicable,1,4,0
TXN_7225,CUST_2898,13859.24,NetBanking,authentication_failed,129619.56,29,1,0.2,8,85,not_applicable,1,1,1
TXN_7226,CUST_2934,255.23,Card,network_error,110205.73,17,7,0.4,13,14,not_applicable,0,3,0
TXN_7227,CUST_1641,25833.83,UPI,bank_declined,129417.01,12,1,0.97,3,44,inactive,1,0,0
TXN_7228,CUST_1088,35885.78,Wallet,bank_declined,96314.42,25,8,0.39,3,71,not_applicable,1,4,0
TXN_7229,CUST_2787,18018.94,Wallet,insufficient_funds,169827.05,2,5,0.38,17,67,not_applicable,0,0,0
TXN_7230,CUST_1999,13664.54,UPI,customer_abandoned,55552.42,16,7,0.06,4,75,inactive,0,0,1
TXN_7231,CUST_2493,22458.66,Card,network_error,121586.2,16,3,0.55,20,14,inactive,1,1,0
TXN_7232,CUST_2327,37575.49,NetBanking,card_expired,154519.32,1,6,0.5,1,47,not_applicable,0,0,0
TXN_7233,CUST_1826,46678.49,Wallet,network_error,11799.68,19,0,0.15,10,34,active,1,1,1
TXN_7234,CUST_2749,30736.49,Wallet,authentication_failed,2631.87,25,2,0.72,23,8,not_applicable,1,3,1
TXN_7235,CUST_1171,24286.67,UPI,customer_abandoned,85275.51,4,3,0.52,5,63,not_applicable,0,0,0
TXN_7236,CUST_2926,5524.72,Wallet,card_expired,58637.86,4,5,0.71,14,46,not_applicable,0,0,0
TXN_7237,CUST_2921,24058.14,Card,card_expired,114732.67,25,0,0.56,6,38,not_applicable,0,2,1
TXN_7238,CUST_1839,4963.05,NetBanking,card_expired,179459.69,28,1,0.6,14,17,active,0,2,0
TXN_7239,CUST_2721,23253.46,Wallet,card_expired,151539.64,24,1,0.58,2,67,not_applicable,1,3,0
TXN_7240,CUST_2784,44515.84,UPI,customer_abandoned,61801.69,2,8,0.14,15,68,active,1,0,0
TXN_7241,CUST_2397,36049.97,NetBanking,bank_declined,141089.7,29,4,0.7,11,79,active,0,4,0
TXN_7242,CUST_1218,17512.26,Card,insufficient_funds,112665.48,4,5,0.62,9,56,active,1,1,1
TXN_7243,CUST_1524,15686.07,UPI,card_expired,191309.91,11,0,0.15,10,35,not_applicable,0,3,1
TXN_7244,CUST_2839,31681.01,Wallet,bank_declined,163562.31,24,7,0.03,3,83,not_applicable,1,1,0
TXN_7245,CUST_2290,3577.82,NetBanking,card_expired,118998.93,13,8,0.6,22,14,active,0,2,1
TXN_7246,CUST_2797,23433.42,NetBanking,card_expired,14541.76,24,4,0.21,17,83,active,1,1,1
TXN_7247,CUST_2599,38858.05,UPI,network_error,163304.29,24,8,1.0,8,44,not_applicable,1,2,1
TXN_7248,CUST_2097,1062.99,NetBanking,insufficient_funds,47711.25,5,2,0.59,5,56,not_applicable,1,3,1
TXN_7249,CUST_2404,5268.57,UPI,card_expired,25193.03,3,8,0.7,1,54,inactive,1,1,1
TXN_7250,CUST_1687,12600.27,Card,network_error,162815.81,18,3,0.13,23,36,inactive,1,2,0
TXN_7251,CUST_2820,10131.49,UPI,customer_abandoned,17189.12,25,0,0.34,12,56,inactive,1,1,1
TXN_7252,CUST_1133,26394.37,UPI,authentication_failed,137682.46,6,0,0.49,13,26,not_applicable,1,2,1
TXN_7253,CUST_1409,18309.53,Wallet,insufficient_funds,6556.6,0,8,0.97,8,21,inactive,1,2,1
TXN_7254,CUST_1552,3763.6,Card,card_expired,90386.1,14,3,0.64,10,26,not_applicable,1,4,0
TXN_7255,CUST_2747,28941.63,Wallet,card_expired,107196.08,9,8,0.21,13,66,not_applicable,0,1,0
TXN_7256,CUST_1330,37972.22,NetBanking,card_expired,65194.7,10,0,0.24,5,23,inactive,1,2,0
TXN_7257,CUST_2333,36829.83,Wallet,customer_abandoned,56003.93,18,0,0.87,6,29,not_applicable,1,3,1
TXN_7258,CUST_2790,17353.63,UPI,card_expired,86070.44,29,7,0.73,0,43,not_applicable,1,3,0
TXN_7259,CUST_2491,23491.16,NetBanking,card_expired,131058.11,5,2,0.54,2,87,not_applicable,0,0,1
TXN_7260,CUST_1068,27356.0,NetBanking,insufficient_funds,40646.26,20,2,0.41,6,84,inactive,0,0,1
TXN_7261,CUST_1384,39025.13,Card,customer_abandoned,131126.94,26,8,0.43,15,81,active,1,2,1
TXN_7262,CUST_2882,5479.0,Card,bank_declined,42154.17,26,0,0.34,1,16,active,1,3,0
TXN_7263,CUST_1491,31309.56,Card,network_error,8870.6,12,6,0.18,18,35,not_applicable,0,3,0
TXN_7264,CUST_2784,34198.95,NetBanking,authentication_failed,175297.11,12,4,0.8,19,9,not_applicable,1,4,0
TXN_7265,CUST_2422,28313.75,NetBanking,customer_abandoned,6974.51,3,3,0.31,22,82,inactive,1,2,1
TXN_7266,CUST_2486,22887.62,NetBanking,card_expired,30838.32,22,2,0.44,19,49,inactive,1,1,1
TXN_7267,CUST_2006,19720.25,NetBanking,authentication_failed,98078.86,9,2,0.35,17,26,active,1,0,1
TXN_7268,CUST_1814,28170.26,Wallet,network_error,168735.64,7,3,0.76,9,23,not_applicable,0,4,0
TXN_7269,CUST_1167,24894.75,UPI,bank_declined,1432.58,8,1,0.61,12,65,active,1,4,0
TXN_7270,CUST_2625,5976.33,Wallet,network_error,89480.63,0,5,0.74,21,33,not_applicable,0,0,0
TXN_7271,CUST_2893,18767.83,NetBanking,insufficient_funds,109001.94,30,6,0.85,11,82,inactive,1,3,0
TXN_7272,CUST_1723,7198.64,UPI,card_expired,57094.48,29,6,0.9,15,87,not_applicable,1,4,0
TXN_7273,CUST_2825,16528.13,UPI,network_error,93463.42,11,3,0.85,11,12,active,0,2,1
TXN_7274,CUST_2916,21347.93,NetBanking,network_error,186458.86,5,3,0.16,7,38,not_applicable,1,3,0
TXN_7275,CUST_2732,47467.62,NetBanking,insufficient_funds,102426.35,10,8,0.19,4,19,not_applicable,0,0,0
TXN_7276,CUST_2216,39182.24,NetBanking,network_error,165557.15,12,0,0.86,10,72,inactive,1,3,1
TXN_7277,CUST_2514,43360.61,NetBanking,customer_abandoned,102496.01,24,6,0.61,2,21,inactive,0,1,1
TXN_7278,CUST_2584,21329.22,NetBanking,bank_declined,15642.72,3,4,0.35,12,62,not_applicable,1,4,0
TXN_7279,CUST_2499,9697.39,Card,authentication_failed,30528.69,18,2,0.29,11,86,active,0,2,1
TXN_7280,CUST_2316,37196.8,Card,network_error,52484.4,30,3,0.12,10,81,not_applicable,0,4,0
TXN_7281,CUST_1097,42162.11,Card,insufficient_funds,4955.24,24,1,0.23,22,50,not_applicable,1,3,1
TXN_7282,CUST_2412,19324.18,NetBanking,bank_declined,187779.82,24,7,0.27,16,55,not_applicable,1,1,0
TXN_7283,CUST_1268,10784.01,UPI,network_error,17960.5,2,8,0.9,2,12,inactive,1,2,0
TXN_7284,CUST_2714,47729.99,UPI,customer_abandoned,170553.6,17,2,0.85,12,77,inactive,0,4,1
TXN_7285,CUST_2464,41328.06,Wallet,customer_abandoned,42460.13,1,1,0.39,10,29,not_applicable,1,2,1
TXN_7286,CUST_2950,43751.09,UPI,bank_declined,132433.42,24,4,0.84,2,73,active,1,4,1
TXN_7287,CUST_2094,35893.46,NetBanking,customer_abandoned,196016.18,25,1,0.15,3,61,inactive,0,3,1
TXN_7288,CUST_1163,26165.96,NetBanking,card_expired,129000.39,4,7,0.88,9,3,inactive,1,0,0
TXN_7289,CUST_1343,20992.76,Card,authentication_failed,105909.19,21,5,0.02,16,72,not_applicable,0,3,0
TXN_7290,CUST_1061,14625.25,UPI,insufficient_funds,185662.88,23,3,0.09,11,57,not_applicable,1,1,1
TXN_7291,CUST_2860,47378.66,UPI,authentication_failed,180306.01,18,1,0.7,1,3,inactive,0,2,1
TXN_7292,CUST_1823,14108.47,UPI,insufficient_funds,74024.47,28,2,0.09,17,80,inactive,1,4,1
TXN_7293,CUST_2177,16261.1,Wallet,card_expired,133888.6,12,3,0.36,3,83,inactive,0,4,0
TXN_7294,CUST_1146,27794.62,UPI,authentication_failed,160568.63,13,6,0.21,14,6,inactive,0,4,0
TXN_7295,CUST_1735,6591.07,Wallet,authentication_failed,16076.34,0,3,0.6,10,35,not_applicable,0,3,0
TXN_7296,CUST_1554,3083.99,Card,customer_abandoned,179522.49,20,8,0.53,5,28,inactive,1,4,0
TXN_7297,CUST_2029,2765.96,Wallet,network_error,24852.15,30,1,0.47,17,53,inactive,1,0,1
TXN_7298,CUST_1359,32099.88,UPI,card_expired,29740.19,7,4,0.63,18,48,active,1,4,0
TXN_7299,CUST_2832,23290.71,Card,network_error,160484.65,1,6,0.33,4,59,active,0,2,1
TXN_7300,CUST_1285,43685.31,Wallet,bank_declined,43213.98,22,3,0.29,12,11,active,0,4,1
TXN_7301,CUST_2628,34209.16,Wallet,insufficient_funds,160279.6,22,5,0.18,15,13,inactive,0,4,0
TXN_7302,CUST_2038,6381.57,NetBanking,network_error,108666.79,23,5,0.29,9,64,inactive,0,0,0
TXN_7303,CUST_2164,117.18,Wallet,bank_declined,12876.92,13,1,0.43,8,48,not_applicable,1,4,1
TXN_7304,CUST_1501,44553.48,NetBanking,network_error,198807.8,23,0,0.42,3,55,inactive,1,4,1
TXN_7305,CUST_2880,15367.21,Wallet,network_error,135478.4,25,7,0.14,16,77,inactive,0,1,1
TXN_7306,CUST_1628,2902.69,Wallet,bank_declined,95518.44,25,3,0.21,19,26,active,0,3,0
TXN_7307,CUST_2909,20619.67,UPI,authentication_failed,70893.86,18,3,0.54,4,48,not_applicable,0,1,1
TXN_7308,CUST_2606,5717.18,Wallet,insufficient_funds,158433.99,20,5,0.03,23,56,not_applicable,1,1,0
TXN_7309,CUST_2776,29412.77,Card,network_error,191442.74,17,3,0.57,14,67,active,0,3,1
TXN_7310,CUST_1162,25925.34,Wallet,insufficient_funds,79761.01,17,6,0.48,10,68,not_applicable,0,3,0
TXN_7311,CUST_1583,25091.27,Wallet,insufficient_funds,30857.91,22,2,0.74,1,32,inactive,1,2,1
TXN_7312,CUST_1668,4018.53,Wallet,bank_declined,178033.28,13,6,0.62,7,88,inactive,0,3,0
TXN_7313,CUST_1399,2377.56,UPI,card_expired,126813.11,29,2,0.37,21,17,active,0,0,0
TXN_7314,CUST_2854,1840.4,NetBanking,card_expired,8781.38,3,0,0.95,7,62,not_applicable,0,0,0
TXN_7315,CUST_1618,1484.34,Wallet,authentication_failed,143490.61,30,3,0.22,15,5,active,0,1,0
TXN_7316,CUST_1411,43449.77,NetBanking,network_error,21065.46,26,3,0.24,23,63,not_applicable,1,2,1
TXN_7317,CUST_2222,2287.11,UPI,insufficient_funds,6893.95,5,2,0.8,18,87,not_applicable,0,4,0
TXN_7318,CUST_1316,24711.25,UPI,insufficient_funds,157781.01,7,3,0.49,14,1,not_applicable,1,2,0
TXN_7319,CUST_2809,677.5,Wallet,bank_declined,114039.86,22,0,0.12,21,70,inactive,0,3,1
TXN_7320,CUST_2445,12961.11,NetBanking,authentication_failed,135163.29,20,1,0.65,2,28,not_applicable,0,4,0
TXN_7321,CUST_1275,13420.91,Card,network_error,54150.87,18,6,0.86,23,39,not_applicable,0,4,1
TXN_7322,CUST_2720,9157.98,Card,network_error,122424.01,17,3,0.82,2,30,not_applicable,0,0,1
TXN_7323,CUST_2462,32706.83,Card,card_expired,111874.13,17,3,0.06,7,55,not_applicable,1,1,0
TXN_7324,CUST_2933,40713.78,Wallet,insufficient_funds,198497.22,9,0,0.03,9,63,not_applicable,1,0,1
TXN_7325,CUST_2240,20786.02,NetBanking,bank_declined,2947.79,28,6,0.61,2,85,not_applicable,1,4,0
TXN_7326,CUST_1220,18990.49,UPI,customer_abandoned,53012.05,2,0,0.36,12,89,not_applicable,1,1,0
TXN_7327,CUST_2635,18024.56,Card,card_expired,110993.64,29,3,0.24,2,79,inactive,1,4,0
TXN_7328,CUST_2189,42702.77,Card,customer_abandoned,45589.34,20,2,0.51,1,8,active,0,0,1
TXN_7329,CUST_1984,28274.84,Card,card_expired,73764.24,4,2,0.64,20,86,inactive,1,3,0
TXN_7330,CUST_2062,18558.32,Card,insufficient_funds,106989.83,2,4,0.02,8,15,active,0,2,1
TXN_7331,CUST_2559,32747.3,NetBanking,bank_declined,152082.33,4,5,0.11,7,62,inactive,0,2,1
TXN_7332,CUST_2224,30347.77,NetBanking,insufficient_funds,73275.56,25,7,0.25,16,42,not_applicable,1,3,0
TXN_7333,CUST_2533,44097.41,Wallet,insufficient_funds,104592.51,4,3,0.66,18,16,not_applicable,0,0,0
TXN_7334,CUST_1113,19468.8,UPI,bank_declined,57948.85,14,1,0.71,19,11,active,1,1,1
TXN_7335,CUST_2513,9616.75,Wallet,authentication_failed,74510.71,22,2,0.85,7,39,active,0,1,1
TXN_7336,CUST_2741,16798.58,NetBanking,card_expired,181454.98,11,0,0.07,10,77,not_applicable,1,1,1
TXN_7337,CUST_1217,6460.77,UPI,network_error,24174.5,24,2,0.09,13,71,inactive,1,0,1
TXN_7338,CUST_2937,30082.03,Wallet,network_error,129873.5,25,6,0.69,21,69,not_applicable,1,0,0
TXN_7339,CUST_2412,10438.13,Wallet,network_error,124838.4,20,8,0.58,14,89,active,1,1,0
TXN_7340,CUST_2482,11695.15,UPI,bank_declined,12685.86,5,7,0.65,11,90,not_applicable,0,0,1
TXN_7341,CUST_2943,14231.48,UPI,customer_abandoned,114598.84,30,4,0.06,2,6,not_applicable,0,4,1
TXN_7342,CUST_2489,5585.26,Card,bank_declined,14446.54,29,2,0.04,6,6,inactive,1,0,1
TXN_7343,CUST_1237,4948.27,Wallet,network_error,149185.0,17,2,0.9,10,15,inactive,0,4,1
TXN_7344,CUST_2052,31475.78,UPI,insufficient_funds,9425.35,9,6,0.39,0,46,inactive,1,4,0
TXN_7345,CUST_1049,11508.09,NetBanking,insufficient_funds,129299.97,16,4,0.13,20,82,not_applicable,1,0,0
TXN_7346,CUST_1972,33275.31,UPI,bank_declined,142436.3,4,0,0.94,9,61,active,0,4,1
TXN_7347,CUST_2697,27627.45,Wallet,authentication_failed,99580.58,17,7,0.34,10,16,inactive,0,1,1
TXN_7348,CUST_1338,26956.62,NetBanking,bank_declined,186642.14,3,3,0.24,7,86,active,1,4,0
TXN_7349,CUST_2335,15872.91,UPI,card_expired,161393.69,21,1,0.1,1,27,inactive,1,0,1
TXN_7350,CUST_1057,21436.28,Card,card_expired,15554.78,26,3,0.41,10,69,active,0,2,1
TXN_7351,CUST_2647,3348.72,UPI,network_error,102462.56,5,7,0.96,9,85,active,1,3,1
TXN_7352,CUST_2837,26630.82,UPI,authentication_failed,103504.29,30,8,0.29,6,21,not_applicable,1,0,1
TXN_7353,CUST_1540,13784.04,UPI,network_error,91127.36,3,4,0.0,7,43,inactive,0,2,1
TXN_7354,CUST_2197,3664.87,UPI,customer_abandoned,149021.13,24,8,0.56,18,19,inactive,1,2,0
TXN_7355,CUST_1926,14396.91,NetBanking,customer_abandoned,163164.36,13,4,0.0,23,29,active,0,0,1
TXN_7356,CUST_1557,33008.92,UPI,card_expired,181676.58,28,0,0.23,21,85,not_applicable,1,4,0
TXN_7357,CUST_2592,26945.77,UPI,authentication_failed,174960.7,3,5,0.05,21,65,inactive,0,2,0
TXN_7358,CUST_1006,9205.04,Wallet,card_expired,5284.99,19,2,0.15,11,68,not_applicable,0,4,1
TXN_7359,CUST_2646,10820.94,NetBanking,authentication_failed,187071.12,2,4,0.21,7,56,active,0,1,1
TXN_7360,CUST_1137,32765.58,Card,authentication_failed,23530.5,27,3,0.58,22,67,inactive,1,2,0
TXN_7361,CUST_1825,19219.34,NetBanking,customer_abandoned,88594.02,1,2,0.42,4,1,not_applicable,0,2,1
TXN_7362,CUST_1389,38441.57,NetBanking,network_error,66506.36,30,2,0.92,14,76,inactive,0,1,0
TXN_7363,CUST_2758,2130.45,Card,customer_abandoned,3966.85,8,6,0.43,10,9,not_applicable,0,2,0
TXN_7364,CUST_2799,13967.45,UPI,bank_declined,52623.34,13,1,0.68,20,21,active,0,2,1
TXN_7365,CUST_1083,8440.63,Wallet,authentication_failed,177015.69,28,8,0.68,7,35,active,0,3,0
TXN_7366,CUST_2682,34212.87,Wallet,insufficient_funds,23417.96,25,6,0.47,20,7,active,0,4,0
TXN_7367,CUST_2485,2167.42,Card,insufficient_funds,68326.93,27,7,0.15,7,39,not_applicable,1,1,1
TXN_7368,CUST_1358,33735.99,UPI,bank_declined,30589.77,11,3,0.02,20,30,not_applicable,1,2,0
TXN_7369,CUST_1413,202.65,UPI,network_error,69438.7,10,2,0.49,17,48,active,0,1,1
TXN_7370,CUST_1523,41944.08,UPI,customer_abandoned,145262.95,21,0,0.25,1,17,inactive,0,3,1
TXN_7371,CUST_2718,12402.31,NetBanking,authentication_failed,43707.03,2,8,0.55,7,43,active,0,1,0
TXN_7372,CUST_1297,2747.28,Wallet,customer_abandoned,12944.5,8,0,0.78,21,67,not_applicable,1,2,0
TXN_7373,CUST_2321,30261.6,Wallet,customer_abandoned,86336.77,16,4,0.85,4,29,inactive,0,4,1
TXN_7374,CUST_2919,29021.75,UPI,customer_abandoned,64631.67,26,2,0.2,13,39,active,0,2,1
TXN_7375,CUST_2198,14412.45,Card,authentication_failed,68512.46,22,8,0.52,9,9,inactive,0,2,0
TXN_7376,CUST_2792,40328.22,NetBanking,network_error,29960.36,14,2,0.48,15,82,not_applicable,1,4,0
TXN_7377,CUST_2611,24302.53,Card,authentication_failed,72843.39,21,2,0.47,0,44,inactive,0,2,1
TXN_7378,CUST_2517,49522.54,Wallet,insufficient_funds,126597.51,25,4,0.79,11,24,not_applicable,0,0,1
TXN_7379,CUST_1592,44030.18,Card,bank_declined,190855.9,19,4,0.58,17,14,inactive,0,3,1
TXN_7380,CUST_2057,25685.96,Wallet,bank_declined,57954.54,9,3,0.85,7,86,inactive,0,0,1
TXN_7381,CUST_2996,29011.22,NetBanking,customer_abandoned,132167.31,29,0,0.86,4,77,active,0,0,1
TXN_7382,CUST_1103,10635.1,UPI,customer_abandoned,93897.89,25,0,0.98,7,77,active,0,0,1
TXN_7383,CUST_2316,46918.44,NetBanking,insufficient_funds,162860.53,15,5,0.67,11,73,inactive,1,1,0
TXN_7384,CUST_1147,15285.54,Wallet,card_expired,129040.79,8,8,0.43,9,36,active,0,2,1
TXN_7385,CUST_1436,38046.79,NetBanking,bank_declined,63113.97,29,7,0.7,10,45,active,0,1,1
TXN_7386,CUST_2135,16232.28,Card,authentication_failed,83180.35,20,8,0.9,17,12,inactive,0,1,0
TXN_7387,CUST_2940,14441.22,Wallet,customer_abandoned,71009.64,2,5,0.21,21,65,not_applicable,0,3,0
TXN_7388,CUST_1462,7457.08,Card,network_error,163671.31,3,4,0.23,12,28,inactive,1,2,1
TXN_7389,CUST_1291,6338.77,NetBanking,network_error,195712.18,26,8,0.45,13,27,not_applicable,1,1,0
TXN_7390,CUST_1107,38455.53,Card,card_expired,143024.92,6,8,0.83,7,19,active,1,0,0
TXN_7391,CUST_1639,33957.01,NetBanking,card_expired,53899.62,28,2,0.79,15,88,inactive,0,1,0
TXN_7392,CUST_1777,45084.33,NetBanking,bank_declined,23875.49,17,5,0.37,19,23,inactive,1,4,0
TXN_7393,CUST_2898,6202.58,UPI,card_expired,20527.08,7,3,0.38,3,3,not_applicable,0,4,1
TXN_7394,CUST_1725,28490.24,NetBanking,customer_abandoned,124734.54,17,0,0.47,10,87,active,1,1,0
TXN_7395,CUST_2350,47837.44,Card,network_error,118150.89,7,7,0.07,20,34,not_applicable,0,4,0
TXN_7396,CUST_2173,49638.29,NetBanking,customer_abandoned,78093.14,8,7,0.59,2,68,not_applicable,0,1,0
TXN_7397,CUST_2693,7144.91,Card,bank_declined,175061.61,24,0,0.3,13,19,active,1,3,0
TXN_7398,CUST_1194,19421.93,Card,card_expired,193329.26,11,4,0.08,14,24,not_applicable,0,3,1
TXN_7399,CUST_1120,17143.74,Card,bank_declined,170044.14,10,5,0.99,22,50,active,1,4,0
TXN_7400,CUST_1245,6554.88,NetBanking,insufficient_funds,29730.72,27,5,0.76,14,58,not_applicable,0,4,0
TXN_7401,CUST_1115,13095.04,Wallet,bank_declined,41675.27,18,2,0.36,4,84,not_applicable,0,4,0
TXN_7402,CUST_2723,42851.45,Wallet,network_error,172169.12,11,2,0.41,17,81,inactive,0,2,1
TXN_7403,CUST_1217,32133.38,UPI,authentication_failed,150102.36,24,2,0.52,14,35,inactive,1,2,1
TXN_7404,CUST_1764,31602.06,Wallet,bank_declined,140906.63,27,2,0.35,11,2,inactive,1,1,1
TXN_7405,CUST_1464,13558.95,Wallet,customer_abandoned,110220.46,25,3,0.36,13,36,active,1,1,1
TXN_7406,CUST_2014,20358.64,UPI,card_expired,167510.1,3,4,0.07,12,31,active,1,0,1
TXN_7407,CUST_2328,28823.63,UPI,authentication_failed,77359.74,10,8,0.42,6,2,inactive,0,4,0
TXN_7408,CUST_2890,14105.62,Wallet,card_expired,174409.35,4,3,0.9,2,6,active,1,2,0
TXN_7409,CUST_2409,38665.6,NetBanking,network_error,122976.56,9,7,0.53,8,87,inactive,0,3,1
TXN_7410,CUST_1805,14204.48,Wallet,card_expired,31676.04,10,2,0.29,3,51,active,0,2,1
TXN_7411,CUST_1094,9340.65,Card,authentication_failed,181853.99,18,7,0.41,8,0,not_applicable,0,4,0
TXN_7412,CUST_1416,12536.9,NetBanking,authentication_failed,63320.5,22,6,0.06,8,60,not_applicable,0,2,0
TXN_7413,CUST_1448,24566.66,NetBanking,network_error,189281.25,5,1,0.39,23,41,inactive,0,3,1
TXN_7414,CUST_1273,21442.73,Wallet,network_error,10311.58,27,1,0.5,16,68,not_applicable,0,3,1
TXN_7415,CUST_2504,44196.63,Wallet,insufficient_funds,150854.36,2,3,0.38,13,8,not_applicable,0,3,0
TXN_7416,CUST_1793,5690.2,Wallet,card_expired,140808.44,5,2,0.82,3,89,not_applicable,1,3,1
TXN_7417,CUST_1714,14285.45,NetBanking,insufficient_funds,53485.49,9,4,0.52,15,61,not_applicable,0,0,1
TXN_7418,CUST_2572,46034.1,NetBanking,bank_declined,72568.06,7,3,0.78,14,49,not_applicable,1,4,1
TXN_7419,CUST_1207,13120.23,Wallet,card_expired,166228.83,14,6,0.27,4,34,active,1,0,0
TXN_7420,CUST_2542,10021.15,Wallet,card_expired,101908.88,1,0,0.84,14,75,not_applicable,0,1,1
TXN_7421,CUST_2451,6259.66,Card,customer_abandoned,51103.41,24,8,0.56,18,9,inactive,1,1,0
TXN_7422,CUST_2360,28887.6,NetBanking,network_error,16323.7,7,2,0.75,2,13,not_applicable,1,4,0
TXN_7423,CUST_2838,25574.9,UPI,customer_abandoned,144047.03,12,2,0.91,12,82,not_applicable,1,3,1
TXN_7424,CUST_1450,33748.85,NetBanking,customer_abandoned,144559.48,21,1,0.26,1,45,not_applicable,1,1,0
TXN_7425,CUST_1612,42124.54,NetBanking,network_error,59936.38,16,5,0.9,0,4,not_applicable,1,3,0
TXN_7426,CUST_2262,21216.43,NetBanking,network_error,125013.41,24,2,0.4,18,29,not_applicable,1,0,0
TXN_7427,CUST_1794,24167.7,Wallet,card_expired,180341.46,29,0,0.51,17,56,not_applicable,0,4,1
TXN_7428,CUST_1806,49887.45,Wallet,card_expired,30246.2,20,6,0.74,23,62,inactive,1,1,1
TXN_7429,CUST_2276,41959.43,Wallet,network_error,119694.22,7,5,0.94,4,60,active,1,0,0
TXN_7430,CUST_1037,3836.11,Wallet,bank_declined,28323.21,11,0,0.6,8,1,not_applicable,1,0,1
TXN_7431,CUST_2452,8511.4,Card,authentication_failed,26742.49,7,8,0.56,18,6,active,0,3,0
TXN_7432,CUST_1649,43699.39,Card,authentication_failed,161609.5,20,2,0.79,0,82,inactive,0,3,0
TXN_7433,CUST_1989,2477.28,Wallet,insufficient_funds,110417.99,29,8,0.99,5,47,inactive,0,3,0
TXN_7434,CUST_1873,17284.3,NetBanking,insufficient_funds,27721.32,28,2,0.67,17,82,active,0,4,0
TXN_7435,CUST_1053,5155.99,Card,card_expired,94015.05,28,2,0.67,21,38,inactive,1,3,0
TXN_7436,CUST_1170,33750.74,Wallet,bank_declined,163437.81,2,7,0.69,22,46,not_applicable,1,3,0
TXN_7437,CUST_1838,42694.15,Card,network_error,180217.13,11,7,0.39,1,38,active,0,1,1
TXN_7438,CUST_2544,40911.23,Card,card_expired,43536.87,21,8,0.93,8,3,not_applicable,0,1,1
TXN_7439,CUST_2585,46071.43,Wallet,authentication_failed,118247.42,2,7,0.77,12,32,not_applicable,1,3,0
TXN_7440,CUST_1910,49586.64,NetBanking,card_expired,46282.73,14,3,0.26,10,72,not_applicable,1,0,1
TXN_7441,CUST_2390,47029.62,Wallet,insufficient_funds,91749.83,23,5,0.67,9,59,active,0,4,1
TXN_7442,CUST_1273,43737.65,Wallet,bank_declined,133320.12,27,6,0.56,22,41,active,1,3,1
TXN_7443,CUST_2468,37573.44,NetBanking,network_error,37999.66,3,8,0.11,19,9,not_applicable,1,3,0
TXN_7444,CUST_2107,18765.27,UPI,network_error,100102.05,7,1,0.62,23,5,active,0,3,1
TXN_7445,CUST_2165,16606.31,Wallet,network_error,152413.94,12,6,0.53,21,5,active,0,1,1
TXN_7446,CUST_1028,30803.74,UPI,customer_abandoned,193468.06,29,3,0.12,22,89,inactive,1,1,1
TXN_7447,CUST_1444,2675.26,Card,card_expired,64922.04,7,5,0.62,10,23,active,0,4,0
TXN_7448,CUST_1636,36543.39,UPI,card_expired,93108.5,8,5,0.91,20,90,inactive,0,0,0
TXN_7449,CUST_1302,37723.77,UPI,card_expired,95327.8,11,4,0.9,20,3,not_applicable,1,0,0
TXN_7450,CUST_1163,45083.34,Card,authentication_failed,43635.32,25,6,0.67,10,33,inactive,0,2,1
TXN_7451,CUST_2422,37146.47,NetBanking,insufficient_funds,101296.09,14,6,0.01,10,53,not_applicable,0,3,0
TXN_7452,CUST_1620,16232.71,NetBanking,insufficient_funds,170555.29,26,2,0.84,13,18,not_applicable,1,2,1
TXN_7453,CUST_2385,47496.81,Wallet,card_expired,37309.04,1,3,0.41,22,12,inactive,0,0,0
TXN_7454,CUST_1830,43030.59,UPI,bank_declined,150131.0,7,2,0.35,16,64,inactive,1,3,0
TXN_7455,CUST_1080,9299.91,UPI,network_error,77077.12,19,8,0.38,3,70,not_applicable,0,1,1
TXN_7456,CUST_2614,43827.97,Wallet,insufficient_funds,136090.3,1,4,0.28,9,74,active,1,0,1
TXN_7457,CUST_2345,995.88,UPI,card_expired,69969.87,21,6,0.53,8,54,not_applicable,0,3,0
TXN_7458,CUST_2454,35052.87,Wallet,authentication_failed,82938.16,10,8,0.32,0,24,not_applicable,0,1,1
TXN_7459,CUST_2319,13213.76,Wallet,network_error,80253.27,19,0,0.38,10,24,not_applicable,1,2,1
TXN_7460,CUST_1155,10952.09,NetBanking,card_expired,61173.62,23,4,0.86,5,73,inactive,0,1,0
TXN_7461,CUST_2164,34081.88,Wallet,customer_abandoned,91963.5,24,7,0.51,6,29,not_applicable,0,0,0
TXN_7462,CUST_1517,3808.36,UPI,bank_declined,66877.07,21,3,0.5,5,83,not_applicable,1,4,0
TXN_7463,CUST_2816,4502.84,NetBanking,customer_abandoned,53342.02,9,1,0.37,0,33,active,0,1,0
TXN_7464,CUST_2908,5982.51,UPI,insufficient_funds,45938.45,28,8,0.26,12,46,not_applicable,1,1,0
TXN_7465,CUST_2426,16372.38,Card,card_expired,15372.09,8,8,0.7,15,67,active,0,2,0
TXN_7466,CUST_2759,16404.94,Card,insufficient_funds,26177.91,2,4,0.23,14,82,inactive,1,3,0
TXN_7467,CUST_1644,49261.69,Wallet,card_expired,167234.53,5,5,0.02,2,90,not_applicable,1,0,0
TXN_7468,CUST_1682,12869.91,Wallet,insufficient_funds,21771.01,14,3,0.71,2,22,inactive,0,1,1
TXN_7469,CUST_1237,22242.66,Wallet,authentication_failed,126800.87,30,2,0.55,8,60,not_applicable,1,0,1
TXN_7470,CUST_1947,39308.56,NetBanking,insufficient_funds,155064.48,7,5,0.36,20,26,not_applicable,0,0,0
TXN_7471,CUST_2574,36747.11,NetBanking,network_error,199946.68,16,4,0.41,3,57,active,1,1,0
TXN_7472,CUST_1555,7171.23,UPI,network_error,60005.96,18,7,0.17,10,33,active,0,1,1
TXN_7473,CUST_1786,39869.37,Card,customer_abandoned,68791.68,22,0,0.91,21,13,inactive,0,4,1
TXN_7474,CUST_2939,23324.68,Card,card_expired,157620.13,19,8,0.1,6,5,not_applicable,0,1,1
TXN_7475,CUST_1154,12223.3,Card,card_expired,56881.7,28,7,0.6,0,32,not_applicable,1,0,1
TXN_7476,CUST_1443,28962.51,Wallet,insufficient_funds,130140.92,15,2,0.78,19,38,active,0,3,1
TXN_7477,CUST_1285,41378.96,Wallet,card_expired,84174.07,24,4,0.18,10,15,active,1,0,1
TXN_7478,CUST_2259,12381.94,Wallet,customer_abandoned,46514.01,21,2,0.28,17,42,inactive,1,3,0
TXN_7479,CUST_2278,33418.32,Card,insufficient_funds,116418.36,12,0,0.65,20,19,inactive,1,1,1
TXN_7480,CUST_2985,38509.7,NetBanking,authentication_failed,26792.14,29,7,0.57,13,46,not_applicable,1,0,0
TXN_7481,CUST_1272,26427.73,UPI,network_error,65403.8,19,5,0.79,10,20,active,0,0,0
TXN_7482,CUST_2426,37154.8,NetBanking,card_expired,35941.16,2,6,0.27,3,42,inactive,1,3,0
TXN_7483,CUST_2468,21917.28,NetBanking,authentication_failed,188294.9,14,1,0.39,6,34,active,0,1,0
TXN_7484,CUST_2244,46294.38,Card,customer_abandoned,132444.85,17,8,0.01,2,1,inactive,0,1,0
TXN_7485,CUST_2128,45570.63,NetBanking,customer_abandoned,177136.95,5,4,0.19,14,79,inactive,1,2,0
TXN_7486,CUST_1593,41791.95,NetBanking,insufficient_funds,115997.69,25,8,0.85,10,41,inactive,1,4,1
TXN_7487,CUST_2053,45383.35,UPI,network_error,24326.9,18,0,0.15,9,30,not_applicable,1,4,1
TXN_7488,CUST_2081,46769.92,NetBanking,authentication_failed,95557.31,20,8,0.06,9,35,active,1,0,0
TXN_7489,CUST_1299,17635.49,Wallet,authentication_failed,162102.4,24,0,0.74,18,81,inactive,1,0,0
TXN_7490,CUST_1707,1190.99,Card,insufficient_funds,182228.46,18,8,0.22,18,79,active,0,0,0
TXN_7491,CUST_2628,3184.77,Wallet,network_error,17223.69,15,3,0.01,1,68,not_applicable,0,2,1
TXN_7492,CUST_1470,31506.05,UPI,card_expired,11042.0,18,3,0.29,6,25,inactive,1,3,1
TXN_7493,CUST_1124,5155.29,NetBanking,card_expired,44092.89,18,7,0.42,18,17,inactive,0,4,1
TXN_7494,CUST_1629,12816.97,UPI,customer_abandoned,199430.27,24,2,0.36,22,57,not_applicable,0,1,1
TXN_7495,CUST_1293,6193.1,NetBanking,card_expired,136359.38,29,3,0.24,4,89,inactive,1,0,0
TXN_7496,CUST_1622,11235.57,UPI,network_error,78186.58,5,7,0.86,8,22,active,0,1,0
TXN_7497,CUST_2375,7814.09,UPI,insufficient_funds,121933.93,23,5,0.63,9,83,inactive,1,4,0
TXN_7498,CUST_2541,23343.7,NetBanking,insufficient_funds,52873.01,4,4,0.47,13,89,active,0,0,0
TXN_7499,CUST_1796,7997.15,UPI,insufficient_funds,25537.54,15,1,0.27,7,61,inactive,1,1,0
TXN_7500,CUST_1030,37416.43,NetBanking,insufficient_funds,4871.72,22,4,0.4,20,50,active,1,1,1
TXN_7501,CUST_2772,31943.41,Wallet,card_expired,92399.2,1,4,0.96,1,31,not_applicable,0,2,1
TXN_7502,CUST_1018,29434.04,NetBanking,bank_declined,140341.79,29,0,0.83,3,20,active,1,4,1
TXN_7503,CUST_1701,34377.4,Wallet,customer_abandoned,61337.09,20,3,0.44,20,39,active,1,0,0
TXN_7504,CUST_1560,47500.39,NetBanking,bank_declined,144044.65,26,0,0.37,2,20,not_applicable,0,2,0
TXN_7505,CUST_1489,1390.77,UPI,card_expired,21446.44,16,6,0.66,17,54,inactive,1,3,0
TXN_7506,CUST_1707,47574.17,Wallet,bank_declined,87776.06,12,8,0.43,21,25,inactive,0,1,1
TXN_7507,CUST_2563,38401.67,Card,insufficient_funds,95636.19,18,4,0.21,16,12,inactive,1,1,0
TXN_7508,CUST_1174,16085.53,UPI,customer_abandoned,35847.04,16,7,0.63,1,8,inactive,1,0,0
TXN_7509,CUST_2900,48570.5,Wallet,insufficient_funds,126847.06,25,2,0.99,15,89,active,0,2,1
TXN_7510,CUST_2636,48563.14,Wallet,network_error,29966.89,17,3,0.04,2,39,not_applicable,1,2,1
TXN_7511,CUST_1322,23297.03,NetBanking,insufficient_funds,17517.84,16,8,0.51,23,22,active,0,2,1
TXN_7512,CUST_2295,16847.89,Card,authentication_failed,127486.19,13,6,0.16,20,39,not_applicable,1,3,0
TXN_7513,CUST_1436,29143.34,Card,card_expired,183073.98,15,2,0.36,8,75,not_applicable,0,4,1
TXN_7514,CUST_1339,28833.8,UPI,card_expired,194706.99,7,2,0.03,9,0,inactive,0,4,0
TXN_7515,CUST_1825,40849.41,NetBanking,network_error,11581.48,0,5,0.58,12,75,active,1,2,0
TXN_7516,CUST_2890,28095.83,NetBanking,insufficient_funds,13698.9,29,5,0.69,23,89,inactive,1,4,0
TXN_7517,CUST_1343,40891.7,Wallet,insufficient_funds,9563.8,29,6,0.14,23,74,active,0,2,1
TXN_7518,CUST_2979,31704.9,Card,customer_abandoned,195295.46,24,8,0.12,21,9,active,1,4,0
TXN_7519,CUST_2906,18506.63,UPI,card_expired,167407.61,10,6,0.47,5,10,not_applicable,1,2,0
TXN_7520,CUST_1973,28104.07,Wallet,insufficient_funds,52844.12,9,4,0.4,1,38,active,1,0,1
TXN_7521,CUST_1591,40226.64,Card,customer_abandoned,184926.89,21,6,0.76,10,48,active,1,0,1
TXN_7522,CUST_2783,25266.32,Wallet,insufficient_funds,25889.67,8,6,0.75,9,31,active,0,3,0
TXN_7523,CUST_1328,45131.76,NetBanking,network_error,40921.62,28,6,0.76,12,88,active,1,1,1
TXN_7524,CUST_1146,13365.69,Card,authentication_failed,133808.35,22,7,0.92,16,26,inactive,1,3,1
TXN_7525,CUST_1770,36009.37,Wallet,customer_abandoned,10566.55,19,3,0.87,15,60,not_applicable,1,1,1
TXN_7526,CUST_1624,15590.67,Card,bank_declined,38262.82,5,7,0.12,16,39,not_applicable,0,1,0
TXN_7527,CUST_2733,37729.75,Wallet,customer_abandoned,47932.76,13,1,0.02,4,64,active,1,0,1
TXN_7528,CUST_1326,24182.09,NetBanking,customer_abandoned,34676.82,18,8,0.04,14,57,not_applicable,1,4,0
TXN_7529,CUST_1150,33987.23,NetBanking,customer_abandoned,17366.49,27,0,0.56,13,90,not_applicable,0,1,1
TXN_7530,CUST_2734,9864.89,Wallet,bank_declined,79222.5,12,1,0.1,23,1,inactive,0,4,0
TXN_7531,CUST_1871,17512.73,Wallet,card_expired,66604.13,4,5,0.75,16,50,not_applicable,1,4,0
TXN_7532,CUST_1146,43036.49,UPI,network_error,163430.2,27,2,0.77,8,58,active,1,2,1
TXN_7533,CUST_2875,41161.8,Wallet,authentication_failed,37377.61,6,8,0.12,23,53,inactive,0,1,0
TXN_7534,CUST_1052,46971.59,NetBanking,bank_declined,62294.17,3,5,0.92,4,64,active,1,4,0
TXN_7535,CUST_1862,45387.54,NetBanking,network_error,180881.88,24,7,0.92,0,14,inactive,1,1,1
TXN_7536,CUST_2882,43310.72,UPI,customer_abandoned,190202.41,4,3,0.32,6,48,active,1,0,0
TXN_7537,CUST_1819,35990.09,NetBanking,card_expired,60771.6,21,8,0.75,2,26,inactive,1,3,0
TXN_7538,CUST_2412,26222.57,Card,card_expired,25340.38,10,4,0.29,7,46,not_applicable,0,1,1
TXN_7539,CUST_2205,41962.71,UPI,bank_declined,39509.93,11,8,0.81,18,53,active,1,4,1
TXN_7540,CUST_2900,24994.26,NetBanking,card_expired,47534.81,9,0,0.23,10,5,active,1,2,0
TXN_7541,CUST_2615,539.57,UPI,customer_abandoned,106738.8,25,0,0.95,23,51,not_applicable,1,3,0
TXN_7542,CUST_1025,28709.95,NetBanking,authentication_failed,192393.96,16,0,0.86,18,40,not_applicable,0,2,0
TXN_7543,CUST_1432,41110.31,UPI,bank_declined,62495.7,16,8,0.89,7,20,active,1,3,1
TXN_7544,CUST_1114,24840.04,Card,insufficient_funds,71559.64,3,6,0.41,17,49,inactive,0,1,0
TXN_7545,CUST_2675,10699.68,Card,authentication_failed,124071.25,28,1,0.56,8,78,not_applicable,1,2,0
TXN_7546,CUST_2819,4882.68,Wallet,customer_abandoned,159581.7,18,1,0.17,22,61,not_applicable,0,2,1
TXN_7547,CUST_1528,31191.26,Card,network_error,80330.23,25,1,0.06,23,8,inactive,0,4,1
TXN_7548,CUST_1451,38611.84,Card,network_error,123434.59,12,4,0.36,9,75,active,1,3,1
TXN_7549,CUST_2435,31626.6,NetBanking,card_expired,177623.5,1,3,0.65,9,82,active,1,3,1
TXN_7550,CUST_2120,26124.24,NetBanking,bank_declined,143876.25,25,6,0.9,13,8,active,1,2,0
TXN_7551,CUST_1817,45501.71,UPI,network_error,86796.78,29,0,0.9,19,49,inactive,0,2,1
TXN_7552,CUST_1898,43515.43,Wallet,network_error,8835.93,13,0,0.66,23,9,inactive,0,4,0
TXN_7553,CUST_1780,8792.68,UPI,bank_declined,132695.6,23,7,0.82,7,2,inactive,1,4,0
TXN_7554,CUST_2473,20321.79,UPI,card_expired,114334.03,14,7,0.52,23,89,active,1,1,0
TXN_7555,CUST_1025,5023.74,UPI,authentication_failed,20992.85,28,6,0.26,19,74,inactive,1,2,0
TXN_7556,CUST_2628,37136.9,Card,insufficient_funds,114976.13,15,4,0.76,11,83,inactive,1,4,1
TXN_7557,CUST_2191,24312.19,NetBanking,card_expired,65431.34,25,8,0.85,13,71,inactive,1,1,0
TXN_7558,CUST_2410,43476.0,UPI,customer_abandoned,10239.0,12,8,0.72,8,13,inactive,1,3,0
TXN_7559,CUST_2824,41267.5,NetBanking,bank_declined,101924.96,30,7,0.54,6,70,active,1,3,0
TXN_7560,CUST_2468,33459.29,Wallet,authentication_failed,55354.84,30,7,0.02,20,16,not_applicable,0,2,0
TXN_7561,CUST_2904,47868.55,Wallet,insufficient_funds,69869.38,6,0,0.87,4,80,active,0,3,0
TXN_7562,CUST_2787,47169.03,Wallet,card_expired,176463.32,19,1,0.89,12,80,not_applicable,1,4,0
TXN_7563,CUST_2022,7658.35,Card,authentication_failed,128213.25,14,6,0.49,16,59,not_applicable,1,2,0
TXN_7564,CUST_2194,33909.31,Wallet,bank_declined,113009.14,27,7,0.86,3,68,active,1,2,1
TXN_7565,CUST_2987,28739.91,Card,bank_declined,88709.59,1,6,0.46,3,81,not_applicable,1,2,1
TXN_7566,CUST_1232,7008.46,UPI,network_error,89797.54,10,6,0.66,6,36,inactive,0,3,0
TXN_7567,CUST_1102,14232.46,Card,insufficient_funds,58184.12,1,1,0.23,12,23,inactive,1,4,0
TXN_7568,CUST_2968,43596.57,Wallet,network_error,101539.69,5,7,0.24,16,89,active,0,1,1
TXN_7569,CUST_2658,5380.94,Card,network_error,180903.11,29,3,0.41,15,25,active,1,4,0
TXN_7570,CUST_1357,17442.18,NetBanking,card_expired,167434.85,13,8,0.26,2,16,active,0,3,0
TXN_7571,CUST_1968,1683.49,Wallet,card_expired,121627.52,13,7,0.31,3,47,inactive,0,2,0
TXN_7572,CUST_2483,40950.49,Wallet,insufficient_funds,50373.51,2,2,0.31,19,69,active,1,2,0
TXN_7573,CUST_1599,24688.84,UPI,network_error,165705.37,8,6,0.37,0,62,not_applicable,0,2,0
TXN_7574,CUST_1086,8440.2,UPI,network_error,183352.82,20,6,0.9,11,21,not_applicable,1,1,0
TXN_7575,CUST_1102,20182.11,UPI,bank_declined,163904.37,10,5,0.41,15,88,not_applicable,1,4,0
TXN_7576,CUST_2766,41516.97,NetBanking,authentication_failed,36295.99,5,2,0.22,4,16,not_applicable,0,0,0
TXN_7577,CUST_2575,39430.13,Wallet,bank_declined,75157.66,23,7,0.36,20,57,inactive,0,2,1
TXN_7578,CUST_1557,19251.93,Card,customer_abandoned,50306.34,1,1,0.62,16,84,active,0,2,1
TXN_7579,CUST_2936,3573.43,Card,insufficient_funds,124159.55,22,6,0.04,23,70,inactive,0,0,1
TXN_7580,CUST_2893,12923.88,Wallet,insufficient_funds,62021.7,8,6,0.47,13,67,inactive,0,4,1
TXN_7581,CUST_1247,35562.3,Wallet,authentication_failed,187432.27,12,2,0.66,3,10,inactive,1,0,0
TXN_7582,CUST_1300,13352.7,Card,insufficient_funds,181248.74,8,6,0.64,22,43,not_applicable,0,3,1
TXN_7583,CUST_2651,7882.6,NetBanking,authentication_failed,60052.82,19,8,0.36,0,86,not_applicable,0,3,0
TXN_7584,CUST_2372,12674.38,Wallet,bank_declined,89249.68,17,1,0.64,7,54,inactive,0,1,1
TXN_7585,CUST_2559,4077.03,Card,insufficient_funds,141997.97,17,6,0.46,2,87,active,0,0,1
TXN_7586,CUST_1486,22824.49,UPI,customer_abandoned,178181.14,22,5,0.56,0,73,inactive,0,4,1
TXN_7587,CUST_2174,25577.71,NetBanking,network_error,59225.04,17,3,0.36,9,67,not_applicable,0,2,1
TXN_7588,CUST_1812,26546.47,UPI,customer_abandoned,137780.2,24,8,0.22,4,33,not_applicable,1,2,1
TXN_7589,CUST_1031,38951.54,Wallet,authentication_failed,135641.81,22,4,0.48,6,39,inactive,1,0,1
TXN_7590,CUST_2373,20300.18,Wallet,bank_declined,22211.53,12,6,0.82,12,11,not_applicable,1,1,1
TXN_7591,CUST_1179,35692.95,Card,card_expired,36616.28,7,2,0.02,19,47,active,0,4,0
TXN_7592,CUST_1989,18911.74,Wallet,insufficient_funds,22217.03,1,3,0.2,4,13,inactive,1,4,1
TXN_7593,CUST_2446,38517.19,UPI,authentication_failed,163680.16,14,2,0.84,12,85,inactive,0,2,1
TXN_7594,CUST_2349,43390.73,UPI,customer_abandoned,105661.44,3,3,0.47,16,68,active,0,4,1
TXN_7595,CUST_1037,10769.54,NetBanking,bank_declined,158109.98,20,8,0.43,2,50,not_applicable,1,1,0
TXN_7596,CUST_2230,6053.66,UPI,authentication_failed,33816.44,30,3,0.89,0,34,active,0,0,0
TXN_7597,CUST_2963,17912.99,NetBanking,authentication_failed,59136.63,1,5,0.22,5,61,active,0,0,1
TXN_7598,CUST_2566,10539.45,Wallet,network_error,184893.94,11,6,0.67,15,23,active,1,0,0
TXN_7599,CUST_1320,27745.09,Wallet,bank_declined,138445.29,23,0,0.62,22,31,not_applicable,1,0,0
TXN_7600,CUST_1111,41809.45,UPI,customer_abandoned,118368.81,18,5,0.63,18,77,not_applicable,0,1,1
TXN_7601,CUST_1371,46500.34,NetBanking,authentication_failed,133185.71,5,4,0.01,8,33,active,1,3,0
TXN_7602,CUST_2897,42911.33,UPI,bank_declined,17858.11,18,2,0.21,22,16,active,0,4,0
TXN_7603,CUST_2004,30051.72,Wallet,customer_abandoned,115749.93,21,4,0.29,17,49,active,0,4,0
TXN_7604,CUST_1344,38250.15,NetBanking,bank_declined,187155.77,22,1,0.05,9,28,active,0,0,1
TXN_7605,CUST_2450,32143.98,Wallet,card_expired,161083.85,8,5,0.79,12,7,inactive,0,4,0
TXN_7606,CUST_1358,44382.65,UPI,authentication_failed,44252.43,20,0,0.11,17,52,active,1,4,1
TXN_7607,CUST_1004,41131.57,Wallet,insufficient_funds,116826.67,6,5,0.96,7,66,not_applicable,1,3,1
TXN_7608,CUST_2765,35069.51,Card,card_expired,12991.2,8,2,0.11,1,88,inactive,1,0,1
TXN_7609,CUST_2529,9992.07,Card,network_error,6738.2,11,5,0.91,18,23,inactive,1,0,0
TXN_7610,CUST_2008,11002.34,Card,network_error,156261.05,26,2,0.05,19,0,not_applicable,1,3,1
TXN_7611,CUST_2527,31220.98,UPI,insufficient_funds,152872.62,23,7,0.01,4,10,not_applicable,0,3,0
TXN_7612,CUST_1104,10795.84,Card,customer_abandoned,199757.3,13,1,0.67,12,62,active,1,3,0
TXN_7613,CUST_1370,3875.06,Wallet,insufficient_funds,120135.38,4,2,0.64,23,37,active,0,1,0
TXN_7614,CUST_1855,14499.98,Card,insufficient_funds,196304.19,0,8,0.44,6,1,not_applicable,0,1,0
TXN_7615,CUST_1038,17487.62,UPI,bank_declined,104397.62,22,3,0.94,20,15,not_applicable,0,4,0
TXN_7616,CUST_2654,28897.77,NetBanking,insufficient_funds,33399.27,25,5,0.15,7,11,not_applicable,0,4,0
TXN_7617,CUST_2216,36462.56,Card,card_expired,150451.42,1,7,0.23,7,10,active,1,1,0
TXN_7618,CUST_2162,19284.6,Wallet,card_expired,183716.34,16,7,0.55,14,9,active,0,2,0
TXN_7619,CUST_1288,16249.52,Card,authentication_failed,27285.32,15,6,0.47,16,2,not_applicable,0,0,1
TXN_7620,CUST_2518,48431.08,Wallet,customer_abandoned,100817.4,23,7,0.17,19,54,inactive,0,3,0
TXN_7621,CUST_2794,37863.89,Wallet,customer_abandoned,15268.25,1,7,0.85,16,47,active,1,1,1
TXN_7622,CUST_2724,23679.8,UPI,card_expired,112524.08,29,8,0.71,10,39,active,0,0,0
TXN_7623,CUST_2764,925.15,Wallet,customer_abandoned,25364.63,20,4,0.16,8,68,not_applicable,1,0,0
TXN_7624,CUST_2628,22060.17,NetBanking,bank_declined,109555.02,8,2,0.77,21,28,active,1,2,1
TXN_7625,CUST_1084,37469.62,Card,bank_declined,89017.56,22,8,0.38,20,64,inactive,1,0,0
TXN_7626,CUST_1019,48250.75,Card,customer_abandoned,154622.71,26,1,0.02,14,12,active,1,2,0
TXN_7627,CUST_2096,38794.44,NetBanking,card_expired,30685.77,2,5,0.08,19,80,not_applicable,1,2,0
TXN_7628,CUST_2380,31246.66,Wallet,customer_abandoned,123692.79,0,8,0.28,23,57,not_applicable,0,2,0
TXN_7629,CUST_1513,10673.32,Wallet,network_error,11065.16,15,5,0.52,7,65,not_applicable,0,3,0
TXN_7630,CUST_2625,27189.83,Wallet,authentication_failed,189354.96,7,5,0.14,6,16,inactive,1,4,0
TXN_7631,CUST_1163,3936.22,UPI,insufficient_funds,93078.95,27,1,0.71,13,19,active,1,2,1
TXN_7632,CUST_2599,24795.24,NetBanking,network_error,71438.66,18,3,0.31,2,53,not_applicable,0,2,1
TXN_7633,CUST_2388,30620.58,UPI,network_error,34383.04,9,1,0.77,22,78,active,1,0,1
TXN_7634,CUST_2294,13530.9,NetBanking,bank_declined,100729.44,10,1,0.96,19,88,inactive,1,4,1
TXN_7635,CUST_2786,10056.18,Card,card_expired,90227.67,23,0,0.64,12,88,inactive,0,4,0
TXN_7636,CUST_1028,46577.06,UPI,network_error,128871.83,20,4,0.88,16,37,active,1,1,1
TXN_7637,CUST_1550,41464.8,Wallet,network_error,76265.62,3,3,0.25,1,48,not_applicable,1,3,1
TXN_7638,CUST_2868,4701.7,Card,customer_abandoned,188634.87,18,0,0.46,16,61,inactive,0,2,0
TXN_7639,CUST_2092,27025.77,Card,card_expired,151740.15,23,4,0.01,6,42,not_applicable,1,0,1
TXN_7640,CUST_1482,36898.93,Card,card_expired,156782.58,2,6,0.16,23,76,inactive,1,1,0
TXN_7641,CUST_1273,21011.69,Card,card_expired,21624.52,8,6,0.44,18,28,inactive,1,0,1
TXN_7642,CUST_1856,15079.02,Wallet,authentication_failed,87082.33,16,3,0.96,21,63,inactive,1,1,1
TXN_7643,CUST_2556,29616.94,UPI,bank_declined,148943.78,7,7,0.76,3,64,not_applicable,1,1,1
TXN_7644,CUST_1953,36349.93,UPI,customer_abandoned,12743.52,12,6,0.53,10,53,inactive,1,2,1
TXN_7645,CUST_2502,4793.85,Card,authentication_failed,3397.93,27,2,0.81,16,33,active,0,2,1
TXN_7646,CUST_1997,20669.1,Wallet,authentication_failed,188138.89,12,4,0.77,23,47,not_applicable,1,2,0
TXN_7647,CUST_1000,46472.83,Wallet,network_error,96777.43,16,4,0.75,4,43,active,0,4,1
TXN_7648,CUST_1386,40591.12,Wallet,authentication_failed,157749.99,7,0,0.15,20,70,active,0,0,0
TXN_7649,CUST_2326,13360.01,Wallet,card_expired,163881.21,3,3,0.81,18,69,not_applicable,0,0,1
TXN_7650,CUST_2884,29083.53,Card,insufficient_funds,165557.51,22,0,0.31,11,54,not_applicable,1,3,0
TXN_7651,CUST_2814,24181.56,Card,customer_abandoned,182829.71,6,8,0.79,13,85,active,1,0,0
TXN_7652,CUST_1156,3332.09,Wallet,insufficient_funds,127746.98,18,1,0.83,7,55,not_applicable,1,0,1
TXN_7653,CUST_2413,21311.23,Wallet,authentication_failed,25547.37,10,8,0.91,1,46,not_applicable,0,4,0
TXN_7654,CUST_2677,11291.92,NetBanking,insufficient_funds,163379.36,9,7,0.98,15,30,inactive,0,1,1
TXN_7655,CUST_2653,31278.04,UPI,authentication_failed,64566.74,25,8,0.02,9,75,inactive,1,0,0
TXN_7656,CUST_1794,29263.08,Card,card_expired,31111.98,5,8,0.88,10,45,inactive,0,1,0
TXN_7657,CUST_1865,26153.01,Wallet,customer_abandoned,102890.64,0,2,0.6,7,42,active,0,3,0
TXN_7658,CUST_2291,43689.36,Card,insufficient_funds,89416.01,3,8,0.7,5,68,not_applicable,0,1,1
TXN_7659,CUST_1056,5946.09,NetBanking,insufficient_funds,124905.23,0,2,0.55,14,10,not_applicable,0,2,1
TXN_7660,CUST_2843,44055.74,UPI,bank_declined,31040.0,14,6,0.08,21,6,not_applicable,1,3,0
TXN_7661,CUST_1287,49331.98,Card,card_expired,5293.18,1,4,0.67,14,73,not_applicable,1,3,0
TXN_7662,CUST_2943,32364.26,NetBanking,customer_abandoned,44438.89,8,3,0.23,8,82,inactive,1,2,0
TXN_7663,CUST_2036,4883.3,Card,authentication_failed,15848.03,10,4,0.09,12,26,inactive,0,1,1
TXN_7664,CUST_1449,19947.32,UPI,insufficient_funds,59429.74,7,0,0.32,8,58,active,1,3,0
TXN_7665,CUST_2663,20634.12,Card,card_expired,41408.56,9,2,0.7,11,31,not_applicable,0,0,1
TXN_7666,CUST_2861,47417.28,Card,customer_abandoned,18873.97,16,1,0.94,18,36,active,0,0,0
TXN_7667,CUST_1183,34067.53,Card,authentication_failed,182548.03,11,2,0.14,1,62,not_applicable,0,4,0
TXN_7668,CUST_2013,12682.41,NetBanking,insufficient_funds,49717.49,9,6,0.31,11,53,inactive,0,3,0
TXN_7669,CUST_1090,1505.81,Wallet,insufficient_funds,77072.25,20,4,0.25,22,30,not_applicable,1,1,1
TXN_7670,CUST_2567,49259.95,Wallet,customer_abandoned,104013.27,11,1,0.43,8,30,inactive,0,2,1
TXN_7671,CUST_1719,39268.97,NetBanking,network_error,15324.21,23,2,0.96,4,19,not_applicable,1,3,1
TXN_7672,CUST_2562,15753.67,Wallet,network_error,194839.56,1,0,0.94,19,62,inactive,0,4,0
TXN_7673,CUST_2945,1023.52,UPI,customer_abandoned,149958.46,4,6,0.34,3,77,active,1,4,0
TXN_7674,CUST_1201,8021.23,NetBanking,insufficient_funds,105168.16,9,1,0.74,17,47,not_applicable,1,0,1
TXN_7675,CUST_1118,46942.77,NetBanking,authentication_failed,39752.63,19,6,0.07,10,55,active,1,3,0
TXN_7676,CUST_2153,42481.0,NetBanking,bank_declined,190673.44,21,4,0.77,19,40,inactive,1,3,1
TXN_7677,CUST_1738,48885.29,NetBanking,network_error,183967.74,29,1,0.16,5,31,inactive,0,0,1
TXN_7678,CUST_1167,27820.32,NetBanking,card_expired,89064.42,5,0,0.98,9,3,not_applicable,0,2,1
TXN_7679,CUST_1052,31397.72,Wallet,network_error,41855.42,5,4,0.53,5,2,active,0,0,0
TXN_7680,CUST_1940,12411.67,Card,card_expired,79278.55,1,4,0.95,7,32,active,0,0,0
TXN_7681,CUST_2060,28678.89,Card,bank_declined,45177.48,30,1,0.43,21,76,not_applicable,1,3,1
TXN_7682,CUST_1932,41045.1,Wallet,card_expired,49676.63,9,1,0.66,21,30,inactive,0,1,0
TXN_7683,CUST_1080,1258.29,Wallet,card_expired,110186.11,10,7,0.22,3,81,active,1,0,0
TXN_7684,CUST_2026,36518.43,Wallet,network_error,100096.94,8,7,0.8,16,75,inactive,0,2,0
TXN_7685,CUST_2859,36517.27,Card,bank_declined,62164.76,17,5,0.26,7,40,inactive,1,0,1
TXN_7686,CUST_1644,10084.1,NetBanking,insufficient_funds,163267.01,9,3,0.52,13,6,inactive,0,4,0
TXN_7687,CUST_2009,31295.89,Card,bank_declined,189062.11,7,0,0.08,17,65,inactive,1,0,0
TXN_7688,CUST_1872,42207.57,NetBanking,customer_abandoned,22809.16,3,4,0.04,9,19,inactive,0,4,0
TXN_7689,CUST_2774,23388.62,Wallet,authentication_failed,114319.44,6,3,0.51,15,42,not_applicable,1,4,1
TXN_7690,CUST_2398,38456.54,UPI,insufficient_funds,196778.24,10,5,0.48,0,67,not_applicable,0,3,0
TXN_7691,CUST_1413,47780.98,NetBanking,authentication_failed,1818.52,9,5,0.78,8,44,active,1,1,0
TXN_7692,CUST_2984,38084.59,Wallet,bank_declined,187649.85,7,7,0.39,1,32,inactive,1,4,0
TXN_7693,CUST_2815,11391.33,UPI,authentication_failed,98851.81,17,5,0.17,12,70,active,1,0,1
TXN_7694,CUST_1727,18480.78,UPI,authentication_failed,65298.79,7,4,0.46,9,3,active,1,2,0
TXN_7695,CUST_1742,7182.32,NetBanking,customer_abandoned,141844.91,15,0,0.88,3,35,active,1,0,1
TXN_7696,CUST_1492,9101.51,Card,network_error,152340.58,18,3,0.18,12,69,active,1,0,1
TXN_7697,CUST_1316,31000.24,UPI,insufficient_funds,48710.53,0,4,0.17,11,38,not_applicable,0,2,1
TXN_7698,CUST_1796,14664.06,UPI,network_error,180785.21,11,3,0.18,9,81,not_applicable,0,0,0
TXN_7699,CUST_2270,25150.74,Wallet,network_error,16640.36,27,6,0.73,6,39,not_applicable,0,3,0
TXN_7700,CUST_1769,8234.55,UPI,bank_declined,145392.46,23,5,0.45,15,57,active,0,2,0
TXN_7701,CUST_1734,35725.0,NetBanking,customer_abandoned,6293.45,9,3,0.18,13,23,active,0,0,0
TXN_7702,CUST_2229,46686.35,Card,insufficient_funds,69072.62,22,2,0.63,21,9,not_applicable,0,4,0
TXN_7703,CUST_1254,35585.23,UPI,customer_abandoned,121010.58,30,0,0.72,6,69,inactive,1,1,0
TXN_7704,CUST_2901,7410.3,UPI,insufficient_funds,53056.33,30,7,1.0,23,63,not_applicable,0,4,0
TXN_7705,CUST_2415,36059.29,Wallet,authentication_failed,145290.11,24,7,0.68,0,88,inactive,1,3,0
TXN_7706,CUST_2043,10835.19,NetBanking,card_expired,133601.87,26,3,0.19,2,55,inactive,0,4,1
TXN_7707,CUST_2111,24677.16,Card,card_expired,77939.14,28,8,0.3,2,84,active,1,1,1
TXN_7708,CUST_2614,25453.87,NetBanking,authentication_failed,112689.14,23,0,0.95,3,34,active,1,2,1
TXN_7709,CUST_1408,47896.86,Card,bank_declined,22166.98,12,8,0.85,19,66,inactive,1,1,1
TXN_7710,CUST_2055,40543.33,NetBanking,card_expired,171271.69,18,5,0.27,6,62,active,1,4,0
TXN_7711,CUST_1025,36328.12,UPI,bank_declined,20712.07,24,3,0.76,21,47,not_applicable,1,4,1
TXN_7712,CUST_1846,45731.34,Card,insufficient_funds,55991.52,1,3,0.58,5,28,active,0,0,1
TXN_7713,CUST_1228,13547.71,Card,network_error,81387.05,21,8,0.49,12,7,active,1,1,1
TXN_7714,CUST_2039,44443.92,NetBanking,bank_declined,2527.29,22,5,0.77,11,45,active,1,0,1
TXN_7715,CUST_2281,26241.61,UPI,customer_abandoned,42444.83,29,7,0.61,21,48,active,1,1,1
TXN_7716,CUST_1790,8295.4,Wallet,card_expired,48385.68,9,4,0.07,7,52,inactive,1,0,0
TXN_7717,CUST_2694,787.41,NetBanking,customer_abandoned,44874.39,24,1,0.68,2,2,not_applicable,0,0,1
TXN_7718,CUST_2293,17202.44,Card,customer_abandoned,27249.17,27,6,0.58,8,79,active,0,2,0
TXN_7719,CUST_2344,33848.21,Wallet,bank_declined,148550.43,27,8,0.58,18,45,inactive,1,1,0
TXN_7720,CUST_1761,25479.53,Card,network_error,51134.23,10,3,0.9,2,56,inactive,0,0,1
TXN_7721,CUST_1742,24700.99,Card,network_error,193125.97,5,5,0.55,13,44,inactive,0,1,0
TXN_7722,CUST_2017,4863.82,Card,bank_declined,109205.38,6,4,0.86,17,70,not_applicable,0,4,1
TXN_7723,CUST_1123,30267.9,UPI,insufficient_funds,79294.23,29,0,0.65,5,32,active,0,0,0
TXN_7724,CUST_2645,20640.08,Card,network_error,95774.58,14,6,0.68,0,49,inactive,0,2,0
TXN_7725,CUST_2371,39571.42,NetBanking,network_error,5455.88,17,7,0.12,9,38,active,0,1,0
TXN_7726,CUST_2498,41707.76,NetBanking,authentication_failed,78372.55,9,2,0.58,2,61,not_applicable,0,3,1
TXN_7727,CUST_1519,45586.78,Card,insufficient_funds,156835.48,22,4,0.21,1,84,not_applicable,1,3,1
TXN_7728,CUST_2140,5144.81,UPI,card_expired,178893.75,13,7,0.15,3,55,active,1,4,0
TXN_7729,CUST_2993,30551.14,NetBanking,authentication_failed,155603.03,21,8,0.55,20,72,not_applicable,0,1,0
TXN_7730,CUST_1786,35321.73,Card,customer_abandoned,77247.76,16,2,0.32,14,76,inactive,0,2,0
TXN_7731,CUST_1717,29560.95,NetBanking,insufficient_funds,142433.1,18,7,0.53,7,27,active,0,4,1
TXN_7732,CUST_2888,37628.43,Wallet,insufficient_funds,131772.08,7,8,1.0,5,90,inactive,0,4,0
TXN_7733,CUST_2119,35339.0,NetBanking,customer_abandoned,159757.81,4,7,0.38,1,37,not_applicable,1,1,0
TXN_7734,CUST_1568,48461.45,NetBanking,bank_declined,7425.91,30,6,0.34,6,84,inactive,1,2,0
TXN_7735,CUST_1984,173.1,NetBanking,authentication_failed,179926.29,13,5,0.29,18,15,active,0,0,0
TXN_7736,CUST_1029,41034.28,UPI,bank_declined,56318.66,4,2,0.66,23,9,not_applicable,0,2,1
TXN_7737,CUST_2808,39644.59,NetBanking,authentication_failed,156608.2,17,1,0.09,5,25,inactive,1,3,0
TXN_7738,CUST_1067,15407.82,Card,card_expired,8153.63,4,3,0.5,11,12,active,0,4,0
TXN_7739,CUST_1673,27895.59,Card,card_expired,60458.92,10,4,0.49,18,87,inactive,1,3,0
TXN_7740,CUST_1039,9840.88,Card,insufficient_funds,130223.97,15,6,0.67,17,84,active,0,0,0
TXN_7741,CUST_2548,43750.11,Card,card_expired,141187.92,8,7,0.69,1,61,active,0,4,0
TXN_7742,CUST_1202,5577.98,NetBanking,insufficient_funds,162699.98,8,2,0.23,7,56,inactive,1,2,0
TXN_7743,CUST_2451,7350.34,NetBanking,customer_abandoned,39835.24,8,5,0.78,20,15,inactive,0,1,0
TXN_7744,CUST_1010,22506.84,UPI,network_error,31182.6,10,4,0.68,16,58,inactive,1,3,0
TXN_7745,CUST_2086,18148.45,UPI,bank_declined,157164.58,23,1,0.24,13,50,inactive,1,0,0
TXN_7746,CUST_2619,36525.23,Wallet,card_expired,193762.82,25,8,0.23,12,32,active,0,1,0
TXN_7747,CUST_1889,13225.47,UPI,insufficient_funds,25449.58,15,1,0.17,9,61,active,0,1,1
TXN_7748,CUST_2243,20758.14,NetBanking,bank_declined,180841.12,6,1,0.2,18,51,not_applicable,1,0,1
TXN_7749,CUST_1787,40526.65,NetBanking,bank_declined,176412.81,28,1,0.93,17,84,active,1,2,1
TXN_7750,CUST_2752,39460.11,UPI,insufficient_funds,88125.84,16,5,0.51,23,28,not_applicable,0,4,1
TXN_7751,CUST_1559,18974.97,Card,insufficient_funds,9347.47,24,7,0.76,19,50,not_applicable,0,4,1
TXN_7752,CUST_2210,40762.31,UPI,customer_abandoned,16034.7,19,7,0.62,18,69,not_applicable,1,2,0
TXN_7753,CUST_2512,45173.1,UPI,card_expired,22872.08,3,1,0.84,17,63,active,1,4,0
TXN_7754,CUST_2517,1352.36,UPI,bank_declined,47776.83,14,4,0.33,22,74,not_applicable,0,3,1
TXN_7755,CUST_2735,6673.06,Wallet,insufficient_funds,88028.66,13,5,0.2,13,60,active,1,3,1
TXN_7756,CUST_2008,2343.83,NetBanking,insufficient_funds,71831.61,23,6,0.63,17,22,active,0,4,1
TXN_7757,CUST_2907,43412.87,NetBanking,card_expired,179143.21,20,8,0.06,11,59,not_applicable,1,0,1
TXN_7758,CUST_1135,39017.64,NetBanking,bank_declined,180583.9,29,1,0.31,21,47,active,1,4,1
TXN_7759,CUST_2607,20191.79,NetBanking,insufficient_funds,127185.84,3,8,0.42,17,82,active,0,3,0
TXN_7760,CUST_2389,27377.19,Wallet,authentication_failed,71829.42,15,3,0.79,8,65,active,1,0,1
TXN_7761,CUST_2428,34518.81,NetBanking,authentication_failed,46975.93,28,6,0.97,13,57,inactive,1,0,1
TXN_7762,CUST_2425,9940.07,Wallet,authentication_failed,150347.56,10,4,0.17,0,17,active,0,1,1
TXN_7763,CUST_2558,26424.91,NetBanking,card_expired,111151.27,21,6,0.19,17,25,not_applicable,1,4,0
TXN_7764,CUST_2266,47293.89,NetBanking,network_error,57715.64,3,3,0.16,20,81,not_applicable,1,3,1
TXN_7765,CUST_1044,15185.05,UPI,insufficient_funds,136370.48,13,8,0.23,9,44,active,0,1,1
TXN_7766,CUST_2499,19375.47,NetBanking,customer_abandoned,192354.27,30,0,0.43,5,28,not_applicable,1,4,0
TXN_7767,CUST_2257,47243.84,Card,insufficient_funds,197857.63,6,8,0.1,3,37,not_applicable,1,3,0
TXN_7768,CUST_2940,19167.61,UPI,bank_declined,119370.91,0,6,0.38,22,23,not_applicable,1,1,0
TXN_7769,CUST_2852,8026.99,Card,card_expired,114980.53,11,5,0.55,6,56,inactive,0,0,0
TXN_7770,CUST_2755,27132.35,UPI,customer_abandoned,194647.27,18,8,0.71,11,25,active,1,1,1
TXN_7771,CUST_1899,45812.59,Card,insufficient_funds,115487.56,13,6,0.14,14,47,inactive,0,2,1
TXN_7772,CUST_2921,9130.56,Wallet,card_expired,153733.46,30,0,0.97,7,58,inactive,0,3,0
TXN_7773,CUST_2587,21802.4,NetBanking,bank_declined,84877.8,25,0,0.29,16,90,not_applicable,0,0,0
TXN_7774,CUST_2470,30924.64,Wallet,authentication_failed,13746.26,26,2,0.84,18,33,not_applicable,0,3,0
TXN_7775,CUST_2890,48959.64,UPI,bank_declined,75955.96,30,6,0.62,15,19,not_applicable,1,1,0
TXN_7776,CUST_1913,17298.7,UPI,authentication_failed,160668.44,29,1,0.48,13,27,inactive,0,0,1
TXN_7777,CUST_1551,28799.41,Wallet,card_expired,185785.87,0,2,0.98,22,67,not_applicable,0,1,1
TXN_7778,CUST_2184,28301.31,Wallet,authentication_failed,167149.21,29,7,0.22,0,71,inactive,1,0,1
TXN_7779,CUST_2764,29636.82,UPI,bank_declined,145374.53,21,2,0.08,23,38,not_applicable,0,2,0
TXN_7780,CUST_1580,15608.27,Card,insufficient_funds,161241.22,1,2,0.51,19,73,active,0,0,1
TXN_7781,CUST_1044,47642.71,Card,network_error,153247.42,15,4,0.99,1,4,not_applicable,0,2,1
TXN_7782,CUST_2685,32496.06,NetBanking,card_expired,122706.15,15,0,0.69,18,65,active,0,4,0
TXN_7783,CUST_2749,14656.79,UPI,authentication_failed,181958.18,1,3,0.42,8,24,active,1,0,1
TXN_7784,CUST_1618,10753.81,Card,insufficient_funds,199487.37,29,5,0.7,23,39,inactive,0,4,1
TXN_7785,CUST_1270,19903.37,Wallet,customer_abandoned,181494.62,11,8,0.55,22,50,not_applicable,1,4,0
TXN_7786,CUST_1198,4830.93,Wallet,bank_declined,126704.46,16,8,0.88,21,89,inactive,1,3,0
TXN_7787,CUST_1528,36912.52,Card,card_expired,6054.75,6,2,0.93,17,51,inactive,0,2,0
TXN_7788,CUST_1017,17773.59,NetBanking,network_error,22307.7,8,7,0.66,2,89,not_applicable,1,2,0
TXN_7789,CUST_1284,24176.07,Wallet,bank_declined,55084.06,26,8,0.47,17,38,active,1,3,0
TXN_7790,CUST_2625,2675.45,UPI,card_expired,4179.19,8,5,0.62,0,10,active,1,0,0
TXN_7791,CUST_2659,11734.58,UPI,card_expired,129681.98,25,4,0.88,22,14,not_applicable,0,0,1
TXN_7792,CUST_2414,41616.49,Wallet,insufficient_funds,132839.32,14,6,0.03,5,12,active,1,4,0
TXN_7793,CUST_2329,25437.09,Card,network_error,146608.14,23,2,0.29,2,48,not_applicable,1,3,0
TXN_7794,CUST_1369,34258.53,UPI,card_expired,75189.92,1,6,0.1,6,8,inactive,0,0,0
TXN_7795,CUST_2880,24431.63,Card,bank_declined,99444.38,8,3,0.77,5,74,inactive,1,0,0
TXN_7796,CUST_2360,10143.52,NetBanking,network_error,119396.37,27,8,0.02,22,49,inactive,0,4,0
TXN_7797,CUST_2655,38228.85,Wallet,customer_abandoned,80502.21,3,7,0.84,5,35,inactive,0,3,1
TXN_7798,CUST_2382,30399.91,Card,insufficient_funds,29855.81,16,8,0.38,18,62,active,1,0,1
TXN_7799,CUST_1632,30176.02,NetBanking,network_error,164492.13,4,0,0.63,6,56,inactive,1,2,0
TXN_7800,CUST_1973,40015.21,UPI,authentication_failed,170351.5,19,1,0.27,21,55,not_applicable,1,1,1
TXN_7801,CUST_1576,32739.29,Card,customer_abandoned,58655.39,2,4,0.99,4,11,active,1,0,0
TXN_7802,CUST_1949,28764.61,UPI,card_expired,168798.47,30,6,0.26,21,48,inactive,0,4,0
TXN_7803,CUST_1020,9280.19,Wallet,insufficient_funds,104500.43,6,8,0.5,7,72,inactive,0,3,0
TXN_7804,CUST_1234,33672.8,Card,customer_abandoned,24440.27,8,2,0.06,9,62,active,1,2,0
TXN_7805,CUST_2362,20550.26,Card,card_expired,64628.38,26,2,0.26,10,88,inactive,0,3,0
TXN_7806,CUST_2483,8252.44,NetBanking,insufficient_funds,81287.04,25,0,0.9,8,64,not_applicable,1,1,1
TXN_7807,CUST_1539,34254.11,UPI,bank_declined,29215.12,7,4,0.35,22,88,inactive,1,2,0
TXN_7808,CUST_1836,46857.77,Wallet,card_expired,86168.43,19,7,0.69,2,64,active,0,1,1
TXN_7809,CUST_2499,7137.4,UPI,network_error,187968.55,6,3,0.35,11,63,inactive,1,4,0
TXN_7810,CUST_1559,15092.14,Wallet,bank_declined,67791.11,28,6,0.09,14,45,inactive,1,3,0
TXN_7811,CUST_2351,17403.53,Wallet,network_error,126197.79,12,6,0.01,14,32,not_applicable,0,1,0
TXN_7812,CUST_1619,8608.77,UPI,network_error,132206.87,29,4,0.72,0,27,active,1,1,1
TXN_7813,CUST_1330,5674.44,UPI,network_error,31362.86,22,4,0.25,23,45,active,0,2,1
TXN_7814,CUST_2477,33732.57,NetBanking,customer_abandoned,84745.81,20,2,0.54,3,39,inactive,0,0,1
TXN_7815,CUST_1033,43076.32,NetBanking,authentication_failed,34943.74,16,3,0.36,10,79,active,0,2,1
TXN_7816,CUST_2726,6925.98,UPI,authentication_failed,133494.08,30,8,0.69,6,54,inactive,0,2,1
TXN_7817,CUST_1819,27651.63,UPI,bank_declined,190551.81,19,1,0.51,17,29,inactive,1,2,1
TXN_7818,CUST_1418,12452.52,Wallet,authentication_failed,20671.06,24,0,0.55,1,41,inactive,0,2,0
TXN_7819,CUST_1186,26248.87,UPI,authentication_failed,42017.7,1,7,0.84,11,4,not_applicable,1,0,1
TXN_7820,CUST_2347,16187.94,Card,bank_declined,168623.19,8,5,0.87,3,26,inactive,1,0,1
TXN_7821,CUST_1257,17201.73,NetBanking,card_expired,151452.24,30,2,0.23,22,5,not_applicable,1,4,0
TXN_7822,CUST_1658,35271.64,UPI,card_expired,148483.02,25,1,0.21,4,89,active,1,2,0
TXN_7823,CUST_2864,21106.5,NetBanking,authentication_failed,44057.53,19,5,0.54,18,22,inactive,0,4,1
TXN_7824,CUST_2422,48357.69,Wallet,insufficient_funds,149893.36,13,6,0.01,10,41,active,1,0,1
TXN_7825,CUST_1241,3906.07,UPI,insufficient_funds,21141.53,20,7,0.38,0,26,active,0,1,1
TXN_7826,CUST_1309,5772.88,NetBanking,card_expired,176564.83,17,3,0.62,12,9,inactive,1,4,1
TXN_7827,CUST_1248,18640.31,Wallet,authentication_failed,82636.97,4,1,0.32,20,53,inactive,0,2,0
TXN_7828,CUST_2708,30557.83,UPI,insufficient_funds,99103.82,3,4,0.84,13,70,inactive,0,3,1
TXN_7829,CUST_1236,23537.22,UPI,network_error,48709.85,7,7,0.95,0,22,active,1,1,0
TXN_7830,CUST_2116,32042.34,NetBanking,bank_declined,149337.33,1,3,0.08,11,41,not_applicable,1,3,0
TXN_7831,CUST_1458,7740.72,UPI,card_expired,30342.74,21,1,0.42,4,15,active,0,1,1
TXN_7832,CUST_1635,42740.83,Card,bank_declined,116041.29,22,6,0.37,12,89,inactive,0,4,0
TXN_7833,CUST_1227,29592.29,Card,customer_abandoned,24190.03,25,6,0.74,5,10,inactive,0,4,1
TXN_7834,CUST_1565,27244.42,NetBanking,insufficient_funds,30770.97,24,6,0.79,0,9,inactive,1,0,1
TXN_7835,CUST_2424,11210.39,Card,insufficient_funds,94640.77,10,8,0.92,8,76,not_applicable,1,2,1
TXN_7836,CUST_2912,45288.37,Wallet,bank_declined,11677.01,7,3,0.08,13,7,active,1,2,0
TXN_7837,CUST_2056,9610.57,UPI,card_expired,64007.52,27,3,0.14,11,30,active,0,3,0
TXN_7838,CUST_2860,14094.95,NetBanking,insufficient_funds,147531.19,27,7,0.7,11,14,not_applicable,0,0,0
TXN_7839,CUST_1918,36248.64,NetBanking,network_error,139268.73,11,8,0.69,4,43,inactive,1,4,1
TXN_7840,CUST_2511,14882.21,Card,authentication_failed,60718.33,13,8,0.74,23,48,active,0,1,1
TXN_7841,CUST_2826,45609.8,NetBanking,authentication_failed,107421.56,15,0,0.3,10,0,inactive,0,0,1
TXN_7842,CUST_2438,15684.8,UPI,network_error,192692.39,27,2,0.98,18,32,not_applicable,1,3,1
TXN_7843,CUST_2628,5770.33,Card,network_error,53378.56,13,6,0.52,14,24,active,0,4,1
TXN_7844,CUST_2516,9325.84,Wallet,customer_abandoned,21776.29,5,8,0.07,12,31,active,1,2,0
TXN_7845,CUST_1630,44246.58,Wallet,insufficient_funds,9429.49,3,1,0.21,5,10,inactive,0,2,1
TXN_7846,CUST_2244,41310.59,Card,authentication_failed,161672.51,7,4,0.79,5,56,active,0,4,0
TXN_7847,CUST_2816,19922.16,UPI,bank_declined,196964.19,28,6,0.99,11,79,inactive,0,2,0
TXN_7848,CUST_1110,35492.43,Card,authentication_failed,190305.48,21,7,0.45,9,39,inactive,1,0,0
TXN_7849,CUST_1787,33480.55,NetBanking,authentication_failed,192060.36,2,3,0.7,7,43,inactive,0,4,1
TXN_7850,CUST_2733,21195.17,Card,bank_declined,20196.17,27,4,0.17,4,29,inactive,0,3,1
TXN_7851,CUST_2118,24709.9,NetBanking,card_expired,3392.1,24,3,0.96,18,28,not_applicable,1,0,1
TXN_7852,CUST_1802,41829.79,Card,network_error,110143.17,6,8,0.1,22,18,active,0,4,0
TXN_7853,CUST_1281,49870.27,NetBanking,network_error,7912.82,29,8,0.84,21,84,inactive,1,2,1
TXN_7854,CUST_2618,19753.92,NetBanking,bank_declined,75169.19,13,0,0.9,6,84,active,1,4,1
TXN_7855,CUST_2836,22414.0,Wallet,bank_declined,163787.0,18,2,0.05,15,76,not_applicable,1,4,0
TXN_7856,CUST_1233,1182.27,Card,authentication_failed,137908.6,20,6,0.53,9,41,inactive,0,3,1
TXN_7857,CUST_2014,24976.79,UPI,authentication_failed,45142.09,23,5,0.81,19,10,not_applicable,0,4,0
TXN_7858,CUST_2534,46790.92,NetBanking,insufficient_funds,50834.35,26,3,0.17,12,38,inactive,1,3,0
TXN_7859,CUST_1329,2620.7,UPI,insufficient_funds,8245.93,17,8,0.5,9,39,active,0,2,1
TXN_7860,CUST_1915,566.7,UPI,authentication_failed,59915.33,5,3,0.48,2,87,not_applicable,1,0,0
TXN_7861,CUST_1966,6859.93,Card,bank_declined,116355.29,16,8,0.71,4,87,not_applicable,1,2,0
TXN_7862,CUST_2874,19748.72,Card,network_error,28381.63,3,8,0.5,0,33,inactive,1,4,1
TXN_7863,CUST_2915,23489.27,UPI,card_expired,39940.53,29,8,0.09,19,72,inactive,0,1,1
TXN_7864,CUST_1223,37176.17,Wallet,bank_declined,63280.43,24,4,0.3,14,47,inactive,0,3,1
TXN_7865,CUST_1700,8960.65,UPI,authentication_failed,107472.42,6,7,0.71,0,38,inactive,0,1,0
TXN_7866,CUST_1394,2091.13,Wallet,insufficient_funds,46324.0,20,2,0.9,11,2,inactive,0,0,1
TXN_7867,CUST_2500,40790.52,Card,insufficient_funds,111581.42,29,3,0.94,11,65,active,0,4,0
TXN_7868,CUST_2289,24196.11,Wallet,authentication_failed,64336.53,21,5,0.6,2,79,not_applicable,1,1,1
TXN_7869,CUST_2438,24967.92,NetBanking,bank_declined,164634.36,4,4,0.18,1,46,inactive,1,1,0
TXN_7870,CUST_1477,34350.18,NetBanking,authentication_failed,50090.09,2,8,0.44,16,40,inactive,0,1,1
TXN_7871,CUST_2229,31331.21,Card,authentication_failed,189862.39,14,7,0.72,1,23,inactive,1,2,1
TXN_7872,CUST_2147,29633.67,NetBanking,bank_declined,29299.51,26,4,0.52,4,20,active,1,2,1
TXN_7873,CUST_2492,49933.76,Wallet,card_expired,54125.43,26,1,0.23,5,76,not_applicable,1,3,0
TXN_7874,CUST_1488,25596.35,Card,customer_abandoned,5249.23,11,3,0.13,14,3,not_applicable,1,1,0
TXN_7875,CUST_1299,24236.23,Card,insufficient_funds,30057.03,0,1,0.47,14,10,not_applicable,1,2,0
TXN_7876,CUST_2792,11257.21,Wallet,network_error,191587.33,6,2,0.36,19,47,not_applicable,0,3,0
TXN_7877,CUST_2748,48519.3,Wallet,card_expired,159173.08,2,5,0.25,22,54,not_applicable,1,2,0
TXN_7878,CUST_2630,43128.25,Wallet,card_expired,72125.29,15,4,0.57,15,6,active,0,1,1
TXN_7879,CUST_1847,20124.6,Wallet,card_expired,128260.88,30,8,0.47,13,85,not_applicable,0,1,0
TXN_7880,CUST_1790,40737.72,Wallet,insufficient_funds,23518.0,21,7,0.46,10,64,inactive,0,2,1
TXN_7881,CUST_1463,35304.75,UPI,authentication_failed,82748.51,20,8,0.74,13,42,not_applicable,1,1,0
TXN_7882,CUST_1381,32706.93,Wallet,network_error,165441.45,23,1,0.89,14,20,inactive,1,3,1
TXN_7883,CUST_1118,15713.47,UPI,card_expired,33507.95,28,4,0.35,2,0,inactive,0,4,0
TXN_7884,CUST_1923,9896.88,UPI,card_expired,190550.47,11,1,0.9,15,11,not_applicable,1,4,0
TXN_7885,CUST_1911,28141.89,NetBanking,bank_declined,158072.45,0,0,0.25,19,61,active,1,2,1
TXN_7886,CUST_2942,20358.99,NetBanking,insufficient_funds,40112.71,25,7,0.61,21,9,not_applicable,0,2,1
TXN_7887,CUST_1468,18327.83,NetBanking,network_error,110923.42,3,1,0.33,10,42,not_applicable,1,1,0
TXN_7888,CUST_2709,43243.67,NetBanking,customer_abandoned,36575.9,0,2,0.9,14,71,not_applicable,0,0,1
TXN_7889,CUST_1232,4862.45,NetBanking,authentication_failed,130933.99,2,1,0.39,7,3,not_applicable,0,4,0
TXN_7890,CUST_1718,32663.28,Card,insufficient_funds,11514.61,2,6,0.29,20,79,inactive,0,2,0
TXN_7891,CUST_2646,13402.71,Card,card_expired,10745.31,28,3,0.09,8,41,active,1,0,0
TXN_7892,CUST_2407,45578.2,Wallet,insufficient_funds,31294.43,28,3,0.25,15,49,inactive,1,0,0
TXN_7893,CUST_2346,47718.16,UPI,network_error,60618.35,24,0,0.86,13,6,inactive,0,3,1
TXN_7894,CUST_1593,47832.28,UPI,bank_declined,28115.47,3,1,0.97,17,29,active,1,0,1
TXN_7895,CUST_2695,47651.63,UPI,customer_abandoned,92279.35,9,4,0.53,1,58,not_applicable,0,2,1
TXN_7896,CUST_1413,36159.16,Card,bank_declined,124301.06,7,1,0.42,14,24,not_applicable,0,2,1
TXN_7897,CUST_1887,47416.59,UPI,bank_declined,2952.37,28,5,0.59,5,19,inactive,0,0,1
TXN_7898,CUST_1508,32690.32,NetBanking,insufficient_funds,160365.02,9,8,0.9,3,17,inactive,0,3,1
TXN_7899,CUST_1757,35879.17,Card,bank_declined,192984.43,30,2,0.86,15,30,not_applicable,0,4,0
TXN_7900,CUST_1839,4411.53,NetBanking,network_error,48566.95,0,6,0.56,19,34,inactive,1,4,0
TXN_7901,CUST_2288,15230.42,NetBanking,network_error,19572.29,1,3,0.31,2,79,inactive,1,4,1
TXN_7902,CUST_2363,43882.31,Wallet,bank_declined,182667.83,18,1,0.38,5,80,active,1,2,1
TXN_7903,CUST_2676,20394.7,NetBanking,authentication_failed,75786.08,6,0,0.67,14,83,not_applicable,1,2,0
TXN_7904,CUST_1930,1115.16,NetBanking,bank_declined,88365.9,19,0,0.22,23,21,active,0,3,0
TXN_7905,CUST_2672,23595.06,Wallet,insufficient_funds,41984.96,28,4,0.45,20,49,inactive,0,1,1
TXN_7906,CUST_2139,30225.07,Wallet,insufficient_funds,198184.6,26,1,0.55,2,64,active,1,3,0
TXN_7907,CUST_2710,45971.86,UPI,insufficient_funds,75426.08,16,1,0.17,17,76,not_applicable,0,1,1
TXN_7908,CUST_1968,20199.47,UPI,insufficient_funds,129358.52,3,0,0.0,9,58,active,1,2,0
TXN_7909,CUST_2429,3897.09,NetBanking,bank_declined,180230.37,10,3,0.95,21,17,inactive,1,3,0
TXN_7910,CUST_1274,40494.56,UPI,customer_abandoned,29229.25,2,5,0.71,2,11,active,1,2,0
TXN_7911,CUST_2487,44866.68,Card,network_error,64004.58,11,8,0.33,20,16,active,1,2,0
TXN_7912,CUST_1730,760.23,UPI,bank_declined,39599.26,25,6,0.42,5,87,active,0,0,0
TXN_7913,CUST_2091,32413.55,Wallet,customer_abandoned,134212.96,13,4,0.88,23,13,inactive,0,3,0
TXN_7914,CUST_2836,26155.87,Wallet,card_expired,145370.06,5,2,0.64,16,47,inactive,1,4,0
TXN_7915,CUST_2975,954.02,Card,insufficient_funds,13030.0,26,4,0.12,18,29,inactive,1,4,0
TXN_7916,CUST_2143,5970.91,UPI,customer_abandoned,85790.38,1,7,0.18,6,18,inactive,1,0,1
TXN_7917,CUST_2210,43587.23,UPI,card_expired,78539.85,14,7,0.51,14,31,active,0,0,1
TXN_7918,CUST_2624,26821.84,Card,bank_declined,199019.57,22,3,0.14,14,84,inactive,0,1,0
TXN_7919,CUST_1676,24910.43,NetBanking,insufficient_funds,5520.11,22,5,0.97,21,8,not_applicable,1,4,1
TXN_7920,CUST_1561,19225.21,UPI,customer_abandoned,190874.27,0,7,0.14,8,55,inactive,0,1,0
TXN_7921,CUST_2203,9677.26,Wallet,authentication_failed,50082.8,26,8,0.78,17,10,active,0,0,1
TXN_7922,CUST_2549,455.66,UPI,network_error,83433.45,12,0,0.23,10,85,not_applicable,1,2,1
TXN_7923,CUST_2096,9802.99,Wallet,insufficient_funds,168608.45,8,2,0.27,11,28,not_applicable,1,3,0
TXN_7924,CUST_1832,14972.04,Wallet,network_error,129140.75,22,3,0.1,4,47,inactive,1,3,1
TXN_7925,CUST_1061,16789.3,Wallet,insufficient_funds,176943.45,5,8,0.07,20,60,active,1,1,1
TXN_7926,CUST_1428,8467.26,UPI,bank_declined,18626.95,14,1,0.2,4,14,inactive,1,1,1
TXN_7927,CUST_2234,26097.1,Wallet,customer_abandoned,197654.78,28,6,0.03,16,80,not_applicable,0,3,0
TXN_7928,CUST_1468,19364.91,NetBanking,card_expired,68581.68,16,0,0.33,20,33,active,1,4,1
TXN_7929,CUST_1664,1046.91,NetBanking,bank_declined,155208.36,12,0,0.25,20,83,not_applicable,1,4,0
TXN_7930,CUST_2079,21065.48,NetBanking,authentication_failed,61641.62,19,3,0.09,4,9,not_applicable,0,1,0
TXN_7931,CUST_1386,14976.74,UPI,bank_declined,164540.0,9,2,0.13,3,61,not_applicable,1,1,1
TXN_7932,CUST_1613,14514.6,NetBanking,network_error,176809.52,8,5,0.43,23,1,inactive,1,3,0
TXN_7933,CUST_1344,49293.64,NetBanking,insufficient_funds,36150.27,27,4,0.57,21,83,inactive,0,3,1
TXN_7934,CUST_2908,18703.39,Card,insufficient_funds,190346.23,13,6,0.84,9,12,inactive,0,0,0
TXN_7935,CUST_1127,48710.18,Card,card_expired,91964.76,14,0,0.1,8,56,inactive,0,0,0
TXN_7936,CUST_1271,19102.55,UPI,network_error,38878.69,25,6,0.48,0,47,not_applicable,0,4,1
TXN_7937,CUST_2571,8650.72,NetBanking,network_error,169891.06,18,0,0.42,4,71,not_applicable,0,3,1
TXN_7938,CUST_1106,42434.28,UPI,network_error,193954.45,25,2,0.29,8,19,active,1,2,1
TXN_7939,CUST_1481,19588.24,UPI,authentication_failed,163011.94,30,7,0.01,14,18,active,1,4,0
TXN_7940,CUST_1867,35324.4,Wallet,network_error,81722.25,7,4,0.33,19,40,not_applicable,1,0,0
TXN_7941,CUST_1182,45874.96,NetBanking,customer_abandoned,189649.26,1,0,0.27,16,47,not_applicable,1,2,1
TXN_7942,CUST_2178,36874.58,UPI,customer_abandoned,31688.73,9,6,0.61,11,8,inactive,1,4,0
TXN_7943,CUST_1345,35448.07,UPI,card_expired,146979.94,14,1,0.79,23,77,inactive,0,3,0
TXN_7944,CUST_1189,31449.67,Wallet,insufficient_funds,36592.48,16,6,0.95,15,7,not_applicable,1,4,1
TXN_7945,CUST_1492,4856.76,Wallet,card_expired,38219.41,28,0,0.66,2,55,inactive,1,2,1
TXN_7946,CUST_1947,36841.25,UPI,card_expired,56876.97,7,2,0.66,21,41,not_applicable,0,4,0
TXN_7947,CUST_2443,27231.14,Wallet,card_expired,191602.12,8,8,0.63,2,29,active,0,2,0
TXN_7948,CUST_2393,49439.23,Card,network_error,32216.4,28,2,0.72,11,82,inactive,0,2,1
TXN_7949,CUST_1503,14788.6,Card,insufficient_funds,36284.79,10,8,0.18,2,68,inactive,1,1,1
TXN_7950,CUST_2880,43658.33,NetBanking,insufficient_funds,93563.96,8,6,0.1,12,11,active,0,0,1
TXN_7951,CUST_1890,24402.12,UPI,authentication_failed,88313.72,11,8,0.41,2,48,active,0,1,0
TXN_7952,CUST_2175,26347.67,Wallet,bank_declined,121303.7,6,6,0.47,12,14,inactive,1,0,1
TXN_7953,CUST_2372,15951.3,UPI,authentication_failed,116084.06,2,8,0.3,15,71,inactive,0,1,0
TXN_7954,CUST_2668,5195.84,Wallet,bank_declined,38551.1,24,3,0.8,12,82,active,0,2,1
TXN_7955,CUST_1134,31324.74,NetBanking,card_expired,194078.45,24,6,0.52,3,67,not_applicable,0,1,0
TXN_7956,CUST_1638,16102.48,UPI,bank_declined,164868.16,26,2,0.35,2,19,active,0,1,0
TXN_7957,CUST_2118,38889.77,Wallet,card_expired,100735.39,0,0,0.78,21,49,active,0,1,1
TXN_7958,CUST_2672,25856.37,Wallet,authentication_failed,137625.09,25,5,0.17,14,29,inactive,1,2,0
TXN_7959,CUST_1892,32636.63,NetBanking,customer_abandoned,131416.66,3,0,0.49,17,75,inactive,1,1,1
TXN_7960,CUST_1064,24154.54,Wallet,card_expired,176383.13,30,5,0.74,19,34,not_applicable,0,1,1
TXN_7961,CUST_2014,19823.18,Wallet,bank_declined,133869.65,18,4,0.89,22,10,active,0,0,1
TXN_7962,CUST_2914,25781.71,NetBanking,customer_abandoned,24638.1,10,5,0.28,4,17,inactive,1,2,1
TXN_7963,CUST_2963,3978.96,NetBanking,card_expired,132809.36,5,8,0.9,10,9,inactive,0,1,1
TXN_7964,CUST_2540,10909.95,Wallet,customer_abandoned,150030.69,6,2,0.93,11,40,not_applicable,1,0,1
TXN_7965,CUST_1481,20759.78,Card,customer_abandoned,183962.54,6,3,0.2,0,44,inactive,0,1,1
TXN_7966,CUST_1220,26406.88,UPI,insufficient_funds,20878.72,21,3,0.45,15,17,active,1,3,1
TXN_7967,CUST_2468,14181.99,UPI,authentication_failed,108753.64,5,1,0.48,6,47,not_applicable,0,1,0
TXN_7968,CUST_1156,4498.27,UPI,insufficient_funds,160661.32,3,8,0.48,18,3,not_applicable,0,0,1
TXN_7969,CUST_2039,41247.27,Wallet,authentication_failed,64109.93,18,3,0.0,7,26,active,0,1,0
TXN_7970,CUST_2057,38058.67,UPI,customer_abandoned,22343.14,20,8,0.7,13,2,active,0,4,0
TXN_7971,CUST_1313,1485.18,Wallet,customer_abandoned,105638.82,29,8,0.1,20,15,not_applicable,0,2,1
TXN_7972,CUST_1483,44702.18,Card,bank_declined,130312.59,29,8,0.06,13,22,not_applicable,0,2,0
TXN_7973,CUST_2035,18648.98,UPI,bank_declined,96695.09,17,8,0.17,14,62,not_applicable,1,4,0
TXN_7974,CUST_1074,21844.96,Wallet,network_error,189512.1,17,7,0.94,18,6,active,1,2,1
TXN_7975,CUST_1857,32253.03,NetBanking,bank_declined,28421.5,5,3,0.22,20,44,not_applicable,1,2,1
TXN_7976,CUST_2053,34988.38,NetBanking,insufficient_funds,38696.61,22,2,0.57,21,60,active,0,4,0
TXN_7977,CUST_1082,17324.04,Wallet,bank_declined,37978.25,8,2,0.94,4,81,inactive,0,0,1
TXN_7978,CUST_1616,20920.38,Wallet,network_error,54245.87,17,8,0.89,6,51,active,0,2,1
TXN_7979,CUST_2834,20209.22,Wallet,bank_declined,7092.04,24,8,0.45,12,53,not_applicable,0,2,0
TXN_7980,CUST_1110,7222.43,Card,bank_declined,79225.63,17,4,0.1,10,35,inactive,0,3,1
TXN_7981,CUST_1931,2472.21,Card,customer_abandoned,80872.56,24,2,0.16,13,24,active,1,2,0
TXN_7982,CUST_2397,4032.69,Wallet,insufficient_funds,109814.31,16,1,0.77,2,60,inactive,1,3,0
TXN_7983,CUST_2649,34956.53,UPI,customer_abandoned,20798.86,9,4,0.09,21,54,inactive,1,4,0
TXN_7984,CUST_2366,10844.94,NetBanking,authentication_failed,90000.62,1,8,0.98,22,77,not_applicable,1,3,0
TXN_7985,CUST_1251,42345.01,UPI,network_error,172293.21,1,6,0.62,3,12,inactive,0,1,1
TXN_7986,CUST_1341,18012.15,Card,customer_abandoned,199690.8,10,6,0.28,0,48,inactive,1,2,0
TXN_7987,CUST_1355,14174.88,Card,authentication_failed,23302.14,25,5,0.57,0,76,not_applicable,1,2,0
TXN_7988,CUST_1439,29202.64,Wallet,insufficient_funds,112177.02,25,4,0.54,17,65,inactive,1,0,1
TXN_7989,CUST_2091,22065.02,UPI,network_error,162588.78,9,5,0.32,14,40,inactive,1,4,0
TXN_7990,CUST_2950,24742.2,Card,network_error,172683.53,20,3,0.66,13,76,not_applicable,0,0,1
TXN_7991,CUST_2866,43272.03,Wallet,card_expired,166581.13,20,0,0.75,7,54,inactive,0,3,0
TXN_7992,CUST_1959,37901.51,NetBanking,network_error,96269.67,14,4,0.74,6,24,inactive,0,4,0
TXN_7993,CUST_2447,44538.03,Wallet,insufficient_funds,91461.14,10,5,0.86,10,3,active,0,1,1
TXN_7994,CUST_1398,5180.79,NetBanking,card_expired,110105.12,23,1,0.65,15,17,not_applicable,1,2,1
TXN_7995,CUST_2274,23661.78,Wallet,customer_abandoned,19778.17,7,1,0.6,16,64,inactive,0,2,1
TXN_7996,CUST_1041,36908.18,Card,network_error,76280.02,28,1,0.99,21,6,active,1,4,1
TXN_7997,CUST_2729,40780.9,NetBanking,card_expired,134269.78,12,3,0.99,5,26,active,0,3,0
TXN_7998,CUST_2439,26019.22,NetBanking,network_error,74009.03,15,8,0.68,22,70,inactive,1,1,1
TXN_7999,CUST_2979,31504.59,UPI,bank_declined,69259.34,26,4,0.43,4,2,not_applicable,0,0,1
TXN_8000,CUST_2061,41980.24,Wallet,network_error,152818.87,27,8,0.12,5,60,active,1,1,1
TXN_8001,CUST_2521,1430.22,NetBanking,insufficient_funds,2584.15,2,8,0.22,17,11,inactive,1,3,0
TXN_8002,CUST_2480,45246.91,NetBanking,insufficient_funds,78961.9,17,1,0.56,16,88,active,1,0,1
TXN_8003,CUST_2324,47651.54,NetBanking,customer_abandoned,182673.52,28,1,0.06,6,14,not_applicable,1,4,0
TXN_8004,CUST_1347,2552.31,Card,network_error,123691.94,13,3,0.71,8,26,not_applicable,1,3,1
TXN_8005,CUST_1477,42707.21,NetBanking,network_error,91109.74,23,1,1.0,17,88,not_applicable,1,4,1
TXN_8006,CUST_2554,5563.54,Card,bank_declined,61056.86,8,7,0.03,7,59,inactive,1,3,0
TXN_8007,CUST_1227,2733.31,NetBanking,customer_abandoned,150046.95,25,7,0.05,5,57,inactive,1,4,0
TXN_8008,CUST_2891,42079.71,Card,insufficient_funds,190267.96,28,8,0.41,0,56,active,0,1,0
TXN_8009,CUST_1389,31381.36,Wallet,network_error,83751.19,16,1,0.8,21,18,not_applicable,0,2,1
TXN_8010,CUST_1726,13363.23,NetBanking,card_expired,131652.99,26,3,0.39,14,31,not_applicable,1,3,0
TXN_8011,CUST_2359,3441.52,UPI,bank_declined,157780.67,21,1,0.68,8,89,inactive,1,0,1
TXN_8012,CUST_1443,44821.76,Wallet,bank_declined,82760.49,6,2,0.71,7,47,not_applicable,0,3,1
TXN_8013,CUST_1496,42051.7,Card,authentication_failed,102709.85,14,7,0.68,10,43,inactive,1,0,0
TXN_8014,CUST_2726,32395.14,UPI,bank_declined,52252.94,4,1,0.43,0,87,not_applicable,1,4,0
TXN_8015,CUST_2425,2005.43,NetBanking,network_error,118119.43,13,0,0.86,2,86,not_applicable,1,3,1
TXN_8016,CUST_2871,9881.88,Wallet,customer_abandoned,92576.83,14,3,0.67,18,72,not_applicable,0,3,0
TXN_8017,CUST_2891,2929.07,Card,network_error,104290.69,20,0,0.82,22,63,not_applicable,0,4,1
TXN_8018,CUST_1997,17533.54,Card,insufficient_funds,133039.43,15,8,0.13,7,89,active,0,0,1
TXN_8019,CUST_1221,26821.08,Card,network_error,190693.11,28,2,0.29,8,0,not_applicable,0,0,1
TXN_8020,CUST_2248,20056.55,NetBanking,customer_abandoned,179581.94,4,6,0.07,8,50,inactive,1,2,0
TXN_8021,CUST_2896,42321.37,NetBanking,network_error,197635.4,22,3,0.7,23,22,active,1,0,1
TXN_8022,CUST_1748,20650.04,NetBanking,customer_abandoned,70984.76,12,7,0.6,23,66,not_applicable,1,4,0
TXN_8023,CUST_2787,40991.43,UPI,bank_declined,83902.03,18,5,0.72,8,61,inactive,0,0,0
TXN_8024,CUST_1058,46049.16,Card,authentication_failed,141101.77,18,2,0.64,7,38,active,1,0,1
TXN_8025,CUST_2983,9241.56,NetBanking,card_expired,25602.3,27,4,0.49,6,86,not_applicable,0,0,1
TXN_8026,CUST_1503,28892.3,Wallet,card_expired,129494.84,21,4,0.53,19,20,not_applicable,1,0,1
TXN_8027,CUST_2602,2980.63,Wallet,authentication_failed,23554.9,24,6,0.15,10,62,active,1,1,1
TXN_8028,CUST_2284,17290.3,Wallet,bank_declined,59102.7,26,1,0.05,5,19,active,1,1,1
TXN_8029,CUST_1175,32644.32,NetBanking,authentication_failed,35914.29,21,8,0.92,20,6,inactive,1,0,1
TXN_8030,CUST_1363,11592.93,Card,card_expired,97684.1,8,7,0.46,20,4,active,0,0,0
TXN_8031,CUST_1484,40899.97,Card,network_error,22743.63,17,0,0.42,1,49,not_applicable,1,0,1
TXN_8032,CUST_2261,23489.41,Wallet,bank_declined,172408.65,4,3,0.22,17,46,inactive,1,0,0
TXN_8033,CUST_1898,30928.64,Card,card_expired,35593.06,24,0,0.07,1,88,not_applicable,0,1,1
TXN_8034,CUST_2640,11060.36,NetBanking,bank_declined,72882.11,21,1,0.26,7,5,not_applicable,1,0,1
TXN_8035,CUST_1000,28061.33,NetBanking,bank_declined,6376.67,21,7,0.97,1,35,active,0,3,0
TXN_8036,CUST_1521,34788.36,UPI,network_error,162262.21,8,1,0.28,11,13,active,0,1,0
TXN_8037,CUST_1348,41637.8,NetBanking,insufficient_funds,49022.13,7,2,0.99,23,73,inactive,0,0,1
TXN_8038,CUST_1052,10928.32,Card,card_expired,156224.13,5,3,0.19,23,20,not_applicable,0,1,1
TXN_8039,CUST_2165,42790.97,Card,customer_abandoned,191883.64,17,5,0.47,16,15,inactive,0,3,1
TXN_8040,CUST_1478,20639.95,NetBanking,insufficient_funds,44407.48,5,2,0.51,3,34,not_applicable,0,3,0
TXN_8041,CUST_2736,22952.37,UPI,insufficient_funds,113827.52,22,1,0.42,19,74,inactive,0,1,1
TXN_8042,CUST_2974,47634.52,UPI,insufficient_funds,100466.4,10,7,0.25,16,82,inactive,0,4,1
TXN_8043,CUST_1181,16945.46,NetBanking,customer_abandoned,163425.23,27,3,0.06,20,41,active,1,0,1
TXN_8044,CUST_2279,4808.56,Wallet,authentication_failed,17978.25,25,8,0.66,2,62,inactive,0,0,0
TXN_8045,CUST_2361,43586.8,UPI,authentication_failed,103764.62,26,1,0.3,3,44,inactive,0,0,1
TXN_8046,CUST_2666,31238.44,Wallet,customer_abandoned,160119.33,14,0,0.64,2,85,inactive,0,0,1
TXN_8047,CUST_2923,33548.47,NetBanking,customer_abandoned,78918.29,28,8,0.46,16,17,active,1,2,1
TXN_8048,CUST_2360,18062.21,NetBanking,network_error,122779.87,30,2,0.36,20,80,active,0,4,1
TXN_8049,CUST_2120,22730.91,Card,customer_abandoned,119815.24,5,7,0.41,6,55,inactive,0,4,0
TXN_8050,CUST_2993,41036.89,Card,authentication_failed,6907.35,14,2,0.3,11,81,not_applicable,0,0,1
TXN_8051,CUST_2522,46034.45,NetBanking,network_error,83047.62,11,6,0.89,22,59,not_applicable,0,3,1
TXN_8052,CUST_1910,11149.21,UPI,card_expired,169392.08,14,4,0.9,8,90,active,0,1,1
TXN_8053,CUST_1044,3060.28,NetBanking,authentication_failed,18974.5,14,2,0.26,10,25,active,0,2,0
TXN_8054,CUST_2581,25548.59,Wallet,insufficient_funds,91662.18,14,3,0.58,0,50,not_applicable,1,4,1
TXN_8055,CUST_2043,4612.48,Wallet,authentication_failed,139250.1,26,6,0.93,3,73,active,0,1,1
TXN_8056,CUST_2677,41904.84,Card,authentication_failed,139906.92,22,5,0.01,9,5,inactive,0,1,0
TXN_8057,CUST_1826,30331.65,UPI,network_error,100977.67,27,6,0.53,16,84,inactive,1,0,1
TXN_8058,CUST_1205,33782.67,NetBanking,network_error,54017.26,23,2,0.39,5,43,not_applicable,1,4,1
TXN_8059,CUST_1235,33634.05,UPI,network_error,18960.3,0,4,0.21,10,82,not_applicable,0,3,0
TXN_8060,CUST_2124,5510.39,UPI,bank_declined,42311.4,28,7,0.61,1,43,not_applicable,1,2,1
TXN_8061,CUST_2254,33049.14,Wallet,customer_abandoned,95562.44,3,7,0.05,4,74,active,0,3,1
TXN_8062,CUST_2153,8487.02,UPI,bank_declined,134015.85,26,3,0.91,7,34,inactive,0,1,1
TXN_8063,CUST_2114,10980.68,NetBanking,card_expired,63843.46,0,2,0.03,13,76,inactive,0,1,1
TXN_8064,CUST_1241,30688.35,UPI,customer_abandoned,145374.62,5,0,0.01,16,43,not_applicable,0,0,1
TXN_8065,CUST_2316,36961.68,NetBanking,network_error,29036.44,8,5,0.35,19,67,active,0,2,0
TXN_8066,CUST_1523,24840.26,UPI,bank_declined,23903.76,17,5,0.09,13,45,not_applicable,1,0,1
TXN_8067,CUST_2195,7882.76,Wallet,customer_abandoned,35246.44,8,3,0.83,19,44,active,1,2,1
TXN_8068,CUST_2540,30275.31,NetBanking,customer_abandoned,96389.81,22,2,0.57,21,2,not_applicable,1,2,0
TXN_8069,CUST_1655,48394.53,NetBanking,bank_declined,45371.69,30,1,0.21,5,67,active,0,0,1
TXN_8070,CUST_2651,32944.12,Wallet,customer_abandoned,110259.39,18,4,0.11,18,37,inactive,0,1,1
TXN_8071,CUST_2719,9015.29,Card,card_expired,66964.87,19,5,0.95,21,64,inactive,1,1,0
TXN_8072,CUST_1897,477.7,Wallet,customer_abandoned,51249.11,7,0,0.01,8,78,inactive,1,0,1
TXN_8073,CUST_2162,23524.15,NetBanking,network_error,198809.72,17,6,0.73,22,36,active,1,1,1
TXN_8074,CUST_2118,40254.8,Card,authentication_failed,141255.93,21,1,0.24,0,43,not_applicable,0,2,1
TXN_8075,CUST_1209,27844.34,Card,insufficient_funds,90795.11,3,8,0.18,18,36,inactive,0,1,0
TXN_8076,CUST_1215,14124.27,UPI,network_error,3040.77,28,6,0.92,11,47,inactive,0,3,0
TXN_8077,CUST_2777,34511.9,Card,insufficient_funds,114893.79,1,4,0.69,21,24,active,1,4,1
TXN_8078,CUST_2746,19319.5,UPI,insufficient_funds,142792.59,11,6,0.36,9,1,inactive,1,2,1
TXN_8079,CUST_2470,42915.63,Wallet,authentication_failed,180551.02,9,1,0.01,8,49,not_applicable,1,1,0
TXN_8080,CUST_1696,6782.83,Card,customer_abandoned,91343.25,16,3,0.5,23,86,not_applicable,1,1,1
TXN_8081,CUST_1754,36199.98,Wallet,network_error,54684.17,8,1,0.85,21,50,active,1,2,1
TXN_8082,CUST_1852,18425.04,Wallet,bank_declined,124825.31,28,7,0.61,12,39,active,1,1,1
TXN_8083,CUST_1498,42328.3,Wallet,bank_declined,120014.92,10,8,0.87,12,14,inactive,0,0,0
TXN_8084,CUST_1114,27341.34,Wallet,authentication_failed,182245.51,26,6,0.85,14,73,inactive,0,4,1
TXN_8085,CUST_2813,42539.87,Card,bank_declined,164419.57,28,6,0.47,4,29,inactive,1,1,0
TXN_8086,CUST_1866,45544.37,Card,authentication_failed,144787.29,29,5,0.28,2,44,inactive,0,4,0
TXN_8087,CUST_1422,34335.32,Wallet,authentication_failed,96085.64,24,4,0.08,14,57,not_applicable,1,0,0
TXN_8088,CUST_2023,37307.87,Card,card_expired,66385.34,22,3,0.51,13,7,active,0,3,1
TXN_8089,CUST_2942,37583.66,Wallet,network_error,34235.99,12,0,0.1,11,27,inactive,1,0,1
TXN_8090,CUST_1419,37107.48,NetBanking,authentication_failed,30658.94,26,1,0.37,13,86,not_applicable,1,2,1
TXN_8091,CUST_2251,47216.73,UPI,customer_abandoned,91359.88,21,6,0.08,3,65,inactive,1,2,0
TXN_8092,CUST_2135,11725.2,Wallet,network_error,48553.78,0,8,0.49,21,47,inactive,1,2,1
TXN_8093,CUST_1878,6213.23,UPI,card_expired,177981.85,27,6,0.62,6,84,active,1,1,1
TXN_8094,CUST_2100,49365.22,Wallet,network_error,126000.65,5,2,0.93,15,12,not_applicable,0,0,1
TXN_8095,CUST_1935,12082.46,Card,network_error,103787.22,12,5,0.51,13,53,inactive,0,4,0
TXN_8096,CUST_1114,35012.82,Wallet,customer_abandoned,6897.13,24,0,0.69,15,20,inactive,1,1,1
TXN_8097,CUST_2898,34481.47,Card,network_error,95939.05,11,7,0.98,13,9,inactive,1,3,1
TXN_8098,CUST_1842,49130.39,NetBanking,customer_abandoned,13929.81,25,7,0.68,20,15,inactive,1,0,0
TXN_8099,CUST_2838,41124.67,Card,card_expired,158133.6,12,1,0.8,22,84,not_applicable,0,1,1
TXN_8100,CUST_1523,41136.05,NetBanking,bank_declined,43593.99,23,7,0.03,5,34,not_applicable,1,4,0
TXN_8101,CUST_1178,24016.33,Wallet,network_error,148680.16,8,8,0.22,22,23,inactive,0,2,0
TXN_8102,CUST_2638,32333.77,UPI,insufficient_funds,196795.71,18,5,0.6,20,61,not_applicable,0,4,0
TXN_8103,CUST_1500,28102.26,Card,authentication_failed,156687.34,20,0,0.98,15,1,active,0,0,1
TXN_8104,CUST_1718,20897.85,Wallet,network_error,172208.27,15,0,0.97,10,24,active,0,4,1
TXN_8105,CUST_2599,28950.73,NetBanking,insufficient_funds,158699.54,19,8,0.53,6,69,not_applicable,1,0,0
TXN_8106,CUST_1813,32795.97,Wallet,customer_abandoned,54755.49,5,4,0.35,19,70,not_applicable,1,3,1
TXN_8107,CUST_2518,31859.62,UPI,insufficient_funds,174712.53,1,3,0.81,0,69,not_applicable,1,2,0
TXN_8108,CUST_2081,42052.38,Wallet,card_expired,58144.54,17,0,0.64,8,7,inactive,1,0,0
TXN_8109,CUST_2908,31158.74,Wallet,insufficient_funds,34557.75,12,6,0.28,20,82,not_applicable,0,1,0
TXN_8110,CUST_2637,30137.11,UPI,network_error,194536.83,6,5,0.95,9,67,inactive,0,4,0
TXN_8111,CUST_2916,15311.78,Wallet,insufficient_funds,8176.32,20,0,0.4,9,65,active,0,2,0
TXN_8112,CUST_2730,45796.01,Wallet,bank_declined,48062.8,27,8,0.27,22,62,inactive,1,0,0
TXN_8113,CUST_1346,17570.17,NetBanking,authentication_failed,161147.12,7,8,0.65,14,8,active,0,3,0
TXN_8114,CUST_2163,29193.25,Card,bank_declined,52288.88,21,4,0.23,8,87,inactive,1,4,0
TXN_8115,CUST_2854,39071.01,UPI,bank_declined,169577.12,27,7,0.77,6,83,active,0,4,0
TXN_8116,CUST_2529,38134.86,NetBanking,card_expired,10107.72,12,1,0.11,8,89,inactive,1,4,0
TXN_8117,CUST_1349,23859.74,NetBanking,bank_declined,163407.61,23,6,0.68,13,29,inactive,0,0,0
TXN_8118,CUST_1734,11384.72,UPI,card_expired,57849.36,16,1,0.12,13,25,inactive,1,1,1
TXN_8119,CUST_2800,36457.05,UPI,network_error,49038.89,7,3,0.84,6,71,inactive,1,4,1
TXN_8120,CUST_2288,16214.49,Card,network_error,83071.2,18,5,0.71,14,5,not_applicable,0,0,1
TXN_8121,CUST_1674,463.21,UPI,customer_abandoned,184542.45,7,4,0.07,6,15,inactive,0,4,1
TXN_8122,CUST_1362,1504.83,Card,customer_abandoned,154424.89,10,6,0.53,5,15,active,1,1,1
TXN_8123,CUST_1490,3731.65,NetBanking,network_error,48510.26,2,2,0.78,0,41,inactive,1,4,0
TXN_8124,CUST_1263,26503.02,UPI,card_expired,71315.34,20,8,0.06,13,0,inactive,0,4,0
TXN_8125,CUST_2252,13994.49,Wallet,card_expired,11947.73,25,8,0.67,14,4,active,1,2,0
TXN_8126,CUST_1822,696.91,NetBanking,customer_abandoned,23073.88,10,3,0.7,3,86,active,1,3,1
TXN_8127,CUST_2309,43311.56,UPI,network_error,62953.93,0,0,0.09,21,73,inactive,0,4,1
TXN_8128,CUST_2175,26268.92,Wallet,network_error,62021.37,9,4,0.41,7,82,inactive,0,2,1
TXN_8129,CUST_1745,33168.66,Wallet,insufficient_funds,73788.96,13,1,0.71,11,83,not_applicable,1,1,1
TXN_8130,CUST_1503,32597.58,Wallet,insufficient_funds,158785.65,13,1,0.63,0,89,not_applicable,0,1,1
TXN_8131,CUST_2403,19557.39,Card,card_expired,24796.84,2,2,0.78,6,2,active,1,3,1
TXN_8132,CUST_1326,12390.29,Wallet,authentication_failed,172673.7,9,7,0.59,7,5,not_applicable,0,3,0
TXN_8133,CUST_2217,973.07,UPI,card_expired,77165.5,10,0,0.64,6,34,active,0,3,0
TXN_8134,CUST_1298,23032.41,NetBanking,customer_abandoned,198693.75,16,0,0.72,8,17,inactive,1,0,1
TXN_8135,CUST_2287,26698.34,UPI,customer_abandoned,9709.25,13,8,0.96,23,71,not_applicable,0,4,1
TXN_8136,CUST_1327,34152.0,UPI,insufficient_funds,20703.32,28,4,0.21,7,81,inactive,1,4,0
TXN_8137,CUST_1708,26026.97,Wallet,card_expired,42352.97,6,4,0.7,12,48,inactive,1,3,0
TXN_8138,CUST_2087,981.14,Card,authentication_failed,149067.39,6,0,0.19,0,62,active,1,0,1
TXN_8139,CUST_1491,17816.77,Wallet,network_error,68385.32,9,6,0.01,8,29,not_applicable,1,0,1
TXN_8140,CUST_2074,30639.02,Card,bank_declined,85123.3,21,7,0.1,0,36,inactive,1,2,1
TXN_8141,CUST_1519,14208.25,Card,authentication_failed,197667.88,7,5,0.95,20,65,not_applicable,1,2,1
TXN_8142,CUST_1352,48556.49,UPI,insufficient_funds,22021.14,18,4,0.28,7,69,active,1,2,1
TXN_8143,CUST_2405,3693.43,Wallet,authentication_failed,194473.09,20,4,0.06,23,65,not_applicable,0,0,1
TXN_8144,CUST_2796,38431.26,UPI,authentication_failed,75797.55,24,6,0.02,1,68,active,1,2,0
TXN_8145,CUST_2619,10279.29,Card,authentication_failed,99281.44,7,8,0.46,11,48,inactive,1,0,0
TXN_8146,CUST_2959,38620.77,UPI,customer_abandoned,76093.57,8,2,0.16,15,5,not_applicable,0,4,1
TXN_8147,CUST_1842,16701.26,NetBanking,bank_declined,58089.5,23,8,0.76,20,74,inactive,0,1,0
TXN_8148,CUST_2602,45756.57,UPI,customer_abandoned,28351.04,11,3,0.5,13,29,inactive,1,0,1
TXN_8149,CUST_2916,48052.7,Wallet,network_error,43830.35,16,0,0.2,8,56,not_applicable,0,2,0
TXN_8150,CUST_2290,48395.74,NetBanking,bank_declined,139828.82,11,2,0.12,18,21,inactive,0,2,1
TXN_8151,CUST_2188,40848.59,UPI,bank_declined,114922.96,17,0,0.13,17,57,inactive,1,4,0
TXN_8152,CUST_1354,43220.67,UPI,customer_abandoned,105878.8,16,3,0.71,3,5,inactive,1,3,0
TXN_8153,CUST_2569,26671.03,Wallet,authentication_failed,195443.52,23,4,0.33,12,8,not_applicable,1,0,1
TXN_8154,CUST_1786,8708.03,NetBanking,customer_abandoned,25226.24,15,1,0.78,8,13,not_applicable,1,4,1
TXN_8155,CUST_2383,33448.75,Wallet,bank_declined,32480.97,30,1,0.24,0,41,inactive,1,1,0
TXN_8156,CUST_2801,14506.33,Card,network_error,163953.24,28,2,0.29,8,54,active,0,1,0
TXN_8157,CUST_2922,45731.2,NetBanking,customer_abandoned,9609.37,21,7,0.77,17,53,inactive,0,2,1
TXN_8158,CUST_1984,10842.05,Wallet,network_error,92509.2,12,7,0.58,6,54,active,0,1,1
TXN_8159,CUST_2772,28811.63,UPI,insufficient_funds,34961.02,20,2,0.02,8,41,not_applicable,1,0,1
TXN_8160,CUST_1733,25919.02,NetBanking,network_error,138241.14,19,8,0.65,9,33,not_applicable,0,4,1
TXN_8161,CUST_2389,23027.48,NetBanking,insufficient_funds,2665.53,19,6,0.63,16,26,not_applicable,0,3,0
TXN_8162,CUST_2519,26122.6,Wallet,card_expired,138171.67,25,8,0.32,18,80,active,0,1,0
TXN_8163,CUST_1993,33261.23,UPI,insufficient_funds,49792.1,11,6,0.46,0,21,active,0,4,0
TXN_8164,CUST_2043,23912.26,UPI,bank_declined,120091.38,14,3,0.03,4,62,active,0,2,0
TXN_8165,CUST_1389,35843.89,Wallet,bank_declined,85652.17,30,8,0.19,23,12,active,1,1,1
TXN_8166,CUST_1704,33642.3,Wallet,customer_abandoned,64074.17,19,7,0.23,2,64,inactive,0,0,0
TXN_8167,CUST_1549,29686.86,Wallet,network_error,134669.34,14,1,0.65,12,25,active,1,4,0
TXN_8168,CUST_2989,11016.0,Card,authentication_failed,127712.49,1,6,0.1,4,83,not_applicable,1,4,0
TXN_8169,CUST_2538,29239.52,Wallet,insufficient_funds,44031.22,2,8,0.39,23,73,active,0,4,1
TXN_8170,CUST_1472,7505.61,NetBanking,customer_abandoned,87466.73,21,4,0.93,1,16,inactive,0,4,1
TXN_8171,CUST_2816,36284.17,Card,bank_declined,165546.34,21,8,0.2,23,69,not_applicable,1,2,0
TXN_8172,CUST_2298,37953.71,Card,bank_declined,150908.04,20,4,0.06,1,65,inactive,1,1,1
TXN_8173,CUST_2735,19986.77,UPI,bank_declined,165979.04,19,5,0.42,20,32,not_applicable,0,4,1
TXN_8174,CUST_2014,49830.73,Wallet,network_error,156364.51,21,5,0.67,13,57,inactive,0,4,0
TXN_8175,CUST_1838,3445.27,Wallet,authentication_failed,115054.61,16,1,0.36,9,43,not_applicable,0,4,0
TXN_8176,CUST_2691,34416.69,Card,customer_abandoned,93264.23,9,1,0.75,6,25,inactive,0,1,1
TXN_8177,CUST_2644,7628.08,Card,network_error,92808.16,21,4,0.95,1,66,active,1,2,1
TXN_8178,CUST_1586,10366.89,UPI,card_expired,78868.8,0,8,0.93,9,17,inactive,0,2,0
TXN_8179,CUST_2249,12772.12,UPI,authentication_failed,53182.31,30,2,0.57,2,40,inactive,1,2,0
TXN_8180,CUST_2443,4085.55,NetBanking,customer_abandoned,126207.11,16,2,0.1,18,55,active,0,0,1
TXN_8181,CUST_2617,25399.72,NetBanking,card_expired,99240.06,21,8,0.07,14,3,active,0,4,0
TXN_8182,CUST_1097,21622.88,Wallet,card_expired,82810.12,9,6,0.6,11,19,active,0,1,0
TXN_8183,CUST_1722,850.16,Wallet,card_expired,25919.95,8,4,0.24,7,59,inactive,0,4,0
TXN_8184,CUST_2950,28879.38,Card,customer_abandoned,151768.2,29,0,0.74,13,53,inactive,1,2,0
TXN_8185,CUST_2878,18903.06,Wallet,customer_abandoned,69667.71,29,6,0.83,15,6,active,1,0,1
TXN_8186,CUST_1900,23112.5,UPI,insufficient_funds,39670.8,26,0,0.91,18,47,not_applicable,1,3,1
TXN_8187,CUST_2591,10703.1,NetBanking,card_expired,138710.66,29,8,0.24,16,16,inactive,1,4,1
TXN_8188,CUST_1522,18444.09,Card,network_error,133263.5,2,1,0.35,15,82,active,1,3,1
TXN_8189,CUST_2265,44856.44,UPI,customer_abandoned,157795.75,2,7,0.85,17,10,not_applicable,1,2,0
TXN_8190,CUST_2876,46210.83,UPI,bank_declined,125235.85,17,1,0.87,16,80,inactive,0,1,1
TXN_8191,CUST_2232,10172.2,Card,network_error,122301.47,16,4,0.09,1,64,not_applicable,1,0,1
TXN_8192,CUST_2177,20509.16,NetBanking,network_error,31194.9,2,5,0.98,12,22,active,0,0,0
TXN_8193,CUST_2696,44687.83,UPI,bank_declined,157975.24,28,7,0.69,22,8,not_applicable,1,0,1
TXN_8194,CUST_1889,5394.08,NetBanking,network_error,180212.68,16,5,0.88,18,4,active,0,3,0
TXN_8195,CUST_2887,46373.02,UPI,authentication_failed,111063.61,29,6,0.45,2,38,inactive,0,4,1
TXN_8196,CUST_1168,23260.15,UPI,card_expired,128623.56,25,7,0.37,20,37,active,0,3,0
TXN_8197,CUST_2630,36032.94,Card,network_error,125306.45,20,6,0.51,4,30,active,1,3,0
TXN_8198,CUST_1008,32227.9,UPI,card_expired,181777.35,12,0,0.01,23,47,inactive,0,4,0
TXN_8199,CUST_1263,6076.68,Wallet,network_error,184717.86,18,2,0.66,7,49,active,0,0,0
TXN_8200,CUST_1475,29182.38,NetBanking,card_expired,92884.85,27,1,0.79,8,65,inactive,1,1,1
TXN_8201,CUST_1063,19128.77,Card,customer_abandoned,93788.57,18,8,0.3,12,16,not_applicable,0,0,0
TXN_8202,CUST_2128,3997.45,UPI,card_expired,40398.73,3,6,0.34,22,66,not_applicable,1,1,1
TXN_8203,CUST_1746,9206.62,UPI,card_expired,69981.43,23,5,0.06,16,23,not_applicable,1,1,0
TXN_8204,CUST_2019,30601.42,NetBanking,network_error,173237.78,16,8,0.82,22,67,active,1,2,1
TXN_8205,CUST_2403,6933.99,UPI,authentication_failed,32060.55,16,7,0.97,17,14,not_applicable,0,1,1
TXN_8206,CUST_2163,2224.28,UPI,network_error,28219.07,4,3,0.49,4,70,not_applicable,0,1,1
TXN_8207,CUST_2267,40202.58,Card,customer_abandoned,115070.21,22,7,0.61,10,39,active,0,4,0
TXN_8208,CUST_1967,12877.53,UPI,bank_declined,118291.32,29,5,0.72,9,36,active,1,2,1
TXN_8209,CUST_1995,25296.69,NetBanking,bank_declined,168097.11,6,2,0.15,9,14,active,1,4,0
TXN_8210,CUST_1083,17485.79,Wallet,insufficient_funds,140856.16,25,2,0.02,23,82,inactive,0,2,0
TXN_8211,CUST_2381,5234.6,UPI,insufficient_funds,13888.78,22,7,0.72,3,60,not_applicable,1,4,1
TXN_8212,CUST_2157,44757.3,Wallet,network_error,104411.34,24,5,0.53,23,26,not_applicable,1,0,0
TXN_8213,CUST_1001,16237.54,NetBanking,bank_declined,8345.58,24,4,0.23,10,63,not_applicable,1,1,1
TXN_8214,CUST_2016,16849.38,NetBanking,card_expired,188749.08,14,3,0.8,14,26,active,1,4,0
TXN_8215,CUST_2789,49930.62,NetBanking,card_expired,87322.02,14,2,0.23,8,39,inactive,1,0,0
TXN_8216,CUST_1334,44068.61,Card,network_error,93680.64,29,5,0.51,2,37,not_applicable,0,3,0
TXN_8217,CUST_2223,21080.73,Card,insufficient_funds,78011.97,1,1,0.35,4,44,not_applicable,1,1,1
TXN_8218,CUST_2768,3059.14,NetBanking,customer_abandoned,194457.29,29,0,0.01,4,76,inactive,0,4,1
TXN_8219,CUST_2889,27447.57,NetBanking,card_expired,140786.6,16,7,0.19,0,55,not_applicable,1,0,1
TXN_8220,CUST_1156,44109.69,Card,network_error,28756.55,8,8,0.13,18,50,inactive,0,3,0
TXN_8221,CUST_2713,8170.12,Card,network_error,23018.52,12,2,0.68,8,50,active,0,2,1
TXN_8222,CUST_2474,33384.04,Card,insufficient_funds,172523.92,17,0,0.65,9,85,inactive,1,4,0
TXN_8223,CUST_1583,28721.52,UPI,bank_declined,79332.11,1,5,0.34,3,42,not_applicable,1,4,0
TXN_8224,CUST_1026,46478.67,Wallet,insufficient_funds,148758.98,7,5,0.13,13,81,active,1,0,0
TXN_8225,CUST_2824,15979.33,Wallet,insufficient_funds,195609.72,0,5,0.98,1,7,not_applicable,0,3,0
TXN_8226,CUST_2650,17670.44,UPI,authentication_failed,120283.43,20,5,0.48,7,56,active,0,3,0
TXN_8227,CUST_1989,33054.57,NetBanking,insufficient_funds,67491.6,17,8,0.65,16,39,inactive,1,2,0
TXN_8228,CUST_2345,35040.47,Card,insufficient_funds,133892.09,25,1,0.51,11,37,inactive,0,3,1
TXN_8229,CUST_1612,23102.19,Card,customer_abandoned,24111.52,7,8,0.18,4,66,not_applicable,0,3,0
TXN_8230,CUST_2729,3255.12,Wallet,insufficient_funds,142564.86,1,7,0.37,8,13,not_applicable,1,4,0
TXN_8231,CUST_2607,41015.91,Card,authentication_failed,137047.2,21,7,0.45,23,45,inactive,0,4,0
TXN_8232,CUST_2380,7672.12,Wallet,card_expired,92216.46,20,3,0.89,1,87,inactive,1,2,1
TXN_8233,CUST_2699,28476.1,Wallet,authentication_failed,192375.51,13,1,0.64,12,40,not_applicable,1,0,0
TXN_8234,CUST_2522,35847.01,Card,insufficient_funds,165091.01,1,3,0.59,5,21,active,1,2,0
TXN_8235,CUST_1822,25778.13,Card,insufficient_funds,166175.77,13,6,0.95,15,22,not_applicable,0,3,0
TXN_8236,CUST_2597,30289.59,UPI,authentication_failed,122284.04,20,4,0.78,22,10,not_applicable,0,1,0
TXN_8237,CUST_2755,1458.74,Card,authentication_failed,146938.55,12,3,0.78,23,65,not_applicable,0,1,0
TXN_8238,CUST_1892,35713.41,NetBanking,authentication_failed,9239.17,27,2,0.44,17,6,active,0,2,0
TXN_8239,CUST_1219,46706.96,Card,card_expired,46664.12,23,6,0.58,10,82,not_applicable,0,3,1
TXN_8240,CUST_1947,37645.14,Card,authentication_failed,124159.13,30,2,0.02,11,59,not_applicable,0,3,1
TXN_8241,CUST_1479,38684.8,Wallet,authentication_failed,144847.05,3,2,0.77,7,2,inactive,0,1,0
TXN_8242,CUST_2724,49688.23,NetBanking,card_expired,154386.6,13,0,0.58,1,8,not_applicable,0,4,1
TXN_8243,CUST_2308,45419.1,UPI,card_expired,163098.85,29,3,0.56,0,61,active,0,0,1
TXN_8244,CUST_2289,16502.53,Card,card_expired,50924.72,2,2,0.51,8,80,active,1,2,1
TXN_8245,CUST_2933,12301.87,Card,insufficient_funds,184597.65,1,1,0.56,1,56,not_applicable,1,2,1
TXN_8246,CUST_1365,21838.36,UPI,customer_abandoned,12556.19,11,0,0.88,1,75,not_applicable,0,0,1
TXN_8247,CUST_2244,32158.77,Wallet,insufficient_funds,121879.28,10,8,0.58,0,65,inactive,0,0,1
TXN_8248,CUST_2989,9153.85,UPI,bank_declined,56840.54,0,4,0.52,3,21,active,1,0,0
TXN_8249,CUST_2718,21656.25,UPI,insufficient_funds,41580.59,5,8,0.09,14,42,active,0,3,0
TXN_8250,CUST_1957,21224.66,UPI,card_expired,25948.81,18,0,0.67,18,62,active,0,3,0
TXN_8251,CUST_2262,25499.9,UPI,bank_declined,61931.41,19,3,0.93,15,13,not_applicable,0,0,1
TXN_8252,CUST_1564,21053.93,NetBanking,insufficient_funds,191939.23,9,1,0.32,8,48,not_applicable,0,3,0
TXN_8253,CUST_1651,15904.68,Wallet,insufficient_funds,23024.32,1,5,0.63,17,29,inactive,0,2,1
TXN_8254,CUST_2906,22682.98,UPI,card_expired,125609.13,14,5,0.61,7,53,not_applicable,0,2,0
TXN_8255,CUST_2891,30783.34,Wallet,authentication_failed,52604.3,19,0,0.38,11,23,active,0,2,1
TXN_8256,CUST_1975,43214.03,NetBanking,insufficient_funds,70318.25,25,1,0.64,15,70,active,1,3,1
TXN_8257,CUST_1392,12703.23,Wallet,bank_declined,130037.35,26,0,0.76,20,80,not_applicable,1,4,1
TXN_8258,CUST_2924,16821.47,NetBanking,authentication_failed,182144.04,17,1,0.14,3,69,inactive,1,3,1
TXN_8259,CUST_1973,34539.52,UPI,network_error,138358.79,0,7,0.94,14,46,inactive,1,3,1
TXN_8260,CUST_2862,15148.1,Card,network_error,71328.44,2,0,0.39,22,49,active,0,2,1
TXN_8261,CUST_1353,45684.16,UPI,card_expired,15636.97,0,7,0.7,6,90,not_applicable,1,1,1
TXN_8262,CUST_2150,42201.38,Wallet,authentication_failed,111119.09,4,8,0.73,2,41,not_applicable,1,4,0
TXN_8263,CUST_1043,37304.64,UPI,customer_abandoned,69339.73,14,8,0.9,12,14,inactive,0,0,1
TXN_8264,CUST_2682,15856.29,NetBanking,card_expired,100255.12,8,7,0.78,10,40,active,1,2,1
TXN_8265,CUST_2976,10614.77,UPI,bank_declined,29702.9,9,4,0.3,7,75,inactive,1,3,0
TXN_8266,CUST_2526,26996.35,Card,network_error,86398.38,12,2,0.66,13,27,not_applicable,1,0,1
TXN_8267,CUST_2198,47321.82,UPI,customer_abandoned,52932.8,26,3,0.63,17,29,active,1,4,1
TXN_8268,CUST_2320,14150.58,NetBanking,insufficient_funds,82925.84,10,5,0.37,5,73,not_applicable,0,3,0
TXN_8269,CUST_1944,23917.03,Wallet,customer_abandoned,77945.79,14,1,0.18,6,47,not_applicable,1,0,1
TXN_8270,CUST_2878,21150.01,Wallet,insufficient_funds,27141.77,1,1,0.13,6,13,active,0,3,1
TXN_8271,CUST_2027,35358.38,Wallet,insufficient_funds,188294.9,25,8,0.09,15,84,not_applicable,1,4,0
TXN_8272,CUST_2312,2685.72,Card,authentication_failed,106913.46,27,3,0.62,1,73,active,1,3,0
TXN_8273,CUST_1288,39915.32,NetBanking,authentication_failed,137653.19,9,0,0.99,1,77,not_applicable,0,3,0
TXN_8274,CUST_2933,3009.95,Card,customer_abandoned,55685.94,10,0,0.02,18,34,inactive,1,3,1
TXN_8275,CUST_1007,15267.19,NetBanking,insufficient_funds,110933.6,13,8,0.32,18,3,active,1,2,1
TXN_8276,CUST_2503,7703.0,Card,authentication_failed,64752.82,16,7,0.62,6,58,not_applicable,1,0,1
TXN_8277,CUST_1905,27948.79,UPI,bank_declined,107009.1,28,1,0.04,18,3,active,1,0,0
TXN_8278,CUST_1840,2337.58,UPI,network_error,181340.22,14,2,0.54,6,63,not_applicable,1,1,1
TXN_8279,CUST_1065,22640.2,UPI,bank_declined,199001.91,28,3,0.31,6,7,active,0,2,1
TXN_8280,CUST_1254,5988.49,Wallet,bank_declined,119831.33,14,0,0.09,8,67,inactive,1,0,0
TXN_8281,CUST_1349,45969.25,Card,insufficient_funds,186442.35,7,7,0.11,23,37,not_applicable,1,3,0
TXN_8282,CUST_1246,4945.78,NetBanking,network_error,114831.21,11,0,0.81,6,60,active,1,0,1
TXN_8283,CUST_1021,43615.49,Wallet,bank_declined,160533.2,17,8,0.28,7,65,active,1,4,0
TXN_8284,CUST_1296,469.87,UPI,insufficient_funds,79812.34,4,0,0.24,4,13,inactive,0,3,1
TXN_8285,CUST_2917,20328.91,Card,insufficient_funds,131158.82,15,6,0.73,21,60,not_applicable,1,3,1
TXN_8286,CUST_1641,36815.18,Wallet,insufficient_funds,58543.85,23,8,0.69,13,76,inactive,0,2,1
TXN_8287,CUST_1032,29908.9,UPI,network_error,1162.11,27,7,0.26,7,54,inactive,1,4,1
TXN_8288,CUST_1534,14574.8,Card,customer_abandoned,88165.09,6,1,0.19,20,44,active,0,0,0
TXN_8289,CUST_2795,10512.58,UPI,network_error,111175.82,16,3,0.92,2,29,inactive,1,0,1
TXN_8290,CUST_2856,16238.06,UPI,authentication_failed,113263.98,22,3,0.36,22,52,inactive,0,3,1
TXN_8291,CUST_1838,18954.62,NetBanking,authentication_failed,98598.01,16,1,0.53,16,65,active,1,3,1
TXN_8292,CUST_1044,28238.91,Wallet,insufficient_funds,48591.86,20,7,0.12,2,16,inactive,1,0,1
TXN_8293,CUST_2826,40097.99,Wallet,bank_declined,5570.08,17,4,0.82,18,25,not_applicable,0,3,0
TXN_8294,CUST_2959,25992.82,Card,network_error,3433.61,8,0,0.78,17,25,inactive,1,2,1
TXN_8295,CUST_1424,36426.26,NetBanking,insufficient_funds,4157.78,5,8,0.8,16,42,not_applicable,1,4,0
TXN_8296,CUST_2217,11871.06,UPI,insufficient_funds,54387.36,16,7,0.16,14,13,inactive,1,3,0
TXN_8297,CUST_1773,14256.03,Card,bank_declined,198664.31,15,0,0.58,6,64,active,1,4,1
TXN_8298,CUST_1413,11121.39,Card,insufficient_funds,82329.2,0,7,0.12,23,26,not_applicable,1,2,1
TXN_8299,CUST_2818,16624.85,NetBanking,card_expired,150641.2,14,0,0.37,3,15,active,1,4,1
TXN_8300,CUST_2198,8638.97,Card,authentication_failed,1303.25,19,7,0.59,20,17,active,1,4,1
TXN_8301,CUST_2884,32388.0,Wallet,network_error,18058.98,2,3,0.54,9,68,inactive,1,3,1
TXN_8302,CUST_1089,424.65,UPI,card_expired,34215.53,3,0,0.81,22,79,not_applicable,1,1,0
TXN_8303,CUST_1534,35387.31,NetBanking,card_expired,198320.47,2,1,0.09,10,63,active,0,3,0
TXN_8304,CUST_1687,34281.24,Card,card_expired,140826.3,27,7,0.79,3,88,active,1,4,1
TXN_8305,CUST_1532,18145.91,Wallet,network_error,9549.72,26,6,0.36,11,53,inactive,1,0,0
TXN_8306,CUST_1580,10751.46,Card,customer_abandoned,162184.62,22,1,0.22,20,7,active,1,2,1
TXN_8307,CUST_2194,25453.23,Wallet,card_expired,145565.85,13,4,0.35,11,53,inactive,0,1,0
TXN_8308,CUST_2686,21976.38,UPI,customer_abandoned,35171.21,5,4,0.09,19,70,not_applicable,1,3,0
TXN_8309,CUST_2310,19347.17,NetBanking,insufficient_funds,182641.98,10,5,0.54,15,85,active,0,1,1
TXN_8310,CUST_2961,17514.65,UPI,customer_abandoned,27156.14,19,1,0.59,7,74,inactive,0,4,0
TXN_8311,CUST_2784,40019.69,UPI,card_expired,41038.2,25,8,0.29,5,73,inactive,1,3,0
TXN_8312,CUST_2484,14837.58,Card,card_expired,86192.32,24,0,0.96,15,10,not_applicable,0,1,1
TXN_8313,CUST_2938,39165.41,NetBanking,insufficient_funds,65776.47,26,3,0.14,6,52,inactive,1,4,0
TXN_8314,CUST_1589,12897.74,Card,network_error,117039.95,17,3,0.34,13,60,inactive,1,2,0
TXN_8315,CUST_2004,49428.37,Card,card_expired,69316.38,30,4,0.71,10,57,active,1,2,1
TXN_8316,CUST_1555,9803.68,Wallet,authentication_failed,183683.71,8,7,0.2,5,58,not_applicable,1,0,0
TXN_8317,CUST_1533,17445.72,UPI,customer_abandoned,74049.23,5,8,0.46,2,61,inactive,0,3,0
TXN_8318,CUST_1184,7098.57,Wallet,authentication_failed,11859.35,18,4,0.4,8,39,active,0,4,0
TXN_8319,CUST_1775,34411.28,Card,card_expired,152304.69,8,7,0.85,1,1,inactive,0,4,0
TXN_8320,CUST_2395,45825.93,NetBanking,bank_declined,149911.92,30,4,0.94,15,14,active,0,0,1
TXN_8321,CUST_1903,25043.17,Card,insufficient_funds,198792.19,12,8,0.68,1,68,active,1,4,1
TXN_8322,CUST_1371,1616.65,NetBanking,card_expired,174479.82,7,7,0.7,20,56,inactive,1,2,0
TXN_8323,CUST_1405,1381.48,Card,authentication_failed,52725.39,18,8,0.92,7,73,active,1,2,0
TXN_8324,CUST_2243,45981.51,UPI,bank_declined,89784.01,16,8,0.94,9,14,not_applicable,1,4,0
TXN_8325,CUST_1375,10292.31,NetBanking,network_error,31127.3,26,4,0.99,21,14,active,0,1,1
TXN_8326,CUST_2485,8086.65,NetBanking,network_error,2673.28,14,0,0.29,22,2,inactive,0,3,0
TXN_8327,CUST_2232,26747.07,Card,authentication_failed,126854.58,25,4,0.92,15,30,not_applicable,0,0,1
TXN_8328,CUST_2557,41930.16,Wallet,card_expired,65442.82,15,0,0.98,21,56,active,0,4,1
TXN_8329,CUST_1762,36268.99,UPI,authentication_failed,132452.69,4,2,0.19,12,8,inactive,0,2,0
TXN_8330,CUST_1094,15710.17,NetBanking,bank_declined,19804.08,12,4,0.58,19,64,inactive,0,0,0
TXN_8331,CUST_1974,28023.45,NetBanking,card_expired,109506.72,26,4,0.04,1,89,active,0,3,0
TXN_8332,CUST_1749,25709.63,NetBanking,insufficient_funds,197050.53,9,3,0.88,10,57,not_applicable,0,2,1
TXN_8333,CUST_1191,27195.91,Card,network_error,110987.74,30,7,0.69,0,9,not_applicable,1,1,0
TXN_8334,CUST_1396,39510.65,Wallet,authentication_failed,5969.23,29,2,0.94,21,68,active,0,4,1
TXN_8335,CUST_1254,23860.39,Card,card_expired,183996.28,16,1,0.49,23,10,not_applicable,1,2,1
TXN_8336,CUST_2824,11539.08,UPI,insufficient_funds,116154.68,25,7,0.09,8,28,active,1,1,1
TXN_8337,CUST_2098,16521.75,NetBanking,card_expired,163226.32,5,3,0.11,21,62,inactive,0,1,1
TXN_8338,CUST_1654,20388.79,Wallet,network_error,117962.39,30,2,0.21,18,35,inactive,0,2,1
TXN_8339,CUST_2677,33731.49,Wallet,card_expired,14976.08,27,2,0.82,5,54,inactive,1,1,0
TXN_8340,CUST_2027,3271.35,Card,customer_abandoned,121034.31,7,3,0.59,9,30,active,1,0,0
TXN_8341,CUST_2583,17183.09,Card,card_expired,193816.23,4,2,0.56,21,57,inactive,1,0,1
TXN_8342,CUST_2021,33814.67,NetBanking,authentication_failed,6649.71,6,4,0.08,21,34,not_applicable,0,3,0
TXN_8343,CUST_1448,27772.93,UPI,authentication_failed,26303.18,26,8,0.61,22,10,not_applicable,0,4,0
TXN_8344,CUST_2453,37673.82,Card,bank_declined,49986.33,23,2,0.26,8,14,active,1,1,0
TXN_8345,CUST_1729,44381.5,Wallet,bank_declined,64349.13,5,2,0.82,16,89,not_applicable,0,1,1
TXN_8346,CUST_1063,9922.37,Card,authentication_failed,37058.01,15,4,0.09,19,70,active,0,4,1
TXN_8347,CUST_1360,28982.46,Card,network_error,52532.26,14,7,0.85,17,47,active,1,2,1
TXN_8348,CUST_1703,5137.48,NetBanking,customer_abandoned,129183.74,19,4,0.72,9,34,not_applicable,1,1,0
TXN_8349,CUST_2607,36184.82,Wallet,card_expired,34722.1,15,2,0.32,13,71,active,0,1,0
TXN_8350,CUST_1418,44929.75,NetBanking,authentication_failed,56558.59,6,3,0.02,15,86,inactive,1,3,1
TXN_8351,CUST_2306,18916.88,Card,network_error,66563.25,17,5,0.35,2,29,not_applicable,0,0,1
TXN_8352,CUST_1219,18975.5,Wallet,bank_declined,113719.75,6,1,0.08,4,53,inactive,1,3,1
TXN_8353,CUST_2422,46828.91,Wallet,network_error,186946.92,29,5,0.88,14,4,inactive,1,0,1
TXN_8354,CUST_2681,11133.32,Wallet,insufficient_funds,10847.21,11,1,0.1,20,69,active,0,1,1
TXN_8355,CUST_1475,25243.76,NetBanking,network_error,198657.36,5,5,0.44,10,2,active,0,2,1
TXN_8356,CUST_2561,34788.35,NetBanking,insufficient_funds,36966.06,24,0,0.93,22,31,not_applicable,1,0,1
TXN_8357,CUST_1159,13885.19,Card,network_error,187086.69,6,2,0.63,0,84,not_applicable,0,1,1
TXN_8358,CUST_1065,29049.78,UPI,network_error,149912.14,7,8,0.15,5,16,not_applicable,1,0,1
TXN_8359,CUST_2969,47979.39,Wallet,authentication_failed,113832.93,12,8,0.68,22,82,inactive,1,1,1
TXN_8360,CUST_1001,18803.05,Wallet,insufficient_funds,198573.53,19,6,0.68,9,69,not_applicable,1,1,0
TXN_8361,CUST_2889,33899.16,Wallet,bank_declined,104814.33,30,6,0.11,17,12,not_applicable,0,4,1
TXN_8362,CUST_2165,28262.34,NetBanking,authentication_failed,159373.27,25,1,0.15,2,2,active,1,4,0
TXN_8363,CUST_2330,38354.55,Card,authentication_failed,197672.61,27,3,0.88,10,1,not_applicable,0,1,0
TXN_8364,CUST_2912,12448.26,Wallet,bank_declined,167758.94,6,2,0.17,19,49,not_applicable,1,4,0
TXN_8365,CUST_2524,5594.83,Wallet,card_expired,171661.71,27,2,0.11,1,89,active,0,0,1
TXN_8366,CUST_2735,12369.77,Wallet,bank_declined,114959.82,24,3,0.88,6,21,active,1,4,1
TXN_8367,CUST_1144,27359.67,UPI,customer_abandoned,34131.39,17,6,0.27,12,39,not_applicable,0,0,0
TXN_8368,CUST_1694,20554.95,UPI,customer_abandoned,118476.8,12,4,0.28,22,85,inactive,1,2,0
TXN_8369,CUST_2239,49063.79,Card,card_expired,24910.82,19,6,0.02,11,76,inactive,0,3,0
TXN_8370,CUST_2197,9613.07,UPI,insufficient_funds,71276.17,16,0,0.39,0,36,inactive,0,1,0
TXN_8371,CUST_1383,32976.03,Card,network_error,9081.29,1,0,0.01,16,64,not_applicable,1,1,1
TXN_8372,CUST_2869,15976.78,UPI,card_expired,97420.24,22,4,0.84,19,58,active,0,0,1
TXN_8373,CUST_2980,18889.21,NetBanking,card_expired,66538.25,17,8,0.01,16,82,not_applicable,0,0,1
TXN_8374,CUST_2561,7035.89,Card,authentication_failed,58245.83,22,0,0.13,9,34,active,0,1,1
TXN_8375,CUST_2510,46615.09,Wallet,insufficient_funds,21039.44,13,0,0.44,2,2,not_applicable,1,1,1
TXN_8376,CUST_2528,38567.82,Card,customer_abandoned,128604.0,17,2,0.7,2,16,not_applicable,0,0,1
TXN_8377,CUST_1199,45390.89,NetBanking,insufficient_funds,82501.93,0,6,0.51,1,76,inactive,1,4,0
TXN_8378,CUST_1987,26075.98,UPI,bank_declined,38677.79,30,2,0.32,22,4,not_applicable,1,3,0
TXN_8379,CUST_2706,21687.41,Wallet,network_error,122269.03,21,3,0.12,3,4,active,1,2,1
TXN_8380,CUST_1411,44654.32,UPI,authentication_failed,68207.02,23,4,0.22,4,17,active,1,2,0
TXN_8381,CUST_2522,34628.07,Card,card_expired,21973.58,15,1,0.41,8,61,not_applicable,0,2,0
TXN_8382,CUST_1026,28761.76,Wallet,network_error,124090.88,25,2,0.57,6,29,active,1,2,1
TXN_8383,CUST_1080,16089.31,NetBanking,bank_declined,141984.01,26,4,0.99,16,28,active,1,2,1
TXN_8384,CUST_2529,39573.31,Card,network_error,49975.74,0,1,0.28,12,10,inactive,1,3,1
TXN_8385,CUST_1457,1394.32,UPI,network_error,44268.04,6,7,0.48,5,19,not_applicable,1,3,0
TXN_8386,CUST_1762,31495.57,NetBanking,authentication_failed,39351.69,7,6,0.07,6,76,active,1,0,0
TXN_8387,CUST_1209,26265.33,Card,authentication_failed,112838.37,19,8,0.6,17,13,active,0,4,0
TXN_8388,CUST_1658,12363.02,Wallet,authentication_failed,153145.4,16,2,0.09,5,86,active,0,2,1
TXN_8389,CUST_2084,36994.96,Wallet,card_expired,56665.5,6,4,0.49,4,84,active,0,2,0
TXN_8390,CUST_2860,25398.36,Card,card_expired,69984.5,13,4,0.99,2,2,active,1,2,1
TXN_8391,CUST_2951,31389.77,Card,card_expired,177780.3,28,0,0.64,11,48,inactive,1,3,0
TXN_8392,CUST_1925,28504.55,Wallet,insufficient_funds,99795.68,23,6,0.81,3,80,not_applicable,0,2,1
TXN_8393,CUST_1254,44267.98,Wallet,bank_declined,117672.15,7,4,0.85,5,15,active,1,1,1
TXN_8394,CUST_2263,43476.89,Card,customer_abandoned,24907.37,30,0,0.72,7,90,active,1,4,1
TXN_8395,CUST_1843,34085.51,NetBanking,network_error,126009.76,13,8,0.16,0,19,inactive,1,2,1
TXN_8396,CUST_2521,13933.8,NetBanking,insufficient_funds,112526.93,20,1,0.74,14,54,not_applicable,1,0,1
TXN_8397,CUST_1301,25836.54,NetBanking,network_error,123908.33,30,6,0.3,20,70,inactive,1,3,1
TXN_8398,CUST_1871,26063.11,NetBanking,network_error,37320.9,18,2,0.11,13,47,not_applicable,0,1,1
TXN_8399,CUST_2126,18824.4,Card,network_error,39316.87,26,7,0.03,22,38,inactive,1,4,0
TXN_8400,CUST_1375,29970.15,NetBanking,customer_abandoned,29218.72,9,5,0.6,14,48,active,1,2,1
TXN_8401,CUST_2661,48916.95,Wallet,customer_abandoned,177810.09,17,2,0.81,1,6,active,0,3,1
TXN_8402,CUST_2357,7906.12,Wallet,authentication_failed,89544.57,7,5,0.62,5,86,not_applicable,0,1,1
TXN_8403,CUST_1993,11674.96,Card,customer_abandoned,96449.93,8,2,0.65,1,36,inactive,1,1,0
TXN_8404,CUST_2955,22764.26,NetBanking,card_expired,45798.32,2,7,0.99,20,7,inactive,1,1,0
TXN_8405,CUST_1774,26683.82,Wallet,network_error,44493.3,18,8,0.51,6,5,active,0,0,1
TXN_8406,CUST_1393,10196.58,UPI,bank_declined,55868.73,6,3,0.0,1,62,inactive,0,0,1
TXN_8407,CUST_2304,19435.25,UPI,card_expired,179839.11,29,1,0.04,11,24,active,0,4,0
TXN_8408,CUST_2112,44305.09,NetBanking,insufficient_funds,26202.28,27,5,0.0,11,43,active,1,1,1
TXN_8409,CUST_1994,41211.42,UPI,authentication_failed,160740.1,3,0,0.34,12,25,active,1,2,1
TXN_8410,CUST_1564,25411.76,UPI,network_error,181042.26,12,7,0.06,23,48,inactive,1,1,0
TXN_8411,CUST_2303,8612.87,UPI,customer_abandoned,78932.56,27,6,0.19,10,8,inactive,1,0,1
TXN_8412,CUST_1271,33948.48,Wallet,bank_declined,110031.62,27,4,0.7,15,25,inactive,0,2,1
TXN_8413,CUST_1336,38844.46,UPI,bank_declined,48641.92,3,5,0.43,4,30,not_applicable,1,3,0
TXN_8414,CUST_2929,21536.72,Wallet,insufficient_funds,140636.66,24,0,0.69,0,72,not_applicable,1,2,0
TXN_8415,CUST_2868,15507.5,NetBanking,insufficient_funds,132780.58,13,3,0.37,10,80,inactive,1,1,0
TXN_8416,CUST_2368,17233.98,Card,authentication_failed,121000.63,27,1,0.75,5,24,inactive,1,1,0
TXN_8417,CUST_2985,21952.64,Card,network_error,72736.54,1,6,0.43,4,0,active,1,3,0
TXN_8418,CUST_1114,32730.83,Card,customer_abandoned,186610.64,25,0,0.13,20,63,active,1,1,1
TXN_8419,CUST_1962,44892.67,Card,network_error,20922.79,13,8,0.49,1,30,active,1,4,1
TXN_8420,CUST_2316,45032.57,Wallet,network_error,103356.08,0,7,0.02,22,77,active,1,3,0
TXN_8421,CUST_2318,29377.17,Wallet,insufficient_funds,25647.86,1,5,0.15,10,75,active,0,4,1
TXN_8422,CUST_2186,37559.53,NetBanking,authentication_failed,168711.78,6,4,0.11,8,78,not_applicable,0,3,0
TXN_8423,CUST_1174,41664.78,NetBanking,authentication_failed,144496.43,1,2,0.81,17,56,not_applicable,0,3,1
TXN_8424,CUST_2343,43235.14,Card,card_expired,104572.19,30,5,0.31,10,42,inactive,1,0,0
TXN_8425,CUST_2269,31965.47,NetBanking,customer_abandoned,67727.12,11,0,0.77,16,81,not_applicable,0,3,0
TXN_8426,CUST_1786,38991.7,UPI,card_expired,7367.71,13,3,0.5,8,1,not_applicable,0,3,1
TXN_8427,CUST_2796,4416.11,UPI,network_error,104030.05,18,3,0.16,3,31,active,0,3,0
TXN_8428,CUST_1411,41634.04,NetBanking,bank_declined,186849.53,25,2,0.87,17,3,inactive,0,1,1
TXN_8429,CUST_1364,9325.97,Wallet,bank_declined,61198.02,8,4,0.5,11,65,active,1,2,0
TXN_8430,CUST_2198,39130.95,NetBanking,network_error,46164.97,29,1,0.13,10,20,not_applicable,1,4,1
TXN_8431,CUST_1232,7976.29,NetBanking,authentication_failed,139053.62,3,5,0.58,13,59,inactive,0,3,0
TXN_8432,CUST_2415,3265.48,NetBanking,authentication_failed,192974.81,3,7,0.0,20,88,not_applicable,0,3,0
TXN_8433,CUST_1033,34013.78,UPI,card_expired,9983.27,11,7,0.08,1,50,active,0,4,0
TXN_8434,CUST_2087,29117.34,Card,card_expired,179289.14,8,8,0.56,18,89,inactive,0,2,0
TXN_8435,CUST_1974,17365.48,UPI,network_error,4729.49,15,5,0.02,19,50,inactive,0,0,0
TXN_8436,CUST_2587,5218.36,UPI,card_expired,199958.08,26,1,0.16,21,72,not_applicable,1,4,1
TXN_8437,CUST_1912,47452.88,Wallet,bank_declined,73095.57,25,7,0.73,0,83,inactive,1,0,1
TXN_8438,CUST_1168,15316.56,Wallet,bank_declined,41159.01,12,1,0.82,4,39,inactive,1,1,1
TXN_8439,CUST_1680,14229.59,Wallet,authentication_failed,199794.98,11,1,0.33,4,47,active,1,1,1
TXN_8440,CUST_2027,49503.77,UPI,card_expired,74490.77,12,1,0.37,8,22,active,1,3,1
TXN_8441,CUST_1587,15665.33,Wallet,authentication_failed,47523.43,15,8,0.42,11,15,active,1,4,0
TXN_8442,CUST_1150,2257.83,NetBanking,authentication_failed,75409.29,0,4,0.35,8,48,active,1,4,0
TXN_8443,CUST_2968,32748.94,UPI,insufficient_funds,58708.03,23,2,0.61,14,17,not_applicable,0,3,0
TXN_8444,CUST_1208,10937.77,NetBanking,insufficient_funds,54046.65,3,2,0.17,3,23,not_applicable,0,2,0
TXN_8445,CUST_2069,30997.5,NetBanking,insufficient_funds,134884.95,18,3,0.17,12,81,not_applicable,0,3,1
TXN_8446,CUST_2290,49106.03,Card,insufficient_funds,15806.02,24,3,0.49,22,38,not_applicable,1,3,1
TXN_8447,CUST_1056,2395.86,Wallet,authentication_failed,155876.43,2,8,0.98,5,79,inactive,0,0,0
TXN_8448,CUST_2960,41129.27,Card,authentication_failed,76337.73,30,5,0.14,5,17,active,0,0,0
TXN_8449,CUST_2948,3668.78,UPI,bank_declined,104898.18,29,2,0.02,7,10,active,1,2,0
TXN_8450,CUST_1989,24449.69,Wallet,customer_abandoned,92328.99,23,0,0.2,8,79,not_applicable,0,0,1
TXN_8451,CUST_2618,9175.28,Card,insufficient_funds,147342.63,12,0,0.2,10,29,not_applicable,1,2,1
TXN_8452,CUST_1500,14052.41,Card,authentication_failed,131739.46,8,5,0.54,20,9,active,0,4,0
TXN_8453,CUST_1938,33682.74,NetBanking,card_expired,83728.69,2,0,0.82,14,37,not_applicable,0,2,0
TXN_8454,CUST_2972,27077.89,Wallet,network_error,175535.08,26,4,0.83,5,56,active,0,0,1
TXN_8455,CUST_2197,3515.54,Card,insufficient_funds,113633.27,26,1,0.36,17,71,inactive,0,3,0
TXN_8456,CUST_2304,32391.81,Card,card_expired,129322.88,24,2,0.67,8,7,active,0,3,1
TXN_8457,CUST_1353,5553.14,UPI,insufficient_funds,39150.75,24,6,0.63,17,4,inactive,0,1,0
TXN_8458,CUST_2875,38166.3,UPI,authentication_failed,25856.95,14,5,0.19,20,82,not_applicable,0,3,0
TXN_8459,CUST_2005,25087.33,Card,insufficient_funds,54013.03,16,8,0.41,19,2,inactive,1,2,0
TXN_8460,CUST_2316,1948.2,UPI,customer_abandoned,19890.47,10,6,0.58,11,47,active,1,0,1
TXN_8461,CUST_1102,13085.14,Card,network_error,7754.03,21,7,0.71,2,52,active,1,1,0
TXN_8462,CUST_2640,6994.82,Wallet,network_error,77763.79,10,3,0.16,21,78,not_applicable,1,2,1
TXN_8463,CUST_2797,32443.61,Card,customer_abandoned,193539.76,2,6,0.68,3,9,not_applicable,1,4,1
TXN_8464,CUST_2059,21776.32,UPI,bank_declined,179676.09,24,2,0.21,20,14,not_applicable,1,4,0
TXN_8465,CUST_1369,35155.75,Card,insufficient_funds,74910.26,29,0,0.32,9,86,inactive,0,1,0
TXN_8466,CUST_2853,16740.85,NetBanking,network_error,114939.08,25,8,0.3,19,59,inactive,0,3,1
TXN_8467,CUST_2683,15688.18,Wallet,insufficient_funds,107463.83,3,8,0.02,11,59,active,0,0,1
TXN_8468,CUST_2701,31054.85,UPI,authentication_failed,39255.18,5,0,0.22,15,29,inactive,1,3,0
TXN_8469,CUST_1658,28868.85,NetBanking,customer_abandoned,110114.95,28,7,0.27,3,77,inactive,1,3,0
TXN_8470,CUST_1338,44463.15,UPI,card_expired,9659.58,8,1,0.42,20,29,not_applicable,1,2,0
TXN_8471,CUST_1147,29363.12,Wallet,network_error,4887.53,15,3,0.21,20,61,active,1,1,1
TXN_8472,CUST_1705,28491.36,UPI,network_error,129432.59,30,3,0.16,11,78,not_applicable,0,0,1
TXN_8473,CUST_1320,16557.21,UPI,customer_abandoned,164140.66,11,1,0.19,21,5,active,0,1,1
TXN_8474,CUST_2279,39168.48,Card,customer_abandoned,166086.06,26,4,0.67,16,55,active,0,0,1
TXN_8475,CUST_1198,41170.02,UPI,card_expired,148691.04,28,5,0.7,16,3,inactive,1,0,1
TXN_8476,CUST_1116,2258.92,UPI,card_expired,139377.69,1,4,0.94,22,43,not_applicable,0,4,1
TXN_8477,CUST_1974,41590.63,NetBanking,authentication_failed,109451.47,29,6,0.3,7,66,not_applicable,1,2,1
TXN_8478,CUST_1511,35627.35,NetBanking,customer_abandoned,135396.24,8,6,0.95,17,14,not_applicable,1,3,0
TXN_8479,CUST_1354,2078.91,Card,customer_abandoned,181780.43,21,0,0.16,0,24,inactive,0,3,1
TXN_8480,CUST_1402,43672.9,Wallet,customer_abandoned,62718.14,26,5,0.83,15,4,not_applicable,0,2,1
TXN_8481,CUST_1130,39733.47,UPI,customer_abandoned,14896.14,25,7,0.66,15,69,active,0,3,0
TXN_8482,CUST_2078,24622.15,Card,network_error,137731.08,2,4,0.92,22,38,inactive,1,2,1
TXN_8483,CUST_2971,48068.67,NetBanking,network_error,90273.85,11,3,0.53,2,7,active,0,3,1
TXN_8484,CUST_2773,49281.52,Wallet,authentication_failed,11972.21,19,7,0.36,9,23,inactive,1,3,0
TXN_8485,CUST_2914,19386.93,UPI,bank_declined,183625.85,16,1,0.37,5,47,inactive,0,4,1
TXN_8486,CUST_1200,21224.61,Wallet,bank_declined,171098.99,6,7,0.52,18,32,inactive,1,2,0
TXN_8487,CUST_1019,22522.55,UPI,customer_abandoned,85451.83,29,5,0.26,17,82,inactive,1,4,0
TXN_8488,CUST_2765,9404.05,NetBanking,authentication_failed,67864.11,26,2,0.62,14,20,inactive,1,2,0
TXN_8489,CUST_2736,35644.93,Card,authentication_failed,197408.66,6,2,0.38,8,3,active,0,0,0
TXN_8490,CUST_2999,8289.1,UPI,card_expired,79050.84,5,4,0.73,6,78,inactive,0,2,1
TXN_8491,CUST_1074,9184.5,UPI,insufficient_funds,75898.6,4,3,0.82,18,38,active,1,1,1
TXN_8492,CUST_2377,47883.21,UPI,insufficient_funds,181003.55,28,4,0.15,1,15,inactive,1,2,1
TXN_8493,CUST_2277,20014.83,UPI,authentication_failed,104893.82,5,8,0.52,6,17,inactive,1,0,0
TXN_8494,CUST_1229,6328.39,UPI,authentication_failed,10325.29,22,6,0.85,22,90,inactive,0,1,1
TXN_8495,CUST_2816,5872.68,NetBanking,authentication_failed,43411.35,2,1,0.09,13,73,not_applicable,0,2,1
TXN_8496,CUST_2477,47939.57,Wallet,customer_abandoned,53097.52,17,7,0.3,14,53,active,1,2,0
TXN_8497,CUST_2527,25172.94,Wallet,network_error,136809.73,19,3,0.5,0,88,inactive,0,0,0
TXN_8498,CUST_2914,5084.68,Wallet,authentication_failed,159922.5,5,1,0.33,20,74,not_applicable,0,3,0
TXN_8499,CUST_2236,35470.59,UPI,customer_abandoned,185946.04,25,0,0.72,12,65,not_applicable,1,3,1
TXN_8500,CUST_1595,37563.88,Card,authentication_failed,64874.74,15,3,0.76,9,46,not_applicable,1,3,1
TXN_8501,CUST_1390,26716.68,NetBanking,authentication_failed,107814.49,27,7,0.76,6,12,active,0,1,0
TXN_8502,CUST_1749,16926.05,NetBanking,customer_abandoned,160510.88,19,2,0.81,10,71,inactive,1,2,1
TXN_8503,CUST_1654,35875.84,Wallet,bank_declined,38120.25,9,3,0.09,3,26,active,0,2,0
TXN_8504,CUST_2909,45441.74,Wallet,insufficient_funds,8056.35,6,6,0.83,16,23,active,0,1,1
TXN_8505,CUST_2275,43058.68,UPI,customer_abandoned,168851.91,9,6,0.88,0,66,inactive,1,3,0
TXN_8506,CUST_2996,42165.32,NetBanking,insufficient_funds,36029.02,15,2,0.3,9,67,active,0,4,1
TXN_8507,CUST_1978,37147.17,Wallet,insufficient_funds,31574.98,25,7,0.18,19,2,not_applicable,1,4,1
TXN_8508,CUST_1166,35323.52,NetBanking,customer_abandoned,175200.62,5,7,0.14,14,89,active,0,2,0
TXN_8509,CUST_2505,14229.24,Card,network_error,2926.54,10,0,0.28,14,81,not_applicable,0,3,1
TXN_8510,CUST_1169,4701.76,Card,card_expired,113731.02,1,4,0.38,1,50,active,0,1,0
TXN_8511,CUST_1397,35228.55,Wallet,card_expired,146126.69,20,8,0.83,3,82,not_applicable,1,4,0
TXN_8512,CUST_2275,48436.07,UPI,insufficient_funds,182898.76,25,1,0.55,6,3,inactive,0,3,0
TXN_8513,CUST_1793,251.42,UPI,authentication_failed,142487.91,22,6,0.56,14,14,not_applicable,1,4,1
TXN_8514,CUST_2957,29752.18,Wallet,authentication_failed,198578.36,14,8,0.85,2,48,active,1,3,1
TXN_8515,CUST_2002,16450.37,UPI,bank_declined,30717.86,2,6,0.8,17,22,inactive,1,4,1
TXN_8516,CUST_2009,10651.3,UPI,insufficient_funds,153184.19,14,3,0.58,5,14,active,1,0,1
TXN_8517,CUST_2367,25139.0,Card,insufficient_funds,186296.46,25,5,0.51,3,79,inactive,0,4,1
TXN_8518,CUST_2727,1542.61,Wallet,card_expired,145888.2,14,3,0.95,3,54,inactive,0,2,1
TXN_8519,CUST_2973,16951.72,Card,authentication_failed,129683.45,26,4,0.92,4,55,inactive,1,0,1
TXN_8520,CUST_2688,20244.34,Wallet,authentication_failed,32101.77,27,4,0.5,0,41,inactive,1,0,1
TXN_8521,CUST_1262,47215.76,UPI,network_error,83090.52,3,2,0.57,23,48,not_applicable,1,1,0
TXN_8522,CUST_1962,16138.11,UPI,insufficient_funds,135158.61,8,4,0.76,19,86,not_applicable,1,3,0
TXN_8523,CUST_1207,8300.63,NetBanking,authentication_failed,101079.0,20,2,0.36,15,71,active,0,2,1
TXN_8524,CUST_2220,48673.72,Card,card_expired,100928.45,22,1,0.86,18,62,not_applicable,0,3,0
TXN_8525,CUST_2027,46978.19,Wallet,bank_declined,159091.86,5,1,0.81,10,8,active,0,3,0
TXN_8526,CUST_1136,24333.29,UPI,authentication_failed,119077.51,23,1,0.79,23,17,not_applicable,0,3,1
TXN_8527,CUST_1997,3994.46,NetBanking,network_error,180908.42,21,5,0.94,6,77,not_applicable,0,3,0
TXN_8528,CUST_1876,9418.86,Wallet,card_expired,163864.55,30,2,0.55,13,39,active,1,3,1
TXN_8529,CUST_2579,40758.93,Wallet,network_error,18259.13,6,0,0.61,2,33,active,0,2,1
TXN_8530,CUST_2348,47311.36,Card,network_error,60031.62,21,4,0.21,7,36,active,1,0,0
TXN_8531,CUST_2433,7520.91,Wallet,card_expired,137617.37,24,7,0.3,12,55,inactive,1,4,0
TXN_8532,CUST_2461,30849.35,NetBanking,authentication_failed,84056.49,13,0,0.97,20,40,inactive,1,0,1
TXN_8533,CUST_1469,19630.81,UPI,customer_abandoned,86648.67,0,6,0.63,12,50,active,0,4,0
TXN_8534,CUST_2437,4942.1,Wallet,card_expired,189538.57,19,4,0.42,10,15,active,1,3,0
TXN_8535,CUST_1013,22391.43,UPI,insufficient_funds,44102.54,21,4,0.1,16,1,inactive,0,0,1
TXN_8536,CUST_2810,8416.08,Wallet,customer_abandoned,40337.01,10,5,0.42,21,0,active,1,1,1
TXN_8537,CUST_2397,31481.5,Card,network_error,1019.42,5,3,0.92,15,41,active,1,2,1
TXN_8538,CUST_1429,48200.51,Card,card_expired,72637.28,23,6,0.66,0,20,inactive,1,3,0
TXN_8539,CUST_2933,40869.95,Card,bank_declined,33112.18,27,0,0.33,12,88,not_applicable,0,3,0
TXN_8540,CUST_2667,29767.13,NetBanking,authentication_failed,112366.97,23,4,0.1,22,45,not_applicable,1,0,0
TXN_8541,CUST_2632,46153.17,Card,card_expired,174601.34,24,0,0.59,15,81,active,0,2,1
TXN_8542,CUST_1771,5672.59,NetBanking,insufficient_funds,40851.63,23,0,0.25,13,57,inactive,0,2,1
TXN_8543,CUST_2074,36594.67,Wallet,network_error,92684.35,19,5,0.13,21,16,inactive,0,4,0
TXN_8544,CUST_2014,8215.4,NetBanking,insufficient_funds,150478.32,10,5,0.17,0,58,inactive,1,3,0
TXN_8545,CUST_1529,34701.34,NetBanking,authentication_failed,46411.41,12,3,0.08,18,23,active,1,4,0
TXN_8546,CUST_2633,2804.71,UPI,authentication_failed,117965.96,12,4,0.75,5,35,not_applicable,0,2,1
TXN_8547,CUST_2569,24468.64,Card,network_error,185823.61,11,4,0.47,23,41,active,0,3,0
TXN_8548,CUST_1103,7934.42,UPI,customer_abandoned,142077.85,5,2,0.65,4,54,not_applicable,1,3,1
TXN_8549,CUST_2009,4712.92,Card,network_error,56761.11,12,2,0.13,9,29,inactive,0,3,0
TXN_8550,CUST_2613,21389.1,UPI,bank_declined,182103.1,16,0,0.29,17,78,not_applicable,1,2,1
TXN_8551,CUST_2969,14897.21,Wallet,insufficient_funds,119837.7,9,6,0.85,19,19,not_applicable,0,0,0
TXN_8552,CUST_2736,45748.95,Card,customer_abandoned,49602.18,12,8,0.69,14,46,inactive,1,0,1
TXN_8553,CUST_1349,13770.75,Card,customer_abandoned,6367.01,16,7,0.37,13,62,active,1,2,0
TXN_8554,CUST_1631,45047.61,Wallet,insufficient_funds,190751.53,17,6,0.74,18,37,not_applicable,0,1,0
TXN_8555,CUST_2833,12120.54,UPI,bank_declined,15711.19,1,8,0.8,1,64,inactive,0,4,0
TXN_8556,CUST_2556,34113.21,Card,bank_declined,156148.57,23,5,0.41,20,61,active,1,1,1
TXN_8557,CUST_1956,39772.34,UPI,authentication_failed,91299.36,6,1,0.83,19,10,not_applicable,0,0,0
TXN_8558,CUST_1308,10929.12,NetBanking,customer_abandoned,35030.0,18,5,0.74,7,42,active,0,2,1
TXN_8559,CUST_1244,20289.68,Card,network_error,98931.23,13,6,0.55,22,22,not_applicable,0,3,0
TXN_8560,CUST_2150,18970.46,NetBanking,network_error,59189.88,13,0,0.39,19,0,not_applicable,0,4,1
TXN_8561,CUST_2122,8750.54,NetBanking,bank_declined,79309.5,2,1,0.39,2,15,not_applicable,0,0,0
TXN_8562,CUST_1184,49924.97,NetBanking,insufficient_funds,15651.87,4,6,0.64,2,42,inactive,1,1,0
TXN_8563,CUST_1949,41992.25,Wallet,customer_abandoned,182925.11,28,1,0.4,20,34,active,0,2,0
TXN_8564,CUST_2878,12570.48,NetBanking,card_expired,28873.63,27,8,0.32,17,60,inactive,1,3,0
TXN_8565,CUST_2038,19928.14,UPI,authentication_failed,75218.83,0,4,0.41,19,88,inactive,0,3,0
TXN_8566,CUST_1056,12354.45,NetBanking,customer_abandoned,4696.54,28,1,0.49,23,64,inactive,1,3,0
TXN_8567,CUST_1566,3097.24,UPI,card_expired,27626.48,15,2,0.51,17,13,active,0,1,1
TXN_8568,CUST_1427,43892.15,UPI,bank_declined,35485.2,8,8,0.02,17,51,active,1,3,0
TXN_8569,CUST_2032,49309.54,UPI,card_expired,127140.63,19,5,0.35,11,34,not_applicable,1,4,0
TXN_8570,CUST_2441,24298.93,Wallet,bank_declined,42086.73,26,2,0.65,13,44,inactive,0,0,1
TXN_8571,CUST_1709,13334.17,Wallet,card_expired,14707.66,16,4,0.76,9,24,active,0,4,1
TXN_8572,CUST_1180,42122.1,UPI,network_error,52700.2,1,6,0.65,5,78,not_applicable,0,4,0
TXN_8573,CUST_2482,14661.31,NetBanking,customer_abandoned,131651.28,25,6,0.83,2,24,inactive,0,2,1
TXN_8574,CUST_2623,39962.79,UPI,insufficient_funds,135872.74,28,0,0.35,6,63,inactive,0,0,0
TXN_8575,CUST_2634,25510.53,Card,insufficient_funds,130001.12,19,6,0.5,19,65,inactive,0,0,0
TXN_8576,CUST_2420,42414.09,Wallet,network_error,59646.18,27,5,0.04,14,11,inactive,1,2,0
TXN_8577,CUST_1789,41268.7,Card,customer_abandoned,73945.53,6,4,0.19,15,53,inactive,1,4,0
TXN_8578,CUST_1128,4030.17,NetBanking,bank_declined,85327.2,14,8,0.09,11,79,not_applicable,0,4,0
TXN_8579,CUST_1688,1457.7,UPI,authentication_failed,126218.44,23,8,0.67,0,75,inactive,0,2,0
TXN_8580,CUST_1770,8832.87,UPI,card_expired,21177.39,26,2,0.31,12,51,active,1,0,1
TXN_8581,CUST_1112,32146.2,Card,insufficient_funds,1248.78,11,3,0.71,0,65,inactive,0,1,1
TXN_8582,CUST_1464,22282.44,UPI,card_expired,69337.88,8,6,0.84,15,61,inactive,1,4,0
TXN_8583,CUST_2336,49165.48,Wallet,customer_abandoned,75014.23,0,6,0.91,9,11,active,0,4,0
TXN_8584,CUST_2353,20632.16,UPI,insufficient_funds,93609.45,15,2,0.44,18,78,not_applicable,1,3,1
TXN_8585,CUST_1350,8593.37,Card,bank_declined,173423.98,24,8,0.55,10,44,active,1,3,1
TXN_8586,CUST_1073,231.32,Card,bank_declined,126367.63,6,4,0.41,18,11,inactive,0,0,0
TXN_8587,CUST_1108,37215.85,Card,customer_abandoned,46203.2,20,5,0.2,15,80,active,1,4,1
TXN_8588,CUST_1464,26116.15,Card,customer_abandoned,47494.18,25,4,0.48,18,35,active,1,2,1
TXN_8589,CUST_2004,34603.08,NetBanking,insufficient_funds,1529.56,13,3,0.59,12,71,inactive,0,4,1
TXN_8590,CUST_2276,37300.96,Card,authentication_failed,177956.86,12,3,0.44,12,74,not_applicable,0,2,0
TXN_8591,CUST_2380,5205.79,UPI,insufficient_funds,68030.33,25,5,0.07,4,45,inactive,1,0,1
TXN_8592,CUST_2330,40369.61,Wallet,bank_declined,84030.29,30,0,0.26,13,37,active,0,0,1
TXN_8593,CUST_1707,42576.73,NetBanking,insufficient_funds,175621.56,24,6,0.27,18,54,inactive,0,2,1
TXN_8594,CUST_2047,13006.82,Card,network_error,45800.2,27,8,0.02,5,58,active,1,3,1
TXN_8595,CUST_2561,7582.08,Card,authentication_failed,3461.87,7,0,0.1,1,74,not_applicable,0,1,0
TXN_8596,CUST_1570,33491.24,UPI,insufficient_funds,41321.99,15,7,0.89,3,47,inactive,0,3,0
TXN_8597,CUST_2923,16628.19,Wallet,card_expired,44377.46,3,7,0.25,9,20,active,0,2,0
TXN_8598,CUST_1270,14809.05,UPI,customer_abandoned,172063.87,25,2,0.69,13,76,active,1,0,0
TXN_8599,CUST_2183,5332.46,Wallet,insufficient_funds,91667.71,15,3,0.23,19,79,inactive,1,0,0
TXN_8600,CUST_1476,48514.87,UPI,insufficient_funds,163256.54,25,3,0.04,20,72,not_applicable,1,4,0
TXN_8601,CUST_2065,1526.13,Wallet,card_expired,8993.23,10,4,0.08,3,18,active,0,3,0
TXN_8602,CUST_2777,15279.72,NetBanking,network_error,80690.25,24,7,0.4,9,40,active,1,3,1
TXN_8603,CUST_1073,7156.02,Wallet,bank_declined,32390.38,4,2,0.63,11,52,active,1,0,0
TXN_8604,CUST_1890,7784.83,UPI,card_expired,170600.62,3,2,0.33,2,79,active,1,2,0
TXN_8605,CUST_1271,21080.96,Card,authentication_failed,65217.67,29,1,0.56,9,42,inactive,0,1,0
TXN_8606,CUST_1282,13045.79,Wallet,customer_abandoned,180990.5,8,1,0.31,10,32,inactive,1,1,1
TXN_8607,CUST_1317,17426.62,NetBanking,bank_declined,87608.78,18,2,0.24,4,63,active,0,0,0
TXN_8608,CUST_1963,36886.44,NetBanking,bank_declined,5425.75,2,1,0.06,9,86,not_applicable,1,1,1
TXN_8609,CUST_2245,44452.46,Wallet,authentication_failed,101711.35,26,3,0.49,4,81,not_applicable,1,2,1
TXN_8610,CUST_1394,7008.66,UPI,card_expired,131086.13,24,1,0.48,20,55,inactive,0,2,0
TXN_8611,CUST_2426,1602.13,UPI,customer_abandoned,118952.38,27,0,0.56,23,74,not_applicable,0,3,1
TXN_8612,CUST_2110,33874.13,Wallet,insufficient_funds,176151.91,2,7,0.89,4,9,inactive,0,4,0
TXN_8613,CUST_2764,6957.96,NetBanking,customer_abandoned,126426.45,25,7,0.87,9,33,active,0,0,1
TXN_8614,CUST_1650,27940.37,NetBanking,customer_abandoned,23884.91,7,1,0.03,21,20,active,0,3,0
TXN_8615,CUST_1612,34124.3,Card,card_expired,120530.95,4,7,0.86,5,38,not_applicable,1,2,0
TXN_8616,CUST_2788,5352.49,UPI,card_expired,173042.55,16,3,0.5,9,61,inactive,1,4,0
TXN_8617,CUST_2197,36934.03,NetBanking,card_expired,178986.34,22,3,0.69,4,40,active,1,3,1
TXN_8618,CUST_2322,14196.61,NetBanking,card_expired,58466.3,5,6,0.86,14,8,inactive,1,4,0
TXN_8619,CUST_1523,11784.72,Card,bank_declined,105308.2,3,4,0.69,11,36,not_applicable,1,1,0
TXN_8620,CUST_1798,32779.83,UPI,bank_declined,9386.83,10,3,0.3,16,46,inactive,1,4,1
TXN_8621,CUST_2024,7552.52,NetBanking,authentication_failed,45217.61,18,1,0.88,23,81,not_applicable,0,1,0
TXN_8622,CUST_2906,24996.04,NetBanking,network_error,42967.79,14,4,0.34,8,78,not_applicable,1,4,0
TXN_8623,CUST_1684,7850.1,Card,customer_abandoned,96867.07,19,1,0.41,3,8,active,0,4,0
TXN_8624,CUST_2679,5367.48,Card,card_expired,22192.92,23,1,0.96,5,13,inactive,0,3,1
TXN_8625,CUST_1859,21365.62,Card,bank_declined,158010.1,30,1,0.66,18,58,active,0,0,1
TXN_8626,CUST_1303,14904.27,Card,card_expired,63416.63,3,2,0.6,13,41,active,0,0,1
TXN_8627,CUST_1113,46183.08,Wallet,bank_declined,158217.23,25,8,0.86,17,84,not_applicable,1,0,0
TXN_8628,CUST_2842,40083.71,UPI,bank_declined,67243.37,8,8,0.22,9,4,inactive,0,4,0
TXN_8629,CUST_2800,34509.46,UPI,insufficient_funds,77927.03,17,6,0.85,13,52,inactive,0,2,0
TXN_8630,CUST_2737,28512.85,Card,authentication_failed,91861.82,7,6,0.84,4,18,active,0,4,0
TXN_8631,CUST_2998,6537.73,Card,network_error,169285.87,8,6,0.73,18,44,inactive,1,3,0
TXN_8632,CUST_2897,44453.71,NetBanking,customer_abandoned,70940.2,29,2,0.63,0,46,inactive,1,0,0
TXN_8633,CUST_1957,9298.16,Card,card_expired,57685.5,11,7,0.92,19,11,inactive,0,4,0
TXN_8634,CUST_2396,8761.37,UPI,network_error,96443.48,28,7,0.09,5,53,not_applicable,0,2,0
TXN_8635,CUST_1381,5097.44,Card,card_expired,123694.94,1,6,0.34,13,18,inactive,0,2,1
TXN_8636,CUST_2616,29531.56,UPI,network_error,78272.92,0,1,0.98,4,4,active,1,0,1
TXN_8637,CUST_1974,28931.54,NetBanking,authentication_failed,197924.09,16,2,0.69,4,18,inactive,0,2,1
TXN_8638,CUST_2049,1701.35,NetBanking,authentication_failed,5251.27,19,3,0.04,2,63,not_applicable,1,4,1
TXN_8639,CUST_1964,48978.04,Wallet,card_expired,67567.28,8,0,0.29,11,29,not_applicable,1,3,0
TXN_8640,CUST_2420,16524.1,Wallet,network_error,74659.84,14,0,0.75,21,24,inactive,0,3,0
TXN_8641,CUST_2158,37362.08,Wallet,network_error,129648.55,26,2,0.77,17,5,active,1,3,1
TXN_8642,CUST_2804,23839.91,UPI,customer_abandoned,67834.43,30,4,0.28,21,51,not_applicable,1,0,0
TXN_8643,CUST_1180,47969.28,Card,card_expired,116629.89,10,7,0.91,16,18,active,0,4,0
TXN_8644,CUST_1556,39744.09,Wallet,insufficient_funds,170866.93,29,8,0.63,7,39,active,1,1,0
TXN_8645,CUST_1770,29536.66,Card,authentication_failed,48866.84,11,3,0.22,12,39,inactive,0,2,1
TXN_8646,CUST_2103,45333.55,Wallet,network_error,15401.22,14,4,0.6,10,72,not_applicable,1,0,0
TXN_8647,CUST_2026,5858.56,Card,network_error,24237.17,16,0,0.37,17,74,not_applicable,0,4,1
TXN_8648,CUST_2557,9995.88,Card,card_expired,40540.14,0,7,0.13,19,49,inactive,1,4,0
TXN_8649,CUST_2567,34437.47,UPI,network_error,140884.31,26,5,0.53,11,16,inactive,0,4,1
TXN_8650,CUST_2977,44038.59,UPI,customer_abandoned,191568.6,5,5,0.39,10,17,inactive,0,0,1
TXN_8651,CUST_2554,38167.45,Card,insufficient_funds,68654.61,17,7,0.11,6,60,inactive,0,1,1
TXN_8652,CUST_1963,6908.97,Wallet,insufficient_funds,59461.39,30,3,0.5,7,17,active,1,4,0
TXN_8653,CUST_2583,46318.76,Card,customer_abandoned,119054.77,12,3,0.67,1,25,not_applicable,0,4,0
TXN_8654,CUST_2688,34395.9,NetBanking,authentication_failed,88120.23,23,6,0.86,14,34,active,1,0,1
TXN_8655,CUST_1597,23466.77,Card,card_expired,87084.96,12,2,0.81,23,70,not_applicable,0,3,1
TXN_8656,CUST_2499,16431.09,NetBanking,insufficient_funds,95530.55,13,0,0.71,22,75,inactive,1,0,0
TXN_8657,CUST_2094,24735.66,UPI,customer_abandoned,22669.81,21,6,0.37,21,79,not_applicable,1,0,0
TXN_8658,CUST_2732,20934.48,Card,insufficient_funds,38124.59,18,1,0.04,8,20,not_applicable,1,3,1
TXN_8659,CUST_1410,49637.59,UPI,network_error,183922.12,8,6,0.68,17,49,not_applicable,0,4,1
TXN_8660,CUST_2996,12860.81,Wallet,bank_declined,124864.45,12,1,0.06,1,58,not_applicable,0,1,0
TXN_8661,CUST_1924,48496.63,Wallet,authentication_failed,172298.66,8,1,0.53,15,54,inactive,1,4,0
TXN_8662,CUST_2826,47200.55,Card,card_expired,43987.5,28,1,0.79,13,18,inactive,0,2,1
TXN_8663,CUST_2279,43859.68,UPI,bank_declined,20572.55,30,1,0.18,16,46,inactive,0,1,0
TXN_8664,CUST_1485,8821.4,Card,authentication_failed,32452.81,26,3,0.56,3,51,inactive,0,4,1
TXN_8665,CUST_1096,13496.52,UPI,card_expired,168386.5,14,2,0.81,21,39,not_applicable,1,0,1
TXN_8666,CUST_2513,32363.48,NetBanking,insufficient_funds,9047.8,23,5,0.37,2,25,active,1,2,1
TXN_8667,CUST_1670,7585.19,NetBanking,card_expired,78542.21,30,0,0.35,20,1,active,1,4,1
TXN_8668,CUST_2777,29945.01,Card,customer_abandoned,182706.91,0,5,0.15,15,82,active,0,4,0
TXN_8669,CUST_2396,26776.93,Card,customer_abandoned,1204.4,4,6,0.79,7,0,active,0,3,0
TXN_8670,CUST_2033,24454.47,Card,customer_abandoned,73136.7,15,1,0.37,20,52,inactive,0,4,0
TXN_8671,CUST_1564,900.01,Wallet,insufficient_funds,17625.61,4,5,0.51,20,62,not_applicable,0,1,0
TXN_8672,CUST_1386,38960.25,Card,insufficient_funds,55622.55,21,6,0.1,0,25,active,0,2,1
TXN_8673,CUST_1824,17919.2,Card,customer_abandoned,8028.01,2,1,0.14,9,2,active,0,2,0
TXN_8674,CUST_1429,15592.98,UPI,authentication_failed,160276.95,25,0,0.84,9,7,active,1,3,1
TXN_8675,CUST_1147,6284.6,Wallet,network_error,127198.33,17,1,0.8,5,88,not_applicable,0,1,0
TXN_8676,CUST_1270,439.13,Card,bank_declined,83321.94,29,5,0.73,8,17,not_applicable,0,1,0
TXN_8677,CUST_2370,3208.07,UPI,customer_abandoned,136442.29,15,7,0.29,16,14,inactive,0,0,0
TXN_8678,CUST_2492,24506.22,NetBanking,card_expired,32472.52,15,6,0.74,11,83,inactive,1,3,1
TXN_8679,CUST_2702,42119.18,UPI,network_error,76136.17,13,2,0.01,2,88,inactive,0,3,1
TXN_8680,CUST_1447,23443.8,NetBanking,insufficient_funds,139108.24,21,2,0.38,2,36,active,0,0,1
TXN_8681,CUST_1772,26260.75,UPI,insufficient_funds,33831.49,27,4,0.62,2,5,not_applicable,1,2,1
TXN_8682,CUST_1658,40415.14,NetBanking,authentication_failed,138431.63,5,0,0.11,0,87,not_applicable,1,0,0
TXN_8683,CUST_2418,35154.47,Card,bank_declined,18315.33,8,5,0.79,3,48,active,1,3,0
TXN_8684,CUST_1681,25203.93,Card,network_error,188171.7,0,2,0.57,6,65,not_applicable,1,4,0
TXN_8685,CUST_2658,439.07,Card,card_expired,27549.31,20,3,0.58,5,31,not_applicable,1,3,0
TXN_8686,CUST_1900,18255.08,UPI,authentication_failed,184719.96,17,5,0.33,6,38,active,1,0,0
TXN_8687,CUST_2016,28478.8,UPI,insufficient_funds,105966.21,6,5,0.48,16,68,active,0,0,0
TXN_8688,CUST_1764,45447.31,NetBanking,bank_declined,90709.85,4,4,0.53,17,73,not_applicable,0,0,1
TXN_8689,CUST_2792,3476.04,Wallet,insufficient_funds,156476.34,6,0,0.51,3,51,active,0,2,0
TXN_8690,CUST_2577,38623.4,UPI,insufficient_funds,174945.78,22,2,0.39,2,84,active,1,0,0
TXN_8691,CUST_1102,13015.96,UPI,network_error,132406.79,22,1,0.1,1,90,active,1,3,1
TXN_8692,CUST_1547,4878.58,Wallet,customer_abandoned,64557.11,19,7,0.03,14,65,active,0,2,1
TXN_8693,CUST_2170,15895.57,Card,insufficient_funds,147538.84,13,3,0.05,23,76,active,1,4,1
TXN_8694,CUST_1482,20459.37,NetBanking,bank_declined,77147.66,14,4,0.13,18,3,not_applicable,1,3,1
TXN_8695,CUST_1613,14293.54,Wallet,insufficient_funds,144485.38,15,7,0.22,3,40,inactive,1,2,1
TXN_8696,CUST_2068,19449.14,Wallet,bank_declined,180279.6,7,2,0.34,4,33,inactive,1,1,0
TXN_8697,CUST_1218,25899.32,UPI,bank_declined,105432.8,29,8,0.12,19,78,inactive,0,4,0
TXN_8698,CUST_2262,39196.43,Card,customer_abandoned,8314.41,20,2,0.49,12,25,inactive,0,0,1
TXN_8699,CUST_2226,34466.73,Card,network_error,8453.8,5,0,0.59,9,65,active,1,0,1
TXN_8700,CUST_1228,13332.4,NetBanking,card_expired,100437.17,2,7,0.91,6,69,active,0,0,0
TXN_8701,CUST_2349,8547.53,Wallet,card_expired,134180.76,23,3,0.37,22,80,active,1,3,1
TXN_8702,CUST_1201,49872.96,NetBanking,customer_abandoned,197387.46,5,5,0.35,17,74,not_applicable,1,3,0
TXN_8703,CUST_2801,45244.04,Card,authentication_failed,19341.36,1,3,0.45,3,49,not_applicable,1,1,0
TXN_8704,CUST_2718,14814.65,UPI,authentication_failed,198846.64,24,8,0.73,11,82,not_applicable,1,0,0
TXN_8705,CUST_1936,41468.19,Card,bank_declined,98443.55,7,1,0.87,18,2,not_applicable,1,3,0
TXN_8706,CUST_2434,11257.65,Card,bank_declined,50210.05,12,8,0.54,22,55,not_applicable,1,2,0
TXN_8707,CUST_2402,7441.27,Wallet,insufficient_funds,198930.96,2,5,0.9,22,88,not_applicable,1,1,1
TXN_8708,CUST_2821,44587.99,Card,customer_abandoned,187157.08,20,7,0.68,1,79,not_applicable,1,2,0
TXN_8709,CUST_1974,44111.89,Wallet,customer_abandoned,113991.6,25,2,0.13,1,6,not_applicable,1,1,1
TXN_8710,CUST_1849,22351.46,UPI,authentication_failed,187138.43,18,6,0.66,8,28,inactive,0,4,1
TXN_8711,CUST_1360,37903.83,UPI,insufficient_funds,62662.32,17,7,0.72,15,52,inactive,0,1,1
TXN_8712,CUST_2791,20466.48,NetBanking,customer_abandoned,161412.28,8,1,0.61,2,47,active,0,4,1
TXN_8713,CUST_1220,12809.71,Card,customer_abandoned,150200.02,15,0,0.2,14,24,inactive,1,1,1
TXN_8714,CUST_1105,21733.38,Wallet,customer_abandoned,111738.7,25,2,0.14,15,16,inactive,1,3,0
TXN_8715,CUST_2907,33378.5,UPI,authentication_failed,112147.63,18,6,0.55,15,33,inactive,0,3,0
TXN_8716,CUST_1132,47199.86,Wallet,card_expired,186979.37,7,2,0.36,11,17,inactive,1,2,0
TXN_8717,CUST_1681,27789.43,Wallet,bank_declined,20025.65,29,7,0.3,13,85,not_applicable,0,0,0
TXN_8718,CUST_1333,11247.14,UPI,insufficient_funds,128062.6,27,5,0.38,13,41,not_applicable,1,2,0
TXN_8719,CUST_2917,44389.84,Card,insufficient_funds,174955.59,23,4,0.86,0,61,not_applicable,1,1,1
TXN_8720,CUST_2284,2943.42,Card,authentication_failed,22241.66,14,2,0.28,21,57,active,1,2,1
TXN_8721,CUST_2241,43711.88,Card,card_expired,197285.28,11,2,0.82,9,21,active,1,2,1
TXN_8722,CUST_2134,29472.34,Card,card_expired,154211.75,22,2,0.95,17,75,active,0,3,0
TXN_8723,CUST_1128,7815.2,UPI,network_error,33607.81,6,7,0.58,16,9,not_applicable,0,4,0
TXN_8724,CUST_1883,45521.34,Card,authentication_failed,122716.82,6,5,0.68,8,24,inactive,1,3,0
TXN_8725,CUST_2423,24992.54,UPI,card_expired,86801.78,26,8,0.71,9,7,active,1,0,1
TXN_8726,CUST_2778,48831.09,NetBanking,authentication_failed,134370.43,28,8,0.66,14,0,inactive,0,4,1
TXN_8727,CUST_1406,49760.72,UPI,authentication_failed,40366.32,20,7,0.81,7,16,active,0,2,1
TXN_8728,CUST_1208,22906.47,NetBanking,insufficient_funds,20936.9,19,6,0.62,4,24,active,1,2,1
TXN_8729,CUST_1052,31472.08,NetBanking,customer_abandoned,135914.19,23,3,0.62,17,78,not_applicable,0,1,1
TXN_8730,CUST_2980,41864.26,Card,card_expired,110785.55,14,8,0.49,15,26,not_applicable,0,2,1
TXN_8731,CUST_2526,14247.04,UPI,bank_declined,106078.03,26,8,0.68,5,78,not_applicable,1,4,0
TXN_8732,CUST_2531,17776.56,UPI,bank_declined,160536.05,30,8,0.24,17,1,inactive,1,0,0
TXN_8733,CUST_1716,31568.47,NetBanking,network_error,134561.31,15,4,0.73,12,38,active,0,3,0
TXN_8734,CUST_1407,19703.69,UPI,insufficient_funds,141619.75,13,3,0.73,12,37,inactive,0,2,1
TXN_8735,CUST_2648,48411.08,Wallet,insufficient_funds,173178.62,9,2,0.29,16,80,active,1,4,1
TXN_8736,CUST_2838,35918.25,UPI,authentication_failed,86865.24,4,4,0.86,20,34,inactive,1,1,1
TXN_8737,CUST_1400,32941.92,Wallet,network_error,44947.23,24,3,0.41,16,2,inactive,1,0,1
TXN_8738,CUST_1232,36709.69,Card,insufficient_funds,124060.51,6,7,0.09,13,1,inactive,0,4,0
TXN_8739,CUST_2835,23705.07,UPI,customer_abandoned,147609.86,15,7,0.74,0,42,inactive,1,1,1
TXN_8740,CUST_1204,5934.93,UPI,authentication_failed,59287.78,1,2,0.25,15,8,active,1,1,1
TXN_8741,CUST_2680,9081.32,Card,bank_declined,93519.32,11,7,0.67,16,36,active,0,1,0
TXN_8742,CUST_1304,49962.1,Card,card_expired,190631.51,2,1,0.72,7,89,not_applicable,1,4,1
TXN_8743,CUST_2312,37984.58,UPI,authentication_failed,172658.37,12,6,0.95,0,60,active,1,0,1
TXN_8744,CUST_2415,20883.89,NetBanking,network_error,92632.43,5,4,0.66,2,52,not_applicable,1,4,1
TXN_8745,CUST_2957,43540.17,NetBanking,bank_declined,91785.94,22,3,0.36,23,49,not_applicable,0,0,0
TXN_8746,CUST_2990,11671.19,NetBanking,card_expired,45178.96,23,4,0.72,0,46,active,1,3,1
TXN_8747,CUST_2723,20030.51,NetBanking,authentication_failed,59184.98,5,3,0.17,1,87,not_applicable,0,0,0
TXN_8748,CUST_1964,18738.22,Card,bank_declined,92984.6,11,6,0.2,11,9,active,0,3,1
TXN_8749,CUST_2974,15804.13,Card,network_error,69200.92,14,4,0.25,21,41,active,0,4,1
TXN_8750,CUST_1768,23232.47,Card,bank_declined,106403.72,23,1,0.97,14,70,active,0,3,0
TXN_8751,CUST_1201,30508.69,NetBanking,card_expired,8741.79,27,2,0.61,14,30,inactive,0,1,1
TXN_8752,CUST_2865,35546.18,Wallet,card_expired,78625.45,28,8,0.84,13,14,inactive,0,3,1
TXN_8753,CUST_2151,20913.81,UPI,card_expired,92650.5,24,8,0.59,6,43,not_applicable,0,3,0
TXN_8754,CUST_2038,46373.91,UPI,insufficient_funds,87166.99,24,5,0.17,4,38,not_applicable,1,0,1
TXN_8755,CUST_1384,11035.65,NetBanking,network_error,29562.33,30,8,0.56,6,46,inactive,0,0,0
TXN_8756,CUST_2537,28521.18,UPI,customer_abandoned,131645.62,27,3,0.12,20,80,inactive,1,4,0
TXN_8757,CUST_2622,17915.23,Wallet,insufficient_funds,194700.35,9,4,0.05,9,2,active,1,3,0
TXN_8758,CUST_2196,47098.92,Wallet,authentication_failed,196715.74,17,4,0.82,7,10,inactive,0,1,1
TXN_8759,CUST_1993,28111.62,UPI,insufficient_funds,80624.48,0,7,0.81,9,55,inactive,1,0,0
TXN_8760,CUST_1831,9936.72,NetBanking,card_expired,98349.82,0,2,0.16,20,0,active,1,4,0
TXN_8761,CUST_2533,41056.28,Wallet,bank_declined,141199.46,20,2,0.44,6,20,active,1,1,0
TXN_8762,CUST_2707,6970.54,UPI,customer_abandoned,52807.38,9,2,0.49,4,35,inactive,0,2,0
TXN_8763,CUST_1320,4874.72,NetBanking,authentication_failed,80091.23,10,0,0.94,2,25,inactive,1,1,0
TXN_8764,CUST_1605,23352.15,NetBanking,insufficient_funds,29289.55,17,3,0.18,4,6,active,1,4,1
TXN_8765,CUST_2392,10582.7,Wallet,bank_declined,17512.14,4,1,0.67,18,28,active,1,4,0
TXN_8766,CUST_1609,14635.71,NetBanking,customer_abandoned,156010.73,12,4,0.78,7,12,active,0,4,1
TXN_8767,CUST_1237,4916.97,Card,insufficient_funds,183775.41,18,7,0.67,13,83,inactive,0,2,0
TXN_8768,CUST_2009,30561.68,UPI,customer_abandoned,81599.28,22,7,0.64,16,54,active,0,4,0
TXN_8769,CUST_2516,24325.06,Card,network_error,147440.54,18,7,0.61,19,24,inactive,0,1,1
TXN_8770,CUST_2167,3362.14,NetBanking,authentication_failed,61696.84,0,7,0.43,8,18,inactive,0,0,0
TXN_8771,CUST_1916,32607.85,NetBanking,insufficient_funds,39826.48,3,7,0.7,15,44,inactive,1,2,1
TXN_8772,CUST_1066,6303.53,Card,customer_abandoned,130510.44,2,6,0.96,20,88,not_applicable,0,2,0
TXN_8773,CUST_1937,45474.21,Card,network_error,121603.54,13,4,0.59,23,1,not_applicable,1,4,1
TXN_8774,CUST_1013,37440.18,UPI,card_expired,96176.34,0,0,0.72,6,72,active,0,4,1
TXN_8775,CUST_1943,26237.44,UPI,customer_abandoned,53465.22,9,7,0.14,12,43,not_applicable,1,2,0
TXN_8776,CUST_2790,43360.04,NetBanking,insufficient_funds,25592.04,17,8,0.38,17,64,inactive,0,1,0
TXN_8777,CUST_2643,43286.24,Wallet,card_expired,96061.01,2,3,1.0,0,39,active,0,4,1
TXN_8778,CUST_2337,42561.09,NetBanking,authentication_failed,20635.78,4,6,0.25,0,36,inactive,0,0,0
TXN_8779,CUST_2663,23234.74,Wallet,card_expired,143939.21,27,8,0.17,9,28,active,0,0,0
TXN_8780,CUST_1750,30768.98,Wallet,card_expired,46832.24,25,4,0.48,6,77,not_applicable,1,3,0
TXN_8781,CUST_2740,34062.58,Card,customer_abandoned,108721.96,11,2,0.65,7,64,active,1,2,1
TXN_8782,CUST_1969,14002.29,NetBanking,card_expired,160470.75,22,2,0.72,20,77,not_applicable,1,2,1
TXN_8783,CUST_2653,31444.36,Wallet,bank_declined,19714.79,10,3,0.86,16,29,inactive,0,3,0
TXN_8784,CUST_2864,29565.53,NetBanking,customer_abandoned,183800.43,29,4,0.17,2,24,not_applicable,0,3,1
TXN_8785,CUST_2310,48152.79,NetBanking,bank_declined,62691.78,7,2,0.02,18,62,not_applicable,0,0,1
TXN_8786,CUST_1380,448.32,Card,card_expired,174634.2,3,2,0.06,7,86,not_applicable,1,0,1
TXN_8787,CUST_2346,18921.49,Card,card_expired,41464.79,20,2,0.9,16,64,not_applicable,1,0,0
TXN_8788,CUST_2388,17087.98,Card,customer_abandoned,57546.47,23,6,0.74,0,7,not_applicable,1,1,0
TXN_8789,CUST_1125,35820.94,Wallet,insufficient_funds,128357.86,0,8,0.23,9,13,active,1,4,1
TXN_8790,CUST_2863,37508.13,Wallet,network_error,103937.58,21,7,0.51,10,24,active,0,4,1
TXN_8791,CUST_1804,41430.99,Card,customer_abandoned,148709.65,20,7,0.86,15,26,inactive,1,1,1
TXN_8792,CUST_1238,31269.99,Wallet,authentication_failed,171059.79,10,7,0.23,5,21,not_applicable,0,2,0
TXN_8793,CUST_2442,31070.55,Card,network_error,183114.11,19,1,0.02,14,37,active,0,4,1
TXN_8794,CUST_2860,11799.08,UPI,customer_abandoned,65995.92,17,6,0.28,19,11,not_applicable,0,4,0
TXN_8795,CUST_1109,44292.45,UPI,network_error,127758.59,9,5,0.24,10,89,active,1,2,0
TXN_8796,CUST_2306,31639.08,Card,network_error,44573.46,27,0,0.36,0,32,active,0,1,1
TXN_8797,CUST_2504,36972.67,Card,card_expired,115739.89,27,6,0.14,5,71,inactive,1,0,1
TXN_8798,CUST_1140,15446.37,Wallet,authentication_failed,154547.99,4,7,0.65,15,83,active,0,4,0
TXN_8799,CUST_2217,10697.22,Card,customer_abandoned,27051.07,23,1,0.24,21,28,not_applicable,1,2,1
TXN_8800,CUST_2191,30890.86,UPI,card_expired,120157.84,13,5,0.59,14,9,inactive,1,1,1
TXN_8801,CUST_2208,40757.75,Card,insufficient_funds,182796.99,19,0,0.23,2,4,active,1,2,1
TXN_8802,CUST_1556,4008.98,UPI,bank_declined,24908.35,24,7,0.65,8,36,not_applicable,1,0,0
TXN_8803,CUST_2803,37940.77,Card,authentication_failed,85709.82,2,7,0.13,3,61,inactive,1,2,1
TXN_8804,CUST_2230,4236.13,UPI,network_error,38603.96,19,2,0.28,7,18,not_applicable,1,1,0
TXN_8805,CUST_1480,20901.31,Wallet,card_expired,100840.0,12,2,0.77,6,3,not_applicable,1,3,1
TXN_8806,CUST_1821,42086.89,Card,customer_abandoned,97800.26,1,7,0.97,5,49,inactive,0,0,1
TXN_8807,CUST_2803,20128.13,NetBanking,authentication_failed,76873.09,24,5,0.93,5,90,not_applicable,0,4,0
TXN_8808,CUST_1891,31109.54,Card,bank_declined,151808.3,7,5,0.56,12,27,not_applicable,1,4,0
TXN_8809,CUST_2007,16028.85,NetBanking,card_expired,112031.03,4,4,0.02,6,37,not_applicable,0,4,0
TXN_8810,CUST_2705,37814.56,Card,bank_declined,33682.57,4,6,0.06,18,20,inactive,0,2,1
TXN_8811,CUST_1521,30901.97,NetBanking,authentication_failed,36139.22,6,0,0.81,8,14,active,1,2,0
TXN_8812,CUST_1690,16772.55,Wallet,insufficient_funds,75863.06,2,3,0.16,20,58,inactive,0,4,1
TXN_8813,CUST_1797,25499.43,Wallet,bank_declined,111846.8,20,6,0.88,12,68,active,1,1,1
TXN_8814,CUST_1634,3439.46,NetBanking,customer_abandoned,33154.22,22,7,0.03,3,2,inactive,0,3,0
TXN_8815,CUST_2050,31730.59,UPI,network_error,42949.58,11,5,0.15,1,22,inactive,1,3,0
TXN_8816,CUST_1274,47666.75,Card,card_expired,139007.4,2,4,0.59,13,87,inactive,0,0,0
TXN_8817,CUST_1310,21708.86,UPI,network_error,18791.77,12,5,1.0,15,73,inactive,1,3,0
TXN_8818,CUST_1714,31110.51,UPI,customer_abandoned,117965.67,6,4,0.5,7,37,not_applicable,1,3,0
TXN_8819,CUST_2920,11396.88,Wallet,customer_abandoned,110356.96,12,2,0.07,7,50,not_applicable,1,3,0
TXN_8820,CUST_2378,28084.6,Card,network_error,184042.6,17,6,0.91,3,23,active,1,2,1
TXN_8821,CUST_2274,5458.97,Wallet,network_error,117032.46,24,6,0.85,15,82,inactive,0,2,0
TXN_8822,CUST_2268,43043.05,NetBanking,insufficient_funds,135845.01,12,2,0.2,11,10,not_applicable,0,0,1
TXN_8823,CUST_1710,2471.04,NetBanking,network_error,122803.28,10,2,0.04,19,18,inactive,0,1,1
TXN_8824,CUST_1829,35652.29,Card,bank_declined,16842.55,21,8,0.91,0,90,inactive,1,3,0
TXN_8825,CUST_1961,45231.48,Card,card_expired,180420.4,17,3,0.2,18,43,not_applicable,0,1,1
TXN_8826,CUST_2280,6817.85,Wallet,authentication_failed,155220.62,12,2,0.5,21,49,active,0,2,0
TXN_8827,CUST_2871,10489.94,UPI,card_expired,137985.16,10,0,0.99,6,88,not_applicable,1,4,1
TXN_8828,CUST_2993,3531.82,NetBanking,insufficient_funds,118096.45,9,1,0.18,5,2,active,0,4,0
TXN_8829,CUST_1049,16814.54,Wallet,network_error,53954.71,30,7,0.79,7,53,not_applicable,1,1,1
TXN_8830,CUST_2385,36674.64,Card,network_error,4231.56,29,4,0.01,14,53,active,0,2,1
TXN_8831,CUST_1700,11045.99,NetBanking,authentication_failed,75423.57,30,7,0.61,6,64,inactive,0,0,1
TXN_8832,CUST_2063,17785.04,UPI,insufficient_funds,12076.12,26,0,0.19,11,18,active,0,2,0
TXN_8833,CUST_1042,34999.02,Wallet,network_error,158249.96,23,6,0.12,15,66,inactive,0,4,0
TXN_8834,CUST_2088,5701.08,Wallet,network_error,171576.66,9,5,0.21,6,31,not_applicable,0,3,0
TXN_8835,CUST_1464,25856.7,Card,insufficient_funds,109333.59,1,7,0.2,20,38,inactive,1,0,0
TXN_8836,CUST_1395,2250.72,UPI,insufficient_funds,198700.98,15,7,0.03,14,24,not_applicable,1,1,0
TXN_8837,CUST_1482,16299.91,Wallet,bank_declined,166493.45,2,4,0.26,9,11,active,1,2,1
TXN_8838,CUST_1982,997.07,UPI,card_expired,16696.98,14,2,0.61,1,78,not_applicable,0,2,1
TXN_8839,CUST_1335,34743.3,NetBanking,insufficient_funds,157292.84,4,0,0.85,19,67,inactive,1,2,1
TXN_8840,CUST_1639,22829.88,Wallet,network_error,189469.21,27,0,0.77,0,36,inactive,1,4,1
TXN_8841,CUST_1941,25174.76,UPI,insufficient_funds,184553.74,4,8,0.44,0,71,inactive,0,1,1
TXN_8842,CUST_1561,24842.6,UPI,insufficient_funds,22255.52,12,3,0.15,17,53,active,0,0,1
TXN_8843,CUST_1018,9846.21,Card,insufficient_funds,178829.21,3,5,0.65,6,43,not_applicable,0,3,0
TXN_8844,CUST_2996,31120.91,UPI,insufficient_funds,77921.32,25,5,0.22,13,4,not_applicable,1,1,1
TXN_8845,CUST_2610,25790.01,NetBanking,insufficient_funds,96738.88,19,6,1.0,4,69,inactive,0,4,0
TXN_8846,CUST_1535,42720.85,NetBanking,network_error,172606.47,9,6,0.23,19,3,not_applicable,1,3,0
TXN_8847,CUST_2186,48783.44,Card,card_expired,85753.48,5,1,0.0,17,25,not_applicable,1,3,0
TXN_8848,CUST_1850,31003.09,NetBanking,card_expired,155441.56,16,3,0.94,6,41,inactive,0,2,0
TXN_8849,CUST_1230,47012.78,NetBanking,insufficient_funds,7392.9,14,8,0.71,12,30,active,0,3,1
TXN_8850,CUST_2061,9458.88,Wallet,authentication_failed,160263.4,24,8,0.42,20,46,inactive,1,4,1
TXN_8851,CUST_1787,2217.51,Wallet,customer_abandoned,160633.99,6,7,0.14,22,76,not_applicable,1,3,0
TXN_8852,CUST_2094,23919.85,UPI,customer_abandoned,79722.4,30,8,0.49,10,88,not_applicable,1,3,1
TXN_8853,CUST_1714,32903.71,Card,insufficient_funds,58771.57,29,6,0.17,6,88,not_applicable,1,4,0
TXN_8854,CUST_1974,22636.89,Wallet,customer_abandoned,120657.59,8,8,0.27,0,15,active,1,0,1
TXN_8855,CUST_2330,5013.17,UPI,authentication_failed,112530.22,9,2,0.62,21,48,inactive,0,0,0
TXN_8856,CUST_1321,41317.97,Card,insufficient_funds,123470.99,11,8,0.65,7,41,not_applicable,1,3,0
TXN_8857,CUST_2580,45488.75,UPI,customer_abandoned,139091.59,17,3,0.38,11,17,inactive,0,3,0
TXN_8858,CUST_1500,3645.98,Card,network_error,33906.81,12,0,0.99,13,90,not_applicable,1,0,1
TXN_8859,CUST_1814,44944.49,Card,bank_declined,34943.3,0,1,0.43,21,60,not_applicable,0,3,1
TXN_8860,CUST_2990,4647.5,UPI,insufficient_funds,119202.87,19,8,0.92,22,7,not_applicable,1,3,1
TXN_8861,CUST_2439,42315.77,UPI,network_error,171330.95,20,3,0.65,23,23,active,0,1,1
TXN_8862,CUST_1883,36560.86,Wallet,customer_abandoned,195698.51,29,3,0.53,12,89,inactive,1,0,1
TXN_8863,CUST_1167,28716.21,Wallet,card_expired,138431.46,3,1,0.21,2,21,active,0,3,1
TXN_8864,CUST_1346,29412.9,Card,insufficient_funds,122857.63,12,3,0.31,2,62,inactive,0,4,0
TXN_8865,CUST_2216,31210.15,Card,authentication_failed,117660.36,18,2,0.34,21,57,active,0,2,1
TXN_8866,CUST_2857,17427.5,UPI,authentication_failed,98486.78,22,5,0.97,17,50,active,1,2,0
TXN_8867,CUST_1894,42601.81,Card,card_expired,101624.26,25,2,0.53,12,54,active,1,1,1
TXN_8868,CUST_2190,36080.19,Wallet,network_error,84895.22,26,3,0.74,18,2,inactive,1,1,1
TXN_8869,CUST_2355,5515.01,Wallet,network_error,35437.68,6,3,0.81,16,80,not_applicable,0,1,1
TXN_8870,CUST_1303,13291.29,UPI,insufficient_funds,185944.25,5,3,0.66,20,60,active,1,0,1
TXN_8871,CUST_2278,7264.9,Card,insufficient_funds,55201.12,9,1,0.59,14,85,active,0,3,1
TXN_8872,CUST_1230,13797.37,Card,card_expired,174257.77,18,3,0.11,6,70,active,1,2,1
TXN_8873,CUST_2293,48526.2,NetBanking,customer_abandoned,27814.23,20,7,0.89,11,10,not_applicable,1,1,0
TXN_8874,CUST_1493,3747.05,NetBanking,authentication_failed,97257.66,18,7,0.52,4,44,active,1,3,1
TXN_8875,CUST_2457,21113.12,UPI,card_expired,89905.96,4,2,0.11,21,28,inactive,0,4,0
TXN_8876,CUST_1033,10623.76,Card,insufficient_funds,16429.12,7,4,1.0,12,39,inactive,0,4,0
TXN_8877,CUST_1020,7138.55,UPI,bank_declined,140198.58,21,3,0.82,7,73,inactive,0,1,1
TXN_8878,CUST_2417,5359.13,Card,customer_abandoned,18944.59,13,5,0.05,1,78,active,0,1,1
TXN_8879,CUST_2080,29456.83,UPI,authentication_failed,132898.52,9,8,0.51,19,28,not_applicable,1,2,1
TXN_8880,CUST_1683,27378.75,UPI,card_expired,183830.64,27,0,0.49,1,49,inactive,0,1,0
TXN_8881,CUST_1581,20427.28,Wallet,authentication_failed,87609.56,23,0,0.85,12,80,active,1,2,1
TXN_8882,CUST_1810,28289.4,UPI,card_expired,145540.96,3,7,0.75,9,60,active,1,3,0
TXN_8883,CUST_1368,22458.42,Card,bank_declined,52895.71,27,0,0.91,13,69,not_applicable,1,3,1
TXN_8884,CUST_1305,39969.71,Wallet,bank_declined,7301.46,29,3,0.23,17,53,inactive,1,0,1
TXN_8885,CUST_1910,33611.55,Card,customer_abandoned,64546.83,9,2,0.04,3,68,active,0,0,0
TXN_8886,CUST_1813,13032.35,Card,card_expired,36033.45,23,7,0.2,18,75,not_applicable,1,1,1
TXN_8887,CUST_2984,20660.48,NetBanking,card_expired,81630.67,21,0,0.97,10,52,inactive,0,3,0
TXN_8888,CUST_1459,46390.14,NetBanking,card_expired,60513.56,12,7,0.4,10,49,inactive,0,4,0
TXN_8889,CUST_2845,27349.33,UPI,bank_declined,117265.21,7,0,0.25,6,50,active,0,0,0
TXN_8890,CUST_2827,24876.65,NetBanking,customer_abandoned,2401.67,13,0,0.59,23,42,active,0,0,0
TXN_8891,CUST_1199,12598.29,NetBanking,insufficient_funds,8536.33,1,8,0.81,23,60,active,1,2,0
TXN_8892,CUST_2785,3920.52,Wallet,card_expired,187669.32,14,1,0.36,13,58,inactive,0,0,0
TXN_8893,CUST_1739,32477.08,Card,customer_abandoned,178158.62,26,5,0.79,8,10,inactive,1,1,1
TXN_8894,CUST_1481,3365.58,Wallet,bank_declined,105623.18,5,4,0.13,14,36,active,1,4,0
TXN_8895,CUST_2204,47736.05,UPI,authentication_failed,59656.7,27,5,0.49,19,62,inactive,1,2,0
TXN_8896,CUST_1183,31528.37,NetBanking,network_error,39575.14,21,5,0.26,12,27,not_applicable,0,3,1
TXN_8897,CUST_1060,40585.68,Card,card_expired,158048.75,20,8,0.77,21,70,not_applicable,1,4,0
TXN_8898,CUST_2964,36471.65,Wallet,authentication_failed,78053.76,26,4,0.1,3,88,inactive,0,3,0
TXN_8899,CUST_2566,8017.29,Card,customer_abandoned,78779.48,22,5,0.3,4,66,not_applicable,0,4,0
TXN_8900,CUST_1021,18140.87,Card,card_expired,141412.34,3,4,0.51,6,84,not_applicable,0,1,1
TXN_8901,CUST_1715,4642.17,Card,insufficient_funds,137854.13,0,2,0.67,18,88,not_applicable,0,2,1
TXN_8902,CUST_1331,18640.44,Wallet,authentication_failed,61782.16,22,8,0.17,1,69,inactive,0,2,0
TXN_8903,CUST_1484,25144.35,NetBanking,network_error,167704.88,15,0,0.28,18,74,inactive,1,0,1
TXN_8904,CUST_2544,13679.21,Wallet,insufficient_funds,21084.47,12,1,0.93,7,15,not_applicable,0,0,0
TXN_8905,CUST_1940,15493.74,UPI,network_error,50150.58,20,2,0.91,12,54,inactive,1,2,1
TXN_8906,CUST_2548,30068.82,Card,card_expired,183284.75,28,3,0.51,7,67,inactive,1,2,1
TXN_8907,CUST_1818,11021.68,UPI,insufficient_funds,184565.88,14,5,0.02,9,76,not_applicable,1,3,0
TXN_8908,CUST_2672,39508.26,UPI,customer_abandoned,167780.11,30,1,0.48,14,1,inactive,1,2,1
TXN_8909,CUST_2331,30025.27,UPI,bank_declined,53491.83,29,3,0.26,12,15,inactive,1,0,0
TXN_8910,CUST_2407,7797.87,Card,insufficient_funds,2098.77,29,3,0.34,4,12,not_applicable,0,3,0
TXN_8911,CUST_2644,35283.51,Wallet,insufficient_funds,156441.94,9,1,0.66,11,50,active,0,0,0
TXN_8912,CUST_2893,33320.86,Wallet,card_expired,55033.78,13,0,0.38,14,48,not_applicable,1,0,0
TXN_8913,CUST_1862,3371.98,NetBanking,customer_abandoned,59769.74,28,0,0.41,20,54,inactive,0,0,1
TXN_8914,CUST_1689,24375.46,NetBanking,bank_declined,143908.24,11,1,0.47,23,17,not_applicable,0,3,1
TXN_8915,CUST_2600,19077.89,Card,authentication_failed,105548.97,8,2,0.0,17,79,not_applicable,0,0,0
TXN_8916,CUST_2729,43341.99,Wallet,network_error,67381.7,25,4,0.25,19,60,active,1,4,1
TXN_8917,CUST_2529,4028.63,Card,card_expired,106789.42,10,5,0.3,15,38,not_applicable,1,4,0
TXN_8918,CUST_1222,39589.11,Card,card_expired,132730.84,29,7,0.45,11,74,not_applicable,0,1,0
TXN_8919,CUST_1523,38366.25,NetBanking,authentication_failed,149410.97,5,3,0.19,17,68,active,1,0,0
TXN_8920,CUST_1813,17477.02,NetBanking,network_error,38320.92,23,7,0.01,11,55,not_applicable,0,4,0
TXN_8921,CUST_2286,40431.39,Card,bank_declined,109638.17,20,7,0.34,13,66,active,1,1,0
TXN_8922,CUST_1675,37017.72,Wallet,customer_abandoned,71531.13,18,7,0.47,11,80,active,0,0,0
TXN_8923,CUST_1663,29894.82,NetBanking,network_error,71925.01,6,6,0.43,15,83,inactive,0,0,0
TXN_8924,CUST_1444,31657.22,Wallet,insufficient_funds,114920.6,13,2,0.42,19,36,not_applicable,1,2,1
TXN_8925,CUST_1952,31086.03,Card,network_error,176035.92,4,4,0.77,11,41,not_applicable,1,3,0
TXN_8926,CUST_2227,7039.86,Wallet,bank_declined,45281.49,2,1,0.54,19,36,not_applicable,0,1,0
TXN_8927,CUST_2469,1824.03,Card,network_error,81055.37,24,3,0.29,19,72,inactive,0,0,1
TXN_8928,CUST_1638,47663.32,NetBanking,network_error,48452.37,3,5,0.13,21,73,not_applicable,1,3,0
TXN_8929,CUST_2348,40335.57,UPI,authentication_failed,143254.77,8,4,0.13,10,79,inactive,1,0,0
TXN_8930,CUST_1539,37392.42,UPI,authentication_failed,55648.66,28,7,0.98,14,39,active,1,0,1
TXN_8931,CUST_2698,9681.2,Card,network_error,171902.88,8,0,0.32,10,31,inactive,0,4,0
TXN_8932,CUST_1452,16439.32,Card,card_expired,153871.25,14,6,0.17,18,89,inactive,0,0,0
TXN_8933,CUST_1666,1638.56,Wallet,card_expired,165498.7,3,8,0.34,13,35,inactive,0,1,0
TXN_8934,CUST_2346,29036.67,Wallet,insufficient_funds,141293.38,26,6,0.81,19,9,inactive,1,4,0
TXN_8935,CUST_2156,40633.81,Card,customer_abandoned,93511.32,22,4,0.1,11,82,active,0,3,1
TXN_8936,CUST_2452,27426.98,UPI,authentication_failed,120891.44,25,0,0.94,11,40,inactive,1,0,1
TXN_8937,CUST_1113,378.62,Wallet,authentication_failed,174252.55,16,7,0.28,7,0,not_applicable,0,4,0
TXN_8938,CUST_1854,10323.84,Card,insufficient_funds,60099.73,26,5,0.69,23,52,not_applicable,0,1,0
TXN_8939,CUST_2883,31393.82,Wallet,bank_declined,164891.56,1,7,0.34,13,18,not_applicable,0,3,0
TXN_8940,CUST_1174,38901.64,Card,customer_abandoned,143309.52,25,8,0.54,17,22,inactive,0,0,0
TXN_8941,CUST_1040,20434.35,Wallet,authentication_failed,87193.91,14,2,0.35,11,38,active,1,3,1
TXN_8942,CUST_2576,6358.22,NetBanking,authentication_failed,193523.37,29,8,0.78,23,9,inactive,0,0,0
TXN_8943,CUST_1571,2223.12,Card,card_expired,142549.33,26,8,0.73,2,17,inactive,1,1,0
TXN_8944,CUST_1231,12759.91,Wallet,network_error,17462.29,9,2,0.92,21,61,not_applicable,1,1,1
TXN_8945,CUST_1979,36104.42,Wallet,card_expired,13071.27,8,2,0.76,14,44,not_applicable,0,2,1
TXN_8946,CUST_1051,34809.76,Wallet,bank_declined,106936.27,26,0,0.96,23,42,not_applicable,0,4,1
TXN_8947,CUST_2307,14673.23,NetBanking,card_expired,14832.27,3,6,0.88,9,56,active,1,4,0
TXN_8948,CUST_2837,26794.98,NetBanking,authentication_failed,27160.12,25,8,0.49,14,43,active,1,0,0
TXN_8949,CUST_1989,15856.02,Card,card_expired,154665.6,17,4,0.06,11,48,not_applicable,0,1,0
TXN_8950,CUST_1283,41167.35,UPI,customer_abandoned,181554.15,29,7,0.75,2,4,not_applicable,0,1,1
TXN_8951,CUST_2916,30065.32,UPI,authentication_failed,29139.32,8,0,0.12,6,25,inactive,1,3,0
TXN_8952,CUST_1734,42570.27,Card,card_expired,14382.38,12,7,0.11,17,29,inactive,1,2,0
TXN_8953,CUST_1560,10988.77,UPI,customer_abandoned,122751.81,17,6,0.21,15,81,not_applicable,0,1,0
TXN_8954,CUST_2031,27324.19,Card,card_expired,172576.83,22,1,0.69,22,12,not_applicable,1,3,1
TXN_8955,CUST_2591,13390.13,Wallet,customer_abandoned,177309.75,8,7,0.38,10,85,not_applicable,0,1,1
TXN_8956,CUST_1729,23611.66,Wallet,network_error,54303.67,7,8,0.26,16,85,active,0,1,0
TXN_8957,CUST_1914,4042.61,UPI,network_error,186081.18,29,7,0.27,15,58,inactive,0,0,1
TXN_8958,CUST_2090,11741.75,NetBanking,card_expired,1598.58,18,8,0.69,10,7,inactive,1,0,0
TXN_8959,CUST_2303,40501.26,Card,card_expired,9161.14,13,8,0.93,2,86,active,1,3,0
TXN_8960,CUST_2606,45662.19,Card,network_error,22319.16,21,3,0.74,4,2,active,1,2,1
TXN_8961,CUST_1769,17973.74,UPI,card_expired,16749.34,2,4,0.6,23,75,active,0,1,0
TXN_8962,CUST_2098,25113.98,Wallet,customer_abandoned,121237.51,14,3,0.73,3,84,not_applicable,1,0,0
TXN_8963,CUST_2712,13078.68,NetBanking,authentication_failed,65155.57,30,2,0.34,20,53,not_applicable,1,0,1
TXN_8964,CUST_1241,46597.78,NetBanking,customer_abandoned,194890.43,30,8,0.95,1,22,active,0,1,0
TXN_8965,CUST_1188,49549.77,NetBanking,customer_abandoned,75813.2,24,2,0.95,3,85,not_applicable,0,4,1
TXN_8966,CUST_2917,8506.15,Wallet,insufficient_funds,10047.57,4,4,0.21,19,19,active,0,4,1
TXN_8967,CUST_2475,31621.67,NetBanking,customer_abandoned,45646.9,7,5,0.74,23,76,inactive,0,0,0
TXN_8968,CUST_2581,41109.89,UPI,network_error,159038.03,10,7,0.97,4,61,active,0,0,1
TXN_8969,CUST_1852,45339.99,NetBanking,authentication_failed,68879.43,9,5,0.42,13,24,active,1,2,0
TXN_8970,CUST_1590,31382.51,UPI,customer_abandoned,198957.91,11,3,0.6,13,0,inactive,1,3,1
TXN_8971,CUST_2037,12825.91,UPI,bank_declined,80283.92,8,0,0.5,19,66,inactive,0,0,0
TXN_8972,CUST_1922,48845.67,Wallet,card_expired,145411.03,20,6,0.48,4,19,not_applicable,0,1,1
TXN_8973,CUST_2479,23425.38,NetBanking,customer_abandoned,4427.84,25,6,0.54,15,13,not_applicable,1,2,1
TXN_8974,CUST_1853,49062.25,UPI,customer_abandoned,9117.78,14,3,0.51,4,57,inactive,0,0,1
TXN_8975,CUST_2349,7534.9,Wallet,network_error,122482.2,23,6,0.23,14,83,inactive,0,0,0
TXN_8976,CUST_1203,25758.51,NetBanking,network_error,44424.36,25,6,0.49,12,74,not_applicable,1,1,1
TXN_8977,CUST_1705,43150.73,Wallet,insufficient_funds,3523.0,14,1,0.01,4,35,active,1,3,0
TXN_8978,CUST_1783,48678.69,NetBanking,customer_abandoned,171330.76,4,0,0.25,21,44,inactive,0,1,0
TXN_8979,CUST_2405,31343.0,NetBanking,network_error,164704.91,3,8,0.36,1,24,not_applicable,0,2,0
TXN_8980,CUST_2293,5862.93,Card,network_error,31412.46,3,0,0.57,9,40,not_applicable,0,3,0
TXN_8981,CUST_1122,10182.1,Wallet,customer_abandoned,47700.73,1,0,0.44,23,58,inactive,0,3,0
TXN_8982,CUST_2416,25038.57,Wallet,bank_declined,185806.21,24,2,0.02,5,9,inactive,0,3,1
TXN_8983,CUST_1838,41808.53,Wallet,network_error,63179.71,26,4,0.13,16,8,not_applicable,0,0,1
TXN_8984,CUST_2447,32230.76,UPI,network_error,110894.64,6,6,0.23,16,34,active,1,1,0
TXN_8985,CUST_2898,36801.77,Card,network_error,56009.33,2,8,0.75,18,12,active,1,2,1
TXN_8986,CUST_2836,33795.85,Wallet,bank_declined,24590.46,14,2,0.69,14,18,not_applicable,1,4,0
TXN_8987,CUST_1230,28666.22,NetBanking,customer_abandoned,35320.31,3,4,0.73,14,48,active,0,4,0
TXN_8988,CUST_1075,8354.35,Card,network_error,37643.16,26,7,0.04,1,76,inactive,1,0,0
TXN_8989,CUST_2141,49049.53,Wallet,network_error,155901.16,21,7,0.86,2,52,inactive,0,4,1
TXN_8990,CUST_1253,5981.71,NetBanking,network_error,112245.05,1,4,0.98,21,86,not_applicable,0,1,1
TXN_8991,CUST_2200,18769.42,Card,network_error,30083.71,28,3,0.15,4,18,not_applicable,0,1,1
TXN_8992,CUST_2242,35719.13,Wallet,authentication_failed,7332.04,25,8,0.85,0,9,active,1,3,1
TXN_8993,CUST_1309,44451.94,UPI,authentication_failed,182692.35,13,7,0.02,7,68,not_applicable,1,3,1
TXN_8994,CUST_1988,18381.22,NetBanking,insufficient_funds,173986.94,19,6,0.19,11,26,inactive,1,3,0
TXN_8995,CUST_1051,2303.8,Card,authentication_failed,8975.12,27,2,0.94,15,38,not_applicable,0,2,0
TXN_8996,CUST_1474,26538.32,Card,authentication_failed,105566.18,30,7,0.75,21,40,active,1,1,1
TXN_8997,CUST_1028,38117.28,Card,card_expired,97516.67,26,6,0.64,1,13,inactive,1,3,1
TXN_8998,CUST_2880,23618.65,UPI,bank_declined,84262.53,2,1,0.91,20,69,not_applicable,0,3,1
TXN_8999,CUST_1107,49621.69,Card,card_expired,110621.74,23,2,0.34,9,64,not_applicable,0,1,1
TXN_9000,CUST_1771,1801.41,UPI,bank_declined,145619.0,28,3,0.23,14,34,inactive,1,3,1
TXN_9001,CUST_2320,45837.96,Wallet,network_error,190092.51,24,3,0.0,18,38,active,0,4,1
TXN_9002,CUST_2975,41885.16,Card,network_error,107752.6,10,8,0.81,8,90,not_applicable,0,3,0
TXN_9003,CUST_1902,22187.05,NetBanking,authentication_failed,72437.6,9,7,0.46,19,23,active,1,0,0
TXN_9004,CUST_1170,18421.24,Card,bank_declined,155222.67,20,6,0.9,14,45,not_applicable,1,3,0
TXN_9005,CUST_2709,48252.98,Wallet,card_expired,124922.32,7,7,0.88,3,88,active,0,2,0
TXN_9006,CUST_1242,12649.81,Wallet,insufficient_funds,64882.8,17,7,0.3,3,53,inactive,0,4,0
TXN_9007,CUST_2651,43423.23,UPI,network_error,84303.82,1,3,0.96,21,56,inactive,0,1,1
TXN_9008,CUST_1670,7005.89,Card,bank_declined,109635.04,4,8,0.99,3,54,not_applicable,1,2,1
TXN_9009,CUST_1492,193.28,NetBanking,bank_declined,186682.9,10,4,0.23,5,81,not_applicable,1,1,0
TXN_9010,CUST_1570,25802.5,NetBanking,customer_abandoned,65761.32,27,7,0.28,11,25,not_applicable,1,4,1
TXN_9011,CUST_2410,45605.1,Card,customer_abandoned,103113.83,1,1,0.26,9,66,active,0,1,0
TXN_9012,CUST_2976,7913.16,Wallet,authentication_failed,104928.09,26,2,0.31,11,86,not_applicable,1,4,0
TXN_9013,CUST_1840,22812.85,NetBanking,insufficient_funds,149491.67,12,6,0.89,0,15,active,1,2,1
TXN_9014,CUST_1689,36192.28,Wallet,bank_declined,73450.02,3,1,0.5,11,3,active,1,2,0
TXN_9015,CUST_1757,36410.15,UPI,authentication_failed,85480.73,21,0,0.54,21,87,not_applicable,0,3,1
TXN_9016,CUST_1818,31636.68,UPI,bank_declined,128872.35,13,7,0.78,15,84,active,0,1,1
TXN_9017,CUST_2973,26191.93,Wallet,insufficient_funds,191926.92,1,8,0.36,8,27,not_applicable,0,0,0
TXN_9018,CUST_2852,30100.28,Wallet,card_expired,45002.77,23,3,0.56,15,67,active,0,3,0
TXN_9019,CUST_2198,29031.69,UPI,insufficient_funds,120873.46,19,7,0.42,21,67,inactive,0,0,0
TXN_9020,CUST_2180,12348.37,UPI,network_error,66853.54,6,0,0.5,22,84,not_applicable,0,3,0
TXN_9021,CUST_1676,39163.44,UPI,network_error,142098.01,17,0,0.27,0,34,inactive,0,0,1
TXN_9022,CUST_1668,108.98,Card,bank_declined,119747.05,15,0,0.21,0,78,active,1,4,0
TXN_9023,CUST_1921,18018.36,UPI,network_error,192437.69,28,0,0.69,5,1,active,1,2,0
TXN_9024,CUST_2927,7322.48,NetBanking,insufficient_funds,15584.34,20,1,0.01,23,69,inactive,0,0,0
TXN_9025,CUST_2336,15080.12,NetBanking,card_expired,92441.48,18,4,0.39,4,28,active,1,2,0
TXN_9026,CUST_2359,15567.25,NetBanking,card_expired,107555.12,20,3,1.0,8,77,active,0,1,1
TXN_9027,CUST_2320,27608.45,UPI,card_expired,101003.08,21,4,0.8,6,0,active,1,4,1
TXN_9028,CUST_2346,8604.86,Card,card_expired,151064.54,22,0,0.42,6,51,not_applicable,0,1,0
TXN_9029,CUST_1276,32243.55,Card,network_error,113304.28,28,6,0.07,23,74,active,1,3,1
TXN_9030,CUST_2941,34333.41,NetBanking,bank_declined,128374.31,15,3,0.27,0,77,not_applicable,0,0,0
TXN_9031,CUST_2717,16150.59,UPI,customer_abandoned,31293.96,14,8,0.99,0,71,inactive,1,3,1
TXN_9032,CUST_1984,20797.87,NetBanking,bank_declined,187247.37,6,3,0.09,9,81,not_applicable,0,1,0
TXN_9033,CUST_1718,34154.31,Wallet,authentication_failed,36416.44,9,3,0.92,14,5,active,0,4,1
TXN_9034,CUST_2556,15387.72,UPI,card_expired,177879.08,6,6,0.04,2,26,inactive,0,3,0
TXN_9035,CUST_2444,46784.58,NetBanking,insufficient_funds,171221.21,13,0,0.36,10,7,active,0,2,1
TXN_9036,CUST_1199,10605.98,UPI,network_error,103387.07,7,7,0.6,17,36,inactive,1,1,0
TXN_9037,CUST_1844,20736.22,Card,bank_declined,166247.04,28,3,0.44,0,31,inactive,0,3,0
TXN_9038,CUST_2606,47747.53,UPI,card_expired,53988.83,14,3,0.8,5,16,inactive,0,3,0
TXN_9039,CUST_1276,21216.32,Wallet,insufficient_funds,98594.09,4,2,0.5,19,38,not_applicable,0,0,1
TXN_9040,CUST_2203,11324.88,Wallet,bank_declined,103667.19,2,1,0.48,0,23,not_applicable,0,4,0
TXN_9041,CUST_2291,49410.76,NetBanking,insufficient_funds,173247.12,18,6,0.89,11,53,inactive,1,3,1
TXN_9042,CUST_1562,8078.86,NetBanking,authentication_failed,114050.32,21,8,0.82,21,11,inactive,0,1,0
TXN_9043,CUST_2794,24842.57,UPI,card_expired,79828.45,5,2,0.21,17,37,inactive,0,1,0
TXN_9044,CUST_1219,49176.53,Card,authentication_failed,144925.42,9,3,0.3,6,16,active,0,1,1
TXN_9045,CUST_2567,12408.15,UPI,insufficient_funds,122557.94,20,0,0.9,9,21,not_applicable,1,3,1
TXN_9046,CUST_1002,36693.66,Card,insufficient_funds,91214.46,24,2,0.52,19,25,not_applicable,0,4,1
TXN_9047,CUST_1692,40639.01,Wallet,customer_abandoned,132230.83,5,0,0.98,5,3,inactive,1,1,0
TXN_9048,CUST_1102,38880.29,UPI,customer_abandoned,169175.21,5,5,0.28,11,50,not_applicable,0,0,0
TXN_9049,CUST_2047,28266.7,Wallet,insufficient_funds,93014.88,13,2,0.85,7,81,active,1,1,1
TXN_9050,CUST_2078,10537.85,Wallet,bank_declined,176459.6,9,3,0.06,15,31,active,1,1,1
TXN_9051,CUST_2996,17627.39,NetBanking,authentication_failed,150397.37,13,2,0.56,15,52,active,0,0,0
TXN_9052,CUST_2506,11470.96,Wallet,network_error,174551.96,24,3,0.28,20,23,inactive,0,3,1
TXN_9053,CUST_2345,24968.92,Card,authentication_failed,15169.7,14,6,0.38,15,33,not_applicable,0,1,0
TXN_9054,CUST_2942,8089.07,UPI,bank_declined,172298.17,4,0,0.39,7,63,inactive,1,4,1
TXN_9055,CUST_2936,44995.43,NetBanking,insufficient_funds,39767.33,25,4,0.51,7,8,inactive,0,0,1
TXN_9056,CUST_1480,40966.13,Wallet,customer_abandoned,177242.91,17,4,0.62,5,78,inactive,0,1,1
TXN_9057,CUST_2475,24115.69,Wallet,insufficient_funds,177075.9,16,4,0.71,5,68,inactive,0,4,0
TXN_9058,CUST_2429,33736.58,NetBanking,network_error,9762.97,21,3,0.97,16,1,active,1,1,1
TXN_9059,CUST_1141,6416.32,Card,insufficient_funds,23425.54,1,4,0.54,20,11,inactive,1,4,1
TXN_9060,CUST_2821,19170.44,NetBanking,customer_abandoned,28140.05,2,5,0.51,11,72,inactive,1,4,0
TXN_9061,CUST_2880,17653.42,Wallet,insufficient_funds,129352.12,6,2,0.89,3,66,inactive,0,1,1
TXN_9062,CUST_2256,34411.37,NetBanking,customer_abandoned,132329.45,1,8,0.55,17,70,not_applicable,1,1,0
TXN_9063,CUST_2617,18951.93,Card,customer_abandoned,63825.06,27,5,0.92,19,33,active,0,0,0
TXN_9064,CUST_1843,29009.43,UPI,network_error,182536.45,17,1,0.89,7,43,not_applicable,1,1,0
TXN_9065,CUST_2402,11166.52,Wallet,card_expired,143783.1,4,4,0.61,21,36,inactive,0,3,0
TXN_9066,CUST_1683,13242.63,NetBanking,network_error,139267.01,3,5,0.41,21,62,not_applicable,1,1,1
TXN_9067,CUST_2679,39788.75,Card,bank_declined,43060.16,21,5,0.18,2,61,active,1,2,0
TXN_9068,CUST_2947,27568.7,NetBanking,network_error,111883.98,29,2,0.75,14,5,inactive,1,2,1
TXN_9069,CUST_1773,12024.3,UPI,network_error,111552.37,7,5,0.83,7,51,active,1,4,1
TXN_9070,CUST_1587,14441.73,NetBanking,network_error,21726.62,23,0,0.23,13,89,inactive,1,0,0
TXN_9071,CUST_2246,23177.74,UPI,customer_abandoned,84296.18,5,6,0.01,0,19,not_applicable,1,0,0
TXN_9072,CUST_1047,33467.93,Wallet,insufficient_funds,118375.59,3,0,0.58,13,37,not_applicable,0,1,0
TXN_9073,CUST_2590,17667.85,Card,card_expired,162659.27,30,5,0.17,21,65,inactive,0,0,1
TXN_9074,CUST_2584,6161.77,UPI,bank_declined,34660.72,16,4,0.48,17,81,not_applicable,1,3,1
TXN_9075,CUST_2406,16544.43,NetBanking,bank_declined,131985.38,2,1,0.59,5,35,not_applicable,0,1,0
TXN_9076,CUST_2225,12483.53,Wallet,insufficient_funds,186100.4,13,1,0.18,7,71,active,0,3,0
TXN_9077,CUST_2457,48238.25,Card,customer_abandoned,24781.69,24,5,0.4,4,88,active,1,3,0
TXN_9078,CUST_1908,11155.92,Card,card_expired,24678.18,25,6,0.65,15,41,inactive,1,3,0
TXN_9079,CUST_2450,33872.02,NetBanking,authentication_failed,185006.64,9,8,0.15,12,28,inactive,1,4,0
TXN_9080,CUST_1715,17294.18,NetBanking,authentication_failed,47184.34,23,7,0.14,3,10,not_applicable,1,1,0
TXN_9081,CUST_1578,41738.54,UPI,authentication_failed,190953.41,23,7,0.13,0,55,active,0,3,1
TXN_9082,CUST_2289,41246.6,Wallet,bank_declined,78406.65,30,7,0.11,4,90,inactive,1,1,1
TXN_9083,CUST_1336,32814.09,Wallet,customer_abandoned,196456.94,16,1,0.48,7,53,active,1,4,0
TXN_9084,CUST_1455,12434.56,Wallet,bank_declined,196730.83,1,7,0.25,22,50,active,0,1,0
TXN_9085,CUST_2940,25672.17,Card,customer_abandoned,76033.05,0,7,0.26,9,80,not_applicable,1,4,0
TXN_9086,CUST_1836,18277.0,Card,customer_abandoned,81047.93,27,4,0.02,2,82,active,0,2,1
TXN_9087,CUST_1703,6191.34,UPI,customer_abandoned,43547.17,4,3,0.72,21,9,inactive,0,2,1
TXN_9088,CUST_1346,8244.19,UPI,bank_declined,115907.41,16,2,0.21,10,32,inactive,0,2,1
TXN_9089,CUST_1448,31104.83,NetBanking,card_expired,148232.49,17,2,0.74,11,7,active,1,4,1
TXN_9090,CUST_2842,22769.42,Card,insufficient_funds,157741.39,11,1,0.19,1,24,inactive,0,2,1
TXN_9091,CUST_2212,33268.28,NetBanking,authentication_failed,82491.88,24,2,0.71,22,69,active,1,4,1
TXN_9092,CUST_1580,16311.11,Card,authentication_failed,179438.85,7,5,0.42,4,56,active,1,0,0
TXN_9093,CUST_1913,5423.44,Wallet,customer_abandoned,36587.01,23,1,0.04,8,76,inactive,1,2,1
TXN_9094,CUST_1292,49447.11,Card,network_error,174900.76,19,1,0.63,15,82,active,0,1,0
TXN_9095,CUST_1639,29749.05,Card,card_expired,74385.01,7,4,0.17,2,58,not_applicable,1,4,0
TXN_9096,CUST_2979,9733.26,Card,customer_abandoned,84068.26,23,1,0.83,21,13,inactive,0,0,1
TXN_9097,CUST_1747,6538.17,Card,bank_declined,45656.08,10,6,0.55,0,79,active,0,1,1
TXN_9098,CUST_2541,25209.58,Wallet,insufficient_funds,61094.54,15,2,0.51,1,72,not_applicable,1,0,1
TXN_9099,CUST_1320,49002.62,Wallet,insufficient_funds,99050.86,20,4,0.74,6,11,inactive,0,0,1
TXN_9100,CUST_1189,24578.91,Wallet,insufficient_funds,48533.55,15,8,0.51,13,23,inactive,1,0,1
TXN_9101,CUST_1753,23049.97,Wallet,card_expired,17303.1,13,8,0.02,17,51,inactive,1,2,0
TXN_9102,CUST_2325,7596.17,UPI,bank_declined,181331.86,24,5,0.18,12,73,inactive,0,3,0
TXN_9103,CUST_2905,35632.67,Card,authentication_failed,163268.91,11,3,0.48,12,80,not_applicable,1,2,0
TXN_9104,CUST_2238,13617.67,Card,authentication_failed,84374.72,20,1,0.36,16,60,active,0,1,1
TXN_9105,CUST_2874,6679.5,Wallet,card_expired,182748.74,11,4,0.03,6,15,active,0,0,1
TXN_9106,CUST_1188,49018.04,Card,customer_abandoned,132285.06,29,7,0.36,23,6,inactive,1,2,0
TXN_9107,CUST_1634,48197.24,Wallet,authentication_failed,3783.29,25,3,0.68,18,83,not_applicable,0,2,1
TXN_9108,CUST_2737,1355.51,Wallet,authentication_failed,145309.8,22,1,1.0,0,30,active,0,1,1
TXN_9109,CUST_2697,20792.48,Wallet,authentication_failed,175005.74,19,1,0.55,12,9,not_applicable,1,0,1
TXN_9110,CUST_1329,29430.17,Wallet,network_error,8619.93,14,0,0.21,13,32,inactive,0,4,1
TXN_9111,CUST_1429,5423.72,UPI,customer_abandoned,4065.69,24,5,0.42,15,56,inactive,0,2,0
TXN_9112,CUST_2970,42799.26,UPI,network_error,150257.47,18,2,0.57,12,2,active,1,2,1
TXN_9113,CUST_1316,12867.85,Wallet,card_expired,95515.34,11,7,0.64,8,4,not_applicable,1,0,1
TXN_9114,CUST_1907,4175.94,NetBanking,bank_declined,141984.47,9,4,0.74,2,31,not_applicable,0,2,1
TXN_9115,CUST_2107,10794.53,Card,customer_abandoned,108297.73,7,5,0.5,10,18,inactive,0,3,0
TXN_9116,CUST_1421,23085.93,Card,authentication_failed,23054.29,24,0,0.18,12,12,inactive,1,4,0
TXN_9117,CUST_2230,12199.64,UPI,bank_declined,53431.88,27,3,0.25,17,88,active,0,0,1
TXN_9118,CUST_1812,36797.56,Card,insufficient_funds,163894.51,0,5,0.33,19,80,not_applicable,1,0,0
TXN_9119,CUST_1945,42217.21,Wallet,insufficient_funds,125160.86,8,0,0.29,21,33,not_applicable,1,4,1
TXN_9120,CUST_1957,17295.18,UPI,customer_abandoned,117724.57,13,0,0.99,15,30,active,0,0,1
TXN_9121,CUST_1116,46533.25,Card,insufficient_funds,64809.83,1,1,0.54,3,35,not_applicable,0,0,0
TXN_9122,CUST_2405,39179.66,Wallet,authentication_failed,13157.45,11,0,0.63,18,65,not_applicable,1,3,1
TXN_9123,CUST_2274,23660.03,Card,authentication_failed,21953.23,16,3,0.24,21,49,inactive,1,4,0
TXN_9124,CUST_1022,44782.33,Wallet,customer_abandoned,84900.11,3,0,0.56,19,54,active,0,1,0
TXN_9125,CUST_2064,20669.44,Card,card_expired,68021.17,21,3,0.66,17,80,not_applicable,0,1,0
TXN_9126,CUST_1490,40683.84,NetBanking,card_expired,39240.75,14,5,0.58,10,86,inactive,0,3,0
TXN_9127,CUST_2417,12421.08,UPI,bank_declined,35271.32,19,2,0.34,20,40,active,0,4,1
TXN_9128,CUST_2747,25019.73,Wallet,card_expired,186648.94,1,6,0.21,19,51,inactive,1,3,0
TXN_9129,CUST_1831,16559.64,Wallet,customer_abandoned,47956.76,24,7,0.99,17,64,inactive,0,1,1
TXN_9130,CUST_2748,47031.4,UPI,authentication_failed,78704.22,20,4,0.2,16,26,not_applicable,1,1,0
TXN_9131,CUST_1003,42792.6,UPI,network_error,7387.43,22,6,0.96,6,16,not_applicable,1,3,1
TXN_9132,CUST_2040,12443.98,Wallet,bank_declined,123871.78,14,4,0.13,16,75,active,1,3,0
TXN_9133,CUST_2750,41406.39,UPI,network_error,85509.48,23,1,0.52,18,89,not_applicable,1,2,1
TXN_9134,CUST_1016,3165.07,UPI,card_expired,74187.45,16,1,0.51,23,38,not_applicable,0,2,0
TXN_9135,CUST_1419,25102.49,UPI,insufficient_funds,156718.9,11,3,0.12,2,45,active,0,2,1
TXN_9136,CUST_2420,8027.16,Card,bank_declined,154630.41,21,3,0.76,9,88,not_applicable,1,4,1
TXN_9137,CUST_1600,1646.33,Card,bank_declined,137371.11,10,6,0.86,2,35,active,1,4,1
TXN_9138,CUST_1617,10219.67,Card,network_error,117169.81,12,0,0.76,3,66,not_applicable,0,1,1
TXN_9139,CUST_2595,26433.27,NetBanking,network_error,63577.62,21,8,0.23,3,89,inactive,1,1,0
TXN_9140,CUST_2320,45637.84,NetBanking,card_expired,89687.88,8,6,0.14,18,24,not_applicable,1,0,0
TXN_9141,CUST_1533,12859.49,Card,bank_declined,34535.04,18,0,0.38,8,87,not_applicable,0,0,1
TXN_9142,CUST_2258,4962.27,Card,authentication_failed,114777.55,25,5,0.02,23,71,not_applicable,0,4,1
TXN_9143,CUST_2490,46045.01,NetBanking,card_expired,146881.08,22,2,0.47,8,39,inactive,1,2,1
TXN_9144,CUST_2693,37231.19,Card,bank_declined,186427.64,20,2,0.16,10,75,inactive,0,1,1
TXN_9145,CUST_2926,15831.56,Card,authentication_failed,71991.62,12,5,0.41,4,74,not_applicable,0,4,1
TXN_9146,CUST_1328,13005.99,UPI,insufficient_funds,99042.49,13,2,0.95,17,48,not_applicable,1,1,1
TXN_9147,CUST_1201,43193.62,UPI,insufficient_funds,12694.19,22,7,0.95,7,43,not_applicable,0,0,1
TXN_9148,CUST_1414,48998.76,Card,customer_abandoned,35939.8,26,5,0.44,14,2,not_applicable,1,2,0
TXN_9149,CUST_2635,21718.25,UPI,bank_declined,50854.42,16,2,0.97,4,35,active,0,1,1
TXN_9150,CUST_2803,32698.42,NetBanking,authentication_failed,28352.05,10,8,0.82,16,71,inactive,1,3,0
TXN_9151,CUST_1427,48974.36,Card,authentication_failed,85257.04,15,4,0.2,5,81,inactive,0,4,0
TXN_9152,CUST_1735,36874.58,NetBanking,insufficient_funds,132162.2,4,6,0.78,5,47,not_applicable,0,2,0
TXN_9153,CUST_2554,29060.4,Card,bank_declined,186501.57,6,5,0.11,19,40,inactive,0,3,0
TXN_9154,CUST_3000,35858.56,Card,insufficient_funds,63721.31,15,0,0.66,7,55,not_applicable,1,4,0
TXN_9155,CUST_2141,49304.73,Card,network_error,177922.23,6,6,0.68,7,6,active,1,1,1
TXN_9156,CUST_1966,13169.22,Wallet,card_expired,176566.52,14,4,0.59,22,69,active,0,4,1
TXN_9157,CUST_1616,22548.22,NetBanking,authentication_failed,21511.65,15,8,0.33,18,2,inactive,0,4,0
TXN_9158,CUST_1206,39113.46,NetBanking,bank_declined,140401.89,1,0,0.09,1,21,inactive,1,4,0
TXN_9159,CUST_1935,43719.36,Card,bank_declined,139775.49,27,7,0.51,6,14,active,0,1,1
TXN_9160,CUST_1320,44366.13,UPI,card_expired,85138.17,14,3,0.86,20,44,inactive,0,2,0
TXN_9161,CUST_2310,40829.73,Card,card_expired,197969.71,21,4,0.75,0,12,inactive,1,3,0
TXN_9162,CUST_2112,10351.15,NetBanking,customer_abandoned,8003.83,1,6,0.19,1,79,not_applicable,0,1,0
TXN_9163,CUST_2022,25130.69,UPI,authentication_failed,6613.04,17,6,0.47,11,64,inactive,0,0,1
TXN_9164,CUST_1267,37453.94,UPI,customer_abandoned,188847.23,9,6,0.23,10,33,not_applicable,0,4,0
TXN_9165,CUST_2655,15997.11,Card,card_expired,99270.14,30,2,0.56,0,50,active,1,1,1
TXN_9166,CUST_2401,11739.48,NetBanking,insufficient_funds,141249.78,2,1,0.77,14,61,not_applicable,1,4,1
TXN_9167,CUST_1642,13614.37,UPI,bank_declined,81611.74,14,0,0.1,0,51,active,0,2,0
TXN_9168,CUST_2667,43447.01,UPI,insufficient_funds,14054.87,29,7,0.17,15,42,not_applicable,0,3,0
TXN_9169,CUST_2404,11698.26,NetBanking,authentication_failed,186945.74,20,0,0.76,19,22,active,0,3,1
TXN_9170,CUST_2804,404.46,UPI,customer_abandoned,160090.03,9,4,0.42,15,2,inactive,0,3,0
TXN_9171,CUST_1887,14420.04,UPI,customer_abandoned,29431.78,11,7,0.68,19,48,inactive,0,3,0
TXN_9172,CUST_1421,11834.97,Card,insufficient_funds,28387.97,23,1,0.58,5,41,not_applicable,0,1,0
TXN_9173,CUST_2874,14265.96,UPI,authentication_failed,147293.36,22,8,0.18,14,1,active,1,1,0
TXN_9174,CUST_2399,37269.63,NetBanking,customer_abandoned,132368.56,8,4,0.27,11,9,inactive,1,0,0
TXN_9175,CUST_1440,2219.42,Wallet,insufficient_funds,167745.12,7,4,0.08,0,69,not_applicable,1,4,0
TXN_9176,CUST_1972,11961.76,NetBanking,card_expired,89688.27,3,5,0.79,22,5,active,1,2,0
TXN_9177,CUST_1495,27221.06,Card,authentication_failed,18984.13,22,1,0.46,18,12,not_applicable,1,2,0
TXN_9178,CUST_1568,10638.46,NetBanking,authentication_failed,73998.86,8,8,0.76,0,52,active,0,4,0
TXN_9179,CUST_2375,20807.15,NetBanking,card_expired,24615.56,23,7,0.28,19,42,not_applicable,1,0,0
TXN_9180,CUST_1919,43483.65,Card,bank_declined,193682.67,1,3,0.64,6,81,not_applicable,0,0,0
TXN_9181,CUST_1303,34703.33,UPI,network_error,67909.8,24,8,0.63,5,18,active,1,1,1
TXN_9182,CUST_2609,13422.74,NetBanking,bank_declined,15969.89,25,2,0.42,17,14,active,1,4,1
TXN_9183,CUST_1959,39460.87,NetBanking,network_error,162259.36,29,5,0.99,4,28,active,1,3,1
TXN_9184,CUST_1175,24707.52,UPI,card_expired,104753.54,17,2,0.8,3,15,not_applicable,1,1,1
TXN_9185,CUST_1015,3561.68,NetBanking,insufficient_funds,63438.0,21,2,0.98,11,40,active,0,0,1
TXN_9186,CUST_2801,19822.82,Wallet,card_expired,175378.13,19,4,0.03,5,85,inactive,1,4,0
TXN_9187,CUST_2020,36367.91,Wallet,insufficient_funds,45069.0,15,0,0.2,6,37,inactive,1,1,0
TXN_9188,CUST_1147,30836.1,NetBanking,bank_declined,197815.52,10,2,0.13,15,32,active,0,3,0
TXN_9189,CUST_2166,15629.55,UPI,authentication_failed,176146.32,28,5,0.26,15,45,not_applicable,1,0,0
TXN_9190,CUST_2357,7227.41,UPI,bank_declined,155304.8,10,4,0.24,18,6,inactive,1,2,1
TXN_9191,CUST_2472,21811.93,Wallet,authentication_failed,78900.17,23,2,0.18,19,18,inactive,0,4,0
TXN_9192,CUST_2027,44838.2,Wallet,network_error,14501.05,12,1,0.1,21,13,not_applicable,1,0,1
TXN_9193,CUST_2729,47646.68,UPI,network_error,17991.47,8,8,0.82,19,1,active,1,0,0
TXN_9194,CUST_2127,18955.6,UPI,card_expired,59484.99,27,0,0.68,6,14,inactive,1,3,1
TXN_9195,CUST_2843,39020.86,Wallet,network_error,166282.79,27,5,0.27,5,14,inactive,0,2,0
TXN_9196,CUST_2268,6831.8,Card,customer_abandoned,102635.53,8,4,0.61,9,45,active,1,3,0
TXN_9197,CUST_1661,3917.68,NetBanking,network_error,39754.51,16,8,0.42,18,12,inactive,1,4,1
TXN_9198,CUST_1493,26642.53,Wallet,network_error,149950.09,30,5,0.17,21,85,active,1,1,1
TXN_9199,CUST_1653,12056.91,UPI,network_error,63462.2,23,4,0.55,4,20,active,0,0,0
TXN_9200,CUST_2599,21362.02,Card,network_error,104240.84,23,3,0.0,13,1,active,0,2,1
TXN_9201,CUST_1659,4280.08,Card,card_expired,140099.82,5,3,0.49,4,79,active,1,1,0
TXN_9202,CUST_2305,29670.71,UPI,bank_declined,109377.82,24,1,0.09,15,75,active,1,1,1
TXN_9203,CUST_2046,38381.03,NetBanking,card_expired,58024.33,0,7,0.69,2,88,not_applicable,1,3,0
TXN_9204,CUST_1882,37860.77,UPI,authentication_failed,182443.06,0,3,0.44,22,42,active,1,4,0
TXN_9205,CUST_1104,20018.92,Card,card_expired,50765.42,29,3,0.0,3,31,not_applicable,0,3,1
TXN_9206,CUST_2514,2222.08,UPI,bank_declined,42867.76,22,7,0.72,4,6,not_applicable,1,1,0
TXN_9207,CUST_1181,3759.11,UPI,bank_declined,132350.89,26,6,0.93,15,52,not_applicable,0,1,1
TXN_9208,CUST_2029,20842.84,Wallet,bank_declined,146157.34,17,2,0.67,12,29,active,0,3,0
TXN_9209,CUST_2766,8237.06,UPI,authentication_failed,157065.15,1,3,0.96,1,85,active,1,4,1
TXN_9210,CUST_2559,48163.9,NetBanking,card_expired,121394.09,12,3,0.93,21,36,active,1,2,1
TXN_9211,CUST_2548,45453.35,Wallet,bank_declined,33156.2,11,1,0.82,10,84,inactive,0,1,1
TXN_9212,CUST_1383,1468.71,UPI,customer_abandoned,103999.64,25,8,0.32,2,20,not_applicable,0,4,0
TXN_9213,CUST_2985,49017.19,UPI,authentication_failed,133626.75,2,7,0.9,15,89,active,0,4,1
TXN_9214,CUST_2727,19659.14,Card,network_error,51692.67,14,1,0.18,14,75,inactive,1,3,1
TXN_9215,CUST_2062,30343.43,NetBanking,customer_abandoned,95012.12,17,7,0.39,12,55,active,0,0,0
TXN_9216,CUST_2456,22148.8,Wallet,network_error,17963.38,22,4,0.87,23,33,inactive,0,2,1
TXN_9217,CUST_2716,19094.24,Wallet,bank_declined,20927.44,14,4,0.77,6,61,inactive,0,2,1
TXN_9218,CUST_2924,5743.97,UPI,card_expired,106766.77,4,8,0.92,3,64,active,0,1,1
TXN_9219,CUST_2261,12557.59,NetBanking,bank_declined,144212.28,16,4,0.03,21,35,inactive,1,1,1
TXN_9220,CUST_1665,25023.67,Card,network_error,46522.53,8,0,0.8,14,13,not_applicable,1,4,0
TXN_9221,CUST_1171,316.23,Card,insufficient_funds,47350.25,1,4,0.44,13,47,active,1,2,1
TXN_9222,CUST_1113,45803.55,NetBanking,bank_declined,178484.81,13,4,0.64,10,35,active,0,1,1
TXN_9223,CUST_2177,39186.06,UPI,card_expired,41327.7,16,2,0.97,13,40,active,0,4,1
TXN_9224,CUST_1522,28531.55,Wallet,card_expired,18591.05,18,2,0.41,12,28,active,1,0,1
TXN_9225,CUST_2848,34510.96,UPI,authentication_failed,157328.32,11,1,0.59,2,27,not_applicable,0,1,0
TXN_9226,CUST_2717,44473.74,Card,card_expired,162410.38,14,6,0.16,3,44,not_applicable,1,1,1
TXN_9227,CUST_1710,48634.96,UPI,insufficient_funds,127806.6,29,8,0.28,15,88,inactive,0,1,1
TXN_9228,CUST_1488,17192.5,UPI,authentication_failed,135513.35,10,8,0.54,6,11,not_applicable,0,1,1
TXN_9229,CUST_2276,30933.64,Wallet,bank_declined,43582.36,15,0,0.73,6,37,active,1,0,1
TXN_9230,CUST_2493,13692.31,UPI,bank_declined,78963.55,26,8,0.01,11,39,active,1,1,0
TXN_9231,CUST_2307,26663.32,Wallet,customer_abandoned,154925.28,8,8,0.26,23,13,not_applicable,1,1,0
TXN_9232,CUST_1237,28401.81,Wallet,customer_abandoned,85404.69,17,5,0.97,4,75,inactive,1,2,1
TXN_9233,CUST_1332,32907.18,NetBanking,customer_abandoned,4053.1,27,6,0.3,17,40,active,0,3,1
TXN_9234,CUST_1134,37972.06,Wallet,customer_abandoned,107814.05,29,5,0.9,21,69,inactive,0,3,0
TXN_9235,CUST_2437,28368.7,NetBanking,card_expired,77048.42,21,0,0.62,20,6,active,0,3,0
TXN_9236,CUST_1248,19336.06,UPI,card_expired,193298.93,16,1,0.11,3,13,active,1,0,1
TXN_9237,CUST_1614,2261.47,UPI,bank_declined,64688.86,22,7,0.4,17,83,not_applicable,1,1,0
TXN_9238,CUST_1974,27501.64,NetBanking,authentication_failed,117077.0,1,5,0.75,4,15,not_applicable,1,0,1
TXN_9239,CUST_1262,31005.68,UPI,network_error,23218.51,29,3,0.09,18,61,active,0,3,0
TXN_9240,CUST_2390,32551.67,Card,insufficient_funds,33220.96,13,2,0.25,18,40,not_applicable,0,0,0
TXN_9241,CUST_2701,28351.17,Wallet,network_error,117415.01,3,6,0.21,21,63,inactive,1,2,1
TXN_9242,CUST_1135,38554.37,Wallet,network_error,177165.19,26,0,0.74,12,34,not_applicable,1,4,1
TXN_9243,CUST_2392,33695.64,NetBanking,customer_abandoned,97537.18,25,4,0.23,8,85,active,1,2,0
TXN_9244,CUST_1119,26677.87,NetBanking,customer_abandoned,119269.34,19,8,0.99,16,51,inactive,1,1,0
TXN_9245,CUST_2028,29356.92,Wallet,authentication_failed,7757.5,23,4,0.4,10,13,active,1,2,0
TXN_9246,CUST_2811,14486.5,Card,network_error,199854.47,28,6,0.08,13,56,active,0,2,1
TXN_9247,CUST_1755,25820.92,Card,bank_declined,51815.23,26,4,0.95,2,88,inactive,0,1,1
TXN_9248,CUST_1181,11588.39,UPI,card_expired,77425.59,12,8,0.72,3,70,inactive,1,0,1
TXN_9249,CUST_2735,43992.35,Wallet,card_expired,33969.11,9,5,0.26,16,86,inactive,1,4,0
TXN_9250,CUST_2006,5298.52,Wallet,insufficient_funds,60762.77,0,4,1.0,11,83,inactive,0,3,0
TXN_9251,CUST_2878,10728.81,Card,bank_declined,55051.74,5,4,0.62,5,26,inactive,0,4,0
TXN_9252,CUST_2791,37621.49,Wallet,insufficient_funds,2718.56,29,0,0.65,10,17,inactive,0,1,1
TXN_9253,CUST_1807,25930.97,Card,network_error,76462.5,29,2,0.8,10,68,inactive,0,4,1
TXN_9254,CUST_1376,11577.61,UPI,insufficient_funds,62708.94,20,4,0.44,0,90,not_applicable,1,4,0
TXN_9255,CUST_1956,30417.81,NetBanking,card_expired,176957.63,13,1,0.6,11,80,inactive,1,0,1
TXN_9256,CUST_2642,39863.75,Card,insufficient_funds,149859.69,24,6,0.37,4,60,inactive,1,1,1
TXN_9257,CUST_1493,36519.16,Card,insufficient_funds,49847.19,0,6,0.37,3,14,not_applicable,0,3,0
TXN_9258,CUST_2133,49385.25,NetBanking,card_expired,18089.65,19,7,0.17,9,69,active,0,1,0
TXN_9259,CUST_1473,43277.06,NetBanking,card_expired,71820.52,7,5,0.77,16,80,inactive,1,4,0
TXN_9260,CUST_1887,31969.34,Card,authentication_failed,169158.43,6,8,0.01,9,50,active,1,2,1
TXN_9261,CUST_2194,41478.39,UPI,network_error,187635.58,23,8,0.79,3,40,inactive,1,3,0
TXN_9262,CUST_1208,10233.59,Card,authentication_failed,64526.58,13,0,0.32,21,39,inactive,1,0,0
TXN_9263,CUST_2749,36506.0,UPI,bank_declined,28098.01,5,4,0.05,4,41,not_applicable,1,3,1
TXN_9264,CUST_1766,45242.69,Card,card_expired,153060.55,7,5,0.83,15,11,inactive,1,4,0
TXN_9265,CUST_2603,44398.54,NetBanking,card_expired,99843.99,16,4,0.99,18,78,inactive,0,4,0
TXN_9266,CUST_2505,40478.12,NetBanking,customer_abandoned,128636.49,14,7,0.58,4,60,not_applicable,1,1,1
TXN_9267,CUST_2046,42030.55,UPI,authentication_failed,172713.93,27,2,0.18,15,58,not_applicable,0,2,0
TXN_9268,CUST_1000,906.71,UPI,customer_abandoned,27236.65,9,6,0.26,8,6,not_applicable,1,4,0
TXN_9269,CUST_2109,23840.8,UPI,network_error,151822.8,7,6,0.49,3,65,not_applicable,1,3,0
TXN_9270,CUST_2531,5642.22,NetBanking,card_expired,155535.1,8,5,0.76,5,14,inactive,1,1,0
TXN_9271,CUST_2328,16496.05,UPI,customer_abandoned,44716.61,30,1,0.81,3,66,active,0,4,0
TXN_9272,CUST_1667,30496.47,NetBanking,customer_abandoned,48525.6,17,5,0.17,4,10,not_applicable,0,1,0
TXN_9273,CUST_1230,2376.01,NetBanking,authentication_failed,38240.09,28,4,0.1,13,31,active,0,4,0
TXN_9274,CUST_1219,17968.7,Wallet,authentication_failed,89544.21,21,8,0.59,8,18,inactive,1,4,0
TXN_9275,CUST_2858,32445.27,UPI,insufficient_funds,52910.46,14,7,0.81,0,48,not_applicable,0,2,0
TXN_9276,CUST_2919,15865.32,Card,card_expired,4396.02,14,0,0.9,21,15,not_applicable,0,3,1
TXN_9277,CUST_1465,2642.23,Wallet,customer_abandoned,1986.36,10,1,0.82,8,81,active,1,2,1
TXN_9278,CUST_1880,45737.65,Card,authentication_failed,44131.97,12,0,0.86,11,39,not_applicable,1,1,1
TXN_9279,CUST_1152,13105.78,UPI,authentication_failed,194652.65,5,6,0.23,15,15,active,1,4,0
TXN_9280,CUST_2604,42867.03,NetBanking,insufficient_funds,24442.36,9,7,0.1,13,7,not_applicable,0,0,0
TXN_9281,CUST_1896,31802.89,Card,bank_declined,142438.53,28,4,0.88,13,6,active,1,4,1
TXN_9282,CUST_1942,19731.55,NetBanking,insufficient_funds,72407.92,20,7,0.85,13,66,inactive,1,2,0
TXN_9283,CUST_1528,45280.91,Card,bank_declined,192843.06,25,5,0.3,18,29,active,1,4,0
TXN_9284,CUST_2821,31627.86,Wallet,authentication_failed,33605.94,10,4,0.05,13,69,active,0,1,0
TXN_9285,CUST_1362,26822.62,UPI,customer_abandoned,114584.07,19,7,0.55,13,35,inactive,1,1,1
TXN_9286,CUST_1141,7360.55,Wallet,customer_abandoned,123195.64,11,5,0.47,18,53,active,1,2,1
TXN_9287,CUST_1261,26029.08,Card,card_expired,188644.06,9,1,0.35,4,69,not_applicable,0,2,1
TXN_9288,CUST_2682,43770.38,Card,customer_abandoned,117268.39,27,7,0.35,0,30,inactive,1,1,0
TXN_9289,CUST_1803,38660.33,Wallet,authentication_failed,116545.64,11,7,0.4,11,29,not_applicable,0,3,0
TXN_9290,CUST_2316,36688.35,UPI,card_expired,5557.2,19,4,0.09,12,70,not_applicable,0,1,1
TXN_9291,CUST_1261,11673.5,Wallet,network_error,85971.1,12,1,0.8,12,27,not_applicable,1,4,1
TXN_9292,CUST_1213,972.14,UPI,network_error,97189.01,4,2,1.0,10,15,active,1,3,1
TXN_9293,CUST_1624,48066.6,UPI,bank_declined,21167.68,25,3,0.17,5,39,inactive,0,3,1
TXN_9294,CUST_2752,25110.5,Card,authentication_failed,153259.24,16,1,0.86,20,67,active,1,2,1
TXN_9295,CUST_1556,34173.18,Card,insufficient_funds,121912.65,24,6,0.86,0,78,not_applicable,0,4,0
TXN_9296,CUST_2637,2688.33,Wallet,insufficient_funds,115263.04,1,7,0.96,17,73,not_applicable,1,4,0
TXN_9297,CUST_2571,12088.87,Card,bank_declined,63897.49,24,0,0.77,12,12,inactive,1,1,1
TXN_9298,CUST_2924,12030.28,Card,authentication_failed,130063.04,4,0,0.05,14,44,active,0,1,0
TXN_9299,CUST_1614,20460.71,Wallet,bank_declined,71764.39,14,6,0.35,22,71,active,0,1,1
TXN_9300,CUST_1381,18105.92,UPI,card_expired,159800.56,5,4,0.41,0,12,inactive,0,1,0
TXN_9301,CUST_2145,8262.61,UPI,bank_declined,14872.56,19,5,0.88,22,39,active,0,1,1
TXN_9302,CUST_1532,17581.83,Wallet,network_error,175659.88,8,0,0.71,22,0,not_applicable,1,0,0
TXN_9303,CUST_1615,34131.97,Card,network_error,22052.66,17,1,0.96,9,8,active,1,4,0
TXN_9304,CUST_1956,11887.38,Card,network_error,160994.84,28,0,0.41,13,89,active,1,0,1
TXN_9305,CUST_1760,8363.59,UPI,card_expired,108172.3,1,0,0.13,11,59,active,0,4,0
TXN_9306,CUST_1765,12255.34,Card,card_expired,91040.84,14,1,0.67,16,21,active,0,0,0
TXN_9307,CUST_1837,8347.92,Wallet,insufficient_funds,178760.55,13,2,0.39,19,74,inactive,0,3,1
TXN_9308,CUST_2586,25676.14,NetBanking,bank_declined,172579.51,17,1,0.66,9,37,active,0,1,1
TXN_9309,CUST_1704,15695.68,Card,customer_abandoned,193812.91,3,5,0.8,12,6,active,0,1,0
TXN_9310,CUST_1616,8419.51,Wallet,bank_declined,156127.55,29,6,0.99,16,61,not_applicable,0,3,0
TXN_9311,CUST_1175,45801.57,NetBanking,bank_declined,25948.77,23,1,0.95,7,59,active,0,2,1
TXN_9312,CUST_2455,17395.15,Wallet,authentication_failed,61621.73,14,8,0.64,23,2,not_applicable,1,4,0
TXN_9313,CUST_2298,45954.94,NetBanking,insufficient_funds,153482.38,14,8,0.54,13,60,not_applicable,0,4,1
TXN_9314,CUST_2568,29677.26,Card,network_error,170087.28,19,3,0.84,18,38,not_applicable,1,3,0
TXN_9315,CUST_1379,3473.34,UPI,card_expired,117180.11,1,3,0.47,10,20,active,0,2,0
TXN_9316,CUST_2106,23049.54,UPI,insufficient_funds,167655.87,26,4,0.32,13,67,not_applicable,0,1,1
TXN_9317,CUST_2809,10114.06,Card,card_expired,51091.61,2,3,0.66,16,55,active,1,4,0
TXN_9318,CUST_1277,9472.31,Card,bank_declined,106078.88,22,2,0.04,23,35,not_applicable,0,3,0
TXN_9319,CUST_2531,43181.31,UPI,insufficient_funds,169383.21,29,4,0.35,3,59,inactive,0,4,0
TXN_9320,CUST_2880,46832.12,NetBanking,customer_abandoned,6142.39,28,1,0.58,0,31,not_applicable,0,0,0
TXN_9321,CUST_1843,39415.56,NetBanking,insufficient_funds,190398.35,23,4,0.36,0,29,not_applicable,1,3,0
TXN_9322,CUST_1265,33597.79,UPI,insufficient_funds,193487.05,16,8,0.89,0,55,not_applicable,0,2,0
TXN_9323,CUST_1500,42850.51,UPI,insufficient_funds,17955.68,9,8,0.38,4,8,not_applicable,0,1,0
TXN_9324,CUST_1000,8955.86,Wallet,card_expired,126468.02,26,4,0.89,9,8,not_applicable,1,0,1
TXN_9325,CUST_1141,33240.49,Wallet,network_error,21660.5,23,4,0.66,21,10,inactive,0,4,1
TXN_9326,CUST_2254,32606.87,NetBanking,network_error,65908.45,23,5,0.58,12,67,active,0,1,1
TXN_9327,CUST_1517,27975.99,Card,insufficient_funds,30270.81,10,3,0.4,5,76,active,0,2,1
TXN_9328,CUST_2197,36846.09,Card,authentication_failed,141575.49,4,8,0.91,20,19,active,0,2,1
TXN_9329,CUST_2442,15795.9,Wallet,card_expired,156861.71,8,7,0.5,5,54,active,1,3,0
TXN_9330,CUST_1213,37395.83,Card,authentication_failed,27373.75,3,6,0.18,10,21,inactive,1,1,0
TXN_9331,CUST_1011,38530.22,Wallet,customer_abandoned,158365.47,4,4,0.29,0,29,inactive,1,4,1
TXN_9332,CUST_2537,36161.14,UPI,insufficient_funds,166959.51,28,2,0.71,21,45,not_applicable,1,0,1
TXN_9333,CUST_1883,5558.8,NetBanking,customer_abandoned,142476.31,30,6,0.69,21,58,inactive,1,0,0
TXN_9334,CUST_2007,36817.41,Card,network_error,110540.46,23,7,0.56,22,40,active,0,4,0
TXN_9335,CUST_1231,5927.57,Card,card_expired,44168.76,20,6,0.77,10,42,inactive,1,2,1
TXN_9336,CUST_1222,212.43,NetBanking,authentication_failed,199406.47,6,0,0.21,0,9,not_applicable,1,4,0
TXN_9337,CUST_1002,46353.41,Card,authentication_failed,120342.83,5,4,0.8,0,30,active,0,1,0
TXN_9338,CUST_2967,43032.13,Card,bank_declined,112022.91,6,6,0.36,8,38,inactive,1,3,0
TXN_9339,CUST_1410,42107.13,UPI,authentication_failed,170817.57,25,0,0.85,12,54,not_applicable,1,4,1
TXN_9340,CUST_1108,23900.1,NetBanking,authentication_failed,62956.27,8,0,0.0,12,52,inactive,1,3,0
TXN_9341,CUST_2742,13922.21,NetBanking,insufficient_funds,66605.9,10,7,0.84,3,62,not_applicable,0,1,1
TXN_9342,CUST_1103,46388.25,UPI,card_expired,1271.02,16,8,0.94,6,35,not_applicable,0,4,0
TXN_9343,CUST_1546,5195.92,NetBanking,bank_declined,135158.11,10,0,0.9,15,39,not_applicable,0,4,1
TXN_9344,CUST_2388,34598.76,Card,authentication_failed,195893.18,0,3,0.24,22,62,not_applicable,1,2,1
TXN_9345,CUST_1061,14832.33,UPI,insufficient_funds,85841.18,2,0,0.28,10,55,not_applicable,1,3,0
TXN_9346,CUST_2223,353.94,UPI,card_expired,61384.33,30,6,0.45,8,77,inactive,1,2,1
TXN_9347,CUST_1275,31904.33,Card,insufficient_funds,117173.34,26,6,0.29,18,52,not_applicable,0,4,1
TXN_9348,CUST_1885,19659.29,Wallet,authentication_failed,44161.89,25,7,0.55,18,29,inactive,1,4,0
TXN_9349,CUST_1885,710.46,Card,bank_declined,55992.46,15,2,0.82,4,85,active,0,2,1
TXN_9350,CUST_1259,20483.57,Wallet,insufficient_funds,186249.35,11,7,0.09,18,36,not_applicable,0,2,1
TXN_9351,CUST_1936,17175.22,NetBanking,authentication_failed,15093.86,3,0,0.21,1,9,not_applicable,1,2,0
TXN_9352,CUST_1631,1511.02,Wallet,bank_declined,118857.51,2,2,0.96,8,47,inactive,0,3,1
TXN_9353,CUST_2389,17345.29,NetBanking,authentication_failed,28503.32,26,0,0.47,22,7,active,0,1,1
TXN_9354,CUST_1344,48589.47,Wallet,customer_abandoned,197983.74,24,0,0.41,14,66,not_applicable,1,0,1
TXN_9355,CUST_1980,45539.42,Card,card_expired,158914.91,21,2,0.51,11,85,active,0,2,1
TXN_9356,CUST_2474,22463.47,NetBanking,network_error,180474.35,7,2,0.18,5,18,active,0,1,0
TXN_9357,CUST_1822,1007.71,UPI,insufficient_funds,184193.83,14,5,0.5,9,18,inactive,0,1,0
TXN_9358,CUST_1123,242.54,UPI,card_expired,112349.75,8,2,0.24,6,39,not_applicable,0,4,0
TXN_9359,CUST_2327,14130.35,UPI,customer_abandoned,18516.78,13,1,0.51,22,66,inactive,1,3,0
TXN_9360,CUST_2424,22684.24,Wallet,card_expired,92149.08,14,8,0.59,11,61,active,0,1,1
TXN_9361,CUST_2448,6715.12,Card,customer_abandoned,40220.04,23,4,0.14,17,37,inactive,1,0,0
TXN_9362,CUST_1550,26477.06,Wallet,network_error,86541.17,7,3,0.8,20,75,not_applicable,0,4,1
TXN_9363,CUST_1315,28448.52,UPI,card_expired,15807.11,23,7,0.74,1,14,not_applicable,0,1,0
TXN_9364,CUST_1994,40138.74,NetBanking,insufficient_funds,177010.72,29,3,0.76,3,55,not_applicable,1,3,0
TXN_9365,CUST_2634,17348.16,NetBanking,card_expired,69324.14,8,1,0.94,17,67,active,1,3,1
TXN_9366,CUST_2334,27470.02,Wallet,customer_abandoned,73945.2,24,5,0.87,2,47,active,0,0,1
TXN_9367,CUST_2047,7766.39,Wallet,bank_declined,128259.04,29,5,0.04,19,71,active,0,4,0
TXN_9368,CUST_1620,40402.42,UPI,bank_declined,59748.02,2,7,0.93,13,31,not_applicable,1,0,1
TXN_9369,CUST_2130,40809.23,UPI,authentication_failed,197541.02,11,4,0.53,0,80,active,0,1,1
TXN_9370,CUST_1293,41824.72,NetBanking,card_expired,99068.25,11,5,0.41,10,75,not_applicable,1,1,1
TXN_9371,CUST_2223,32917.21,Wallet,card_expired,150428.27,0,5,0.67,13,2,active,1,2,1
TXN_9372,CUST_2740,33760.53,Card,insufficient_funds,96608.6,19,2,0.13,4,46,not_applicable,1,1,0
TXN_9373,CUST_2265,1635.88,Wallet,network_error,198507.52,25,0,0.83,14,11,active,1,0,1
TXN_9374,CUST_2918,48333.68,UPI,customer_abandoned,122881.59,24,1,0.06,22,29,not_applicable,0,1,0
TXN_9375,CUST_1278,13932.49,Card,card_expired,74526.03,21,2,0.46,7,45,not_applicable,1,1,0
TXN_9376,CUST_1407,25196.17,Wallet,customer_abandoned,95461.38,29,4,0.3,10,26,inactive,1,3,0
TXN_9377,CUST_1077,12494.7,Card,network_error,52937.77,15,4,0.76,3,22,active,1,1,1
TXN_9378,CUST_2976,2664.84,Card,bank_declined,69391.78,10,6,0.64,5,21,active,1,1,0
TXN_9379,CUST_1570,48100.64,NetBanking,card_expired,149497.86,18,6,0.43,23,89,not_applicable,0,4,0
TXN_9380,CUST_2849,6568.54,Wallet,customer_abandoned,125909.6,1,7,0.51,18,24,not_applicable,0,0,0
TXN_9381,CUST_1716,11932.94,UPI,bank_declined,65405.19,20,0,0.29,23,58,active,0,4,1
TXN_9382,CUST_2695,8644.37,UPI,network_error,122085.95,24,5,0.05,6,88,inactive,1,0,1
TXN_9383,CUST_2584,3289.31,NetBanking,customer_abandoned,35999.44,30,3,0.11,20,19,active,0,4,0
TXN_9384,CUST_1467,17252.2,NetBanking,card_expired,165457.44,8,2,0.23,20,35,not_applicable,1,0,0
TXN_9385,CUST_2442,30215.24,UPI,bank_declined,137802.69,30,2,0.29,22,87,not_applicable,0,0,0
TXN_9386,CUST_2489,38825.22,Wallet,bank_declined,70163.03,26,8,0.53,13,15,not_applicable,1,3,0
TXN_9387,CUST_2347,1279.98,Wallet,authentication_failed,196292.23,18,3,0.3,21,23,inactive,1,4,0
TXN_9388,CUST_2335,48664.93,Wallet,customer_abandoned,145918.47,8,2,0.59,16,75,inactive,0,4,0
TXN_9389,CUST_2265,35525.34,Wallet,authentication_failed,152903.84,0,1,0.07,5,90,inactive,1,4,0
TXN_9390,CUST_2478,14827.0,Card,insufficient_funds,15043.36,1,5,0.41,9,57,inactive,1,1,0
TXN_9391,CUST_2514,9007.03,NetBanking,authentication_failed,61700.32,8,4,0.64,4,71,active,0,4,0
TXN_9392,CUST_2825,43452.39,Card,card_expired,158454.96,10,5,0.97,2,20,inactive,1,4,0
TXN_9393,CUST_1134,34953.52,Wallet,customer_abandoned,172240.75,17,2,0.84,14,20,not_applicable,1,1,0
TXN_9394,CUST_1230,25062.78,Card,network_error,55368.17,19,0,0.88,17,50,inactive,0,1,1
TXN_9395,CUST_1264,41911.56,Wallet,card_expired,29017.07,2,6,0.31,11,6,active,0,2,0
TXN_9396,CUST_2697,41933.76,UPI,bank_declined,178684.45,21,0,0.28,23,86,active,1,0,1
TXN_9397,CUST_2817,3982.93,Wallet,network_error,82505.08,0,7,0.49,3,25,inactive,1,3,1
TXN_9398,CUST_2726,44609.41,Card,authentication_failed,68119.36,12,4,0.53,0,33,inactive,0,2,1
TXN_9399,CUST_2687,16501.49,Card,insufficient_funds,197122.1,21,8,0.88,13,51,not_applicable,1,3,0
TXN_9400,CUST_2521,25446.52,Wallet,card_expired,46937.28,11,4,0.51,7,1,not_applicable,0,1,0
TXN_9401,CUST_1265,4367.5,Wallet,authentication_failed,174153.32,9,1,0.59,10,31,not_applicable,1,2,1
TXN_9402,CUST_2664,1377.02,Card,insufficient_funds,166468.17,16,7,0.79,0,82,not_applicable,1,0,1
TXN_9403,CUST_2271,16831.75,Card,card_expired,177074.44,2,6,0.52,4,47,not_applicable,0,1,0
TXN_9404,CUST_2766,45284.27,Card,bank_declined,19575.56,0,8,0.47,9,81,active,1,2,1
TXN_9405,CUST_2175,30466.22,Card,authentication_failed,53591.01,7,4,0.56,2,52,active,0,1,1
TXN_9406,CUST_1656,29285.78,Card,authentication_failed,137207.98,15,4,0.26,9,3,active,0,1,0
TXN_9407,CUST_1431,22539.51,Card,card_expired,197457.54,15,6,0.02,0,26,not_applicable,0,0,0
TXN_9408,CUST_2152,9105.71,UPI,network_error,111566.3,25,5,0.24,16,4,inactive,1,1,0
TXN_9409,CUST_2855,44105.11,NetBanking,bank_declined,42965.99,23,1,0.16,4,78,not_applicable,1,3,1
TXN_9410,CUST_2438,18127.47,Card,insufficient_funds,87482.14,16,0,0.22,10,65,active,0,4,1
TXN_9411,CUST_1924,11641.87,Wallet,authentication_failed,133519.56,0,4,0.5,12,25,inactive,0,3,0
TXN_9412,CUST_1970,15705.13,Card,customer_abandoned,101613.41,3,8,0.26,17,43,not_applicable,0,3,0
TXN_9413,CUST_1940,26144.59,NetBanking,card_expired,35519.04,6,5,0.27,19,85,not_applicable,1,0,0
TXN_9414,CUST_2167,1488.02,NetBanking,customer_abandoned,105658.44,28,3,0.34,6,21,not_applicable,1,1,0
TXN_9415,CUST_1403,8649.44,NetBanking,insufficient_funds,158988.62,12,8,0.32,9,38,active,0,4,0
TXN_9416,CUST_2268,48484.88,UPI,card_expired,160712.74,10,4,0.63,15,11,not_applicable,0,3,1
TXN_9417,CUST_2996,49569.94,UPI,network_error,119048.27,12,4,0.1,9,70,inactive,1,3,1
TXN_9418,CUST_2621,33363.68,Wallet,authentication_failed,131862.63,19,2,0.75,12,64,inactive,1,0,1
TXN_9419,CUST_1301,47250.62,Wallet,insufficient_funds,110680.52,23,1,0.65,3,67,not_applicable,0,3,0
TXN_9420,CUST_1114,48052.61,Wallet,card_expired,112955.78,25,7,0.56,0,89,not_applicable,1,2,1
TXN_9421,CUST_1630,46474.57,NetBanking,network_error,44839.42,22,5,0.93,3,42,inactive,0,2,1
TXN_9422,CUST_1360,1043.15,Card,customer_abandoned,48728.79,30,8,0.41,13,9,inactive,1,0,0
TXN_9423,CUST_2244,35096.35,NetBanking,insufficient_funds,42831.87,7,8,0.84,5,19,inactive,0,2,1
TXN_9424,CUST_2456,31786.44,UPI,insufficient_funds,184297.69,20,0,0.81,3,85,active,0,2,1
TXN_9425,CUST_1071,39953.98,NetBanking,customer_abandoned,190687.21,9,2,0.14,21,69,active,1,2,1
TXN_9426,CUST_2952,1347.14,NetBanking,authentication_failed,104911.28,22,0,0.77,20,67,active,0,3,0
TXN_9427,CUST_2434,36760.16,Card,bank_declined,106340.92,11,1,0.65,18,62,active,1,1,1
TXN_9428,CUST_1597,24777.51,NetBanking,bank_declined,119541.31,10,6,0.85,11,70,active,1,3,0
TXN_9429,CUST_1855,26208.0,Card,customer_abandoned,2687.46,23,5,0.69,17,32,inactive,1,1,0
TXN_9430,CUST_1305,24101.96,UPI,bank_declined,42830.84,1,1,0.02,21,10,inactive,0,0,0
TXN_9431,CUST_1286,21299.2,Wallet,authentication_failed,85604.75,9,6,0.21,15,58,inactive,1,0,1
TXN_9432,CUST_2196,275.01,Card,insufficient_funds,178417.54,4,7,0.74,12,31,inactive,1,2,0
TXN_9433,CUST_1711,23662.38,NetBanking,customer_abandoned,197781.17,24,7,0.64,19,38,not_applicable,0,0,0
TXN_9434,CUST_2392,22936.35,Card,network_error,94172.42,12,7,0.8,2,11,inactive,0,2,0
TXN_9435,CUST_1415,4203.85,NetBanking,card_expired,63493.42,4,3,0.3,17,50,active,0,4,1
TXN_9436,CUST_1975,28005.43,Card,customer_abandoned,176086.47,23,7,0.43,10,77,active,1,1,1
TXN_9437,CUST_1979,14400.62,NetBanking,insufficient_funds,182445.42,6,1,0.46,10,66,not_applicable,1,1,1
TXN_9438,CUST_2767,12865.26,UPI,network_error,139027.26,2,3,0.41,16,73,inactive,1,3,0
TXN_9439,CUST_2995,20709.11,NetBanking,bank_declined,110454.31,20,0,0.15,14,74,inactive,1,1,1
TXN_9440,CUST_2259,23296.65,Card,bank_declined,69203.21,2,1,0.44,5,27,inactive,1,3,0
TXN_9441,CUST_2419,7089.79,Card,customer_abandoned,37057.72,26,8,0.85,10,6,inactive,1,3,0
TXN_9442,CUST_2411,33329.13,Card,customer_abandoned,84287.08,27,0,0.97,12,34,inactive,1,0,1
TXN_9443,CUST_2457,41536.4,NetBanking,bank_declined,98798.4,22,0,0.01,7,60,inactive,0,0,1
TXN_9444,CUST_2839,20444.07,Wallet,insufficient_funds,63524.76,10,5,0.36,15,5,inactive,1,4,1
TXN_9445,CUST_2753,18110.61,Wallet,customer_abandoned,84347.05,2,2,0.76,7,61,not_applicable,0,4,1
TXN_9446,CUST_1960,4296.07,Card,bank_declined,141109.94,15,6,0.48,16,45,inactive,1,1,0
TXN_9447,CUST_2277,13309.06,Wallet,bank_declined,9962.06,6,0,0.36,19,40,inactive,1,0,0
TXN_9448,CUST_2017,19166.96,Wallet,bank_declined,116487.77,28,1,0.73,13,67,inactive,1,2,1
TXN_9449,CUST_2410,33951.03,NetBanking,authentication_failed,173262.19,18,6,0.87,3,88,inactive,0,3,1
TXN_9450,CUST_1029,7743.13,UPI,authentication_failed,50962.76,0,4,0.5,9,26,inactive,0,2,0
TXN_9451,CUST_2474,6670.28,UPI,insufficient_funds,58262.3,1,6,0.98,21,60,active,1,3,0
TXN_9452,CUST_1050,21003.81,Card,customer_abandoned,2273.88,21,4,0.72,11,28,active,0,3,1
TXN_9453,CUST_2303,5246.69,Card,bank_declined,193742.79,2,5,0.78,4,61,inactive,0,0,1
TXN_9454,CUST_1289,47897.83,UPI,card_expired,82088.54,6,0,0.72,19,37,active,0,0,1
TXN_9455,CUST_2545,34886.32,UPI,authentication_failed,3801.74,15,5,0.13,6,58,inactive,0,1,0
TXN_9456,CUST_2485,703.43,Wallet,insufficient_funds,92931.21,0,2,0.52,13,80,not_applicable,1,2,1
TXN_9457,CUST_1701,5109.3,Wallet,insufficient_funds,37021.37,26,8,0.61,18,81,not_applicable,1,1,1
TXN_9458,CUST_2549,1392.42,UPI,network_error,108533.11,4,4,0.78,17,68,inactive,0,0,1
TXN_9459,CUST_2718,20717.33,Card,authentication_failed,65975.74,4,5,0.91,6,54,inactive,1,1,0
TXN_9460,CUST_1317,15986.18,UPI,bank_declined,179790.5,6,8,0.33,9,67,active,0,0,0
TXN_9461,CUST_1356,1748.46,NetBanking,insufficient_funds,196995.58,11,7,0.82,3,50,active,1,2,1
TXN_9462,CUST_1839,3131.69,Wallet,card_expired,15899.12,6,0,0.54,21,36,inactive,0,4,0
TXN_9463,CUST_1751,31177.19,UPI,network_error,120040.3,2,1,0.84,6,64,active,1,0,1
TXN_9464,CUST_1532,28935.39,Wallet,card_expired,155695.3,11,4,0.49,14,51,inactive,1,4,1
TXN_9465,CUST_2422,6650.68,NetBanking,bank_declined,147045.66,24,7,0.94,13,22,active,1,4,0
TXN_9466,CUST_2691,18380.19,Card,customer_abandoned,17626.39,20,4,0.64,16,49,inactive,0,3,0
TXN_9467,CUST_1034,2113.25,Card,insufficient_funds,150690.19,22,7,0.83,12,15,inactive,1,1,0
TXN_9468,CUST_1283,27332.13,Wallet,bank_declined,91063.43,23,1,0.88,15,20,not_applicable,0,2,1
TXN_9469,CUST_1742,32806.61,UPI,bank_declined,123457.09,11,8,0.37,16,42,active,0,4,0
TXN_9470,CUST_1371,1168.64,UPI,authentication_failed,86219.31,2,0,0.48,3,7,active,1,1,1
TXN_9471,CUST_2780,20779.14,UPI,insufficient_funds,56950.82,21,1,0.46,19,74,active,1,1,1
TXN_9472,CUST_2162,4658.89,NetBanking,authentication_failed,23495.56,24,8,0.32,7,39,active,0,4,0
TXN_9473,CUST_1074,11088.14,Wallet,customer_abandoned,157717.11,0,7,0.23,21,60,active,1,1,0
TXN_9474,CUST_2661,47459.12,Wallet,insufficient_funds,124871.55,6,4,0.06,10,7,not_applicable,1,4,0
TXN_9475,CUST_2937,30644.89,Card,customer_abandoned,108485.63,1,2,0.07,8,32,inactive,1,1,0
TXN_9476,CUST_2256,46459.24,Wallet,bank_declined,114830.15,5,2,0.44,10,62,inactive,0,0,0
TXN_9477,CUST_1633,6771.53,Card,insufficient_funds,81123.71,8,5,0.92,6,65,active,0,1,1
TXN_9478,CUST_1345,49549.84,UPI,card_expired,42354.73,22,0,0.41,2,75,active,1,4,0
TXN_9479,CUST_2587,29280.63,Card,card_expired,97227.5,12,7,0.67,5,31,inactive,1,0,0
TXN_9480,CUST_1130,19969.07,NetBanking,card_expired,147813.58,13,1,0.03,9,62,inactive,1,1,1
TXN_9481,CUST_2201,5782.42,Wallet,authentication_failed,87765.66,17,2,0.79,7,45,inactive,0,0,1
TXN_9482,CUST_2895,46796.94,NetBanking,bank_declined,177812.43,27,4,0.41,22,49,not_applicable,0,2,1
TXN_9483,CUST_2053,39508.27,Card,bank_declined,176298.26,12,3,0.17,9,62,active,1,4,1
TXN_9484,CUST_2318,45713.45,UPI,insufficient_funds,94786.88,27,7,0.8,14,11,active,1,4,1
TXN_9485,CUST_1803,28245.91,NetBanking,bank_declined,64647.96,1,6,0.16,11,3,active,0,1,1
TXN_9486,CUST_1757,169.5,Wallet,customer_abandoned,116330.99,9,1,0.86,9,4,inactive,1,0,1
TXN_9487,CUST_2720,16711.68,NetBanking,card_expired,117909.68,2,0,0.25,10,39,active,1,0,1
TXN_9488,CUST_1391,18393.5,Wallet,insufficient_funds,116741.13,16,3,0.23,22,33,not_applicable,1,4,0
TXN_9489,CUST_2173,8767.64,Card,card_expired,10193.59,19,1,0.47,1,69,active,1,3,1
TXN_9490,CUST_2109,2329.29,NetBanking,customer_abandoned,19005.96,16,5,0.49,19,80,not_applicable,0,4,0
TXN_9491,CUST_1356,31437.66,Card,insufficient_funds,21837.33,24,7,0.89,13,75,inactive,0,1,0
TXN_9492,CUST_2987,16315.35,Card,bank_declined,123587.54,15,8,0.49,13,19,inactive,1,3,1
TXN_9493,CUST_2609,25486.55,UPI,customer_abandoned,192033.2,12,1,0.2,10,83,not_applicable,0,0,1
TXN_9494,CUST_2089,39089.13,Wallet,insufficient_funds,156938.54,10,0,0.73,7,41,active,0,3,0
TXN_9495,CUST_2094,35157.05,Wallet,insufficient_funds,127580.94,30,1,0.46,22,32,active,1,3,1
TXN_9496,CUST_1925,20367.46,UPI,card_expired,124422.15,9,7,0.41,0,4,not_applicable,0,3,0
TXN_9497,CUST_1391,5415.83,Wallet,bank_declined,184969.98,21,6,0.02,9,48,active,0,2,1
TXN_9498,CUST_1088,22320.71,Wallet,bank_declined,53322.33,14,6,0.41,5,11,not_applicable,0,4,0
TXN_9499,CUST_2517,6632.26,Card,customer_abandoned,160330.92,21,5,0.76,18,29,active,0,3,0
TXN_9500,CUST_2038,33422.74,NetBanking,authentication_failed,122252.95,14,0,0.71,14,8,not_applicable,0,2,1
TXN_9501,CUST_1989,13572.34,NetBanking,insufficient_funds,133072.15,3,7,0.37,2,32,inactive,0,1,0
TXN_9502,CUST_1584,20490.59,Card,authentication_failed,152890.7,26,7,0.48,10,80,inactive,1,1,0
TXN_9503,CUST_2854,41610.24,UPI,customer_abandoned,176447.11,3,0,0.43,3,59,inactive,1,0,0
TXN_9504,CUST_2891,30673.68,Card,network_error,12536.91,19,1,0.69,21,16,inactive,0,2,0
TXN_9505,CUST_1567,19932.35,UPI,authentication_failed,35748.55,16,5,0.03,12,77,active,0,1,1
TXN_9506,CUST_2208,13522.77,Card,bank_declined,93314.03,17,1,0.39,1,7,active,0,2,1
TXN_9507,CUST_2309,25467.6,NetBanking,card_expired,92459.11,24,3,0.62,3,81,inactive,1,1,1
TXN_9508,CUST_1295,10810.49,UPI,network_error,163054.67,11,8,0.7,3,10,inactive,1,4,0
TXN_9509,CUST_2547,6252.16,UPI,card_expired,45583.89,12,7,0.58,21,66,not_applicable,1,1,1
TXN_9510,CUST_2694,44616.52,Wallet,authentication_failed,166550.08,4,8,0.04,1,49,active,1,4,0
TXN_9511,CUST_1273,44964.65,NetBanking,authentication_failed,12293.07,2,7,0.42,20,23,not_applicable,1,0,0
TXN_9512,CUST_1445,11714.24,UPI,insufficient_funds,103820.45,21,5,0.89,23,65,active,1,0,0
TXN_9513,CUST_2103,46997.88,NetBanking,card_expired,97337.85,8,2,0.41,2,15,active,0,4,0
TXN_9514,CUST_2764,20896.35,Card,authentication_failed,9346.97,16,2,0.72,18,12,inactive,1,2,1
TXN_9515,CUST_2802,2549.36,Wallet,insufficient_funds,5103.59,20,5,0.93,9,31,active,0,0,1
TXN_9516,CUST_1315,22450.17,NetBanking,authentication_failed,190164.71,22,5,0.47,20,37,active,0,2,0
TXN_9517,CUST_1598,27641.61,Card,customer_abandoned,18551.53,19,2,0.1,5,7,inactive,0,0,0
TXN_9518,CUST_1676,14542.14,UPI,authentication_failed,136055.37,18,8,0.51,22,84,not_applicable,1,0,0
TXN_9519,CUST_2524,25939.23,UPI,network_error,14729.71,20,7,0.35,5,31,active,1,4,1
TXN_9520,CUST_1500,11496.88,NetBanking,insufficient_funds,132377.44,23,0,0.05,14,27,not_applicable,1,0,1
TXN_9521,CUST_1649,35778.29,Card,bank_declined,86559.27,20,3,0.87,11,54,inactive,1,0,1
TXN_9522,CUST_1706,47928.8,NetBanking,customer_abandoned,57540.24,0,4,0.94,13,12,inactive,1,2,0
TXN_9523,CUST_1653,37284.43,Wallet,card_expired,180530.06,25,7,0.55,17,4,active,1,0,1
TXN_9524,CUST_2471,27130.68,NetBanking,insufficient_funds,120240.59,7,0,0.45,0,50,active,1,0,1
TXN_9525,CUST_2212,27719.81,Wallet,insufficient_funds,195512.2,5,2,0.79,12,19,not_applicable,0,3,1
TXN_9526,CUST_1225,32201.11,UPI,bank_declined,70233.83,14,7,0.17,14,52,inactive,0,1,0
TXN_9527,CUST_1957,415.47,NetBanking,insufficient_funds,135022.6,14,0,0.81,20,81,inactive,1,2,1
TXN_9528,CUST_1713,4683.33,Card,card_expired,67809.69,24,0,0.29,7,26,not_applicable,1,0,1
TXN_9529,CUST_1215,13278.69,Card,card_expired,68606.81,5,0,0.91,1,13,active,0,2,1
TXN_9530,CUST_2258,39297.35,Card,bank_declined,125540.91,3,5,0.34,21,64,active,0,0,1
TXN_9531,CUST_2773,29794.3,Card,insufficient_funds,2715.13,24,5,0.07,2,13,active,0,4,1
TXN_9532,CUST_2110,22381.74,NetBanking,insufficient_funds,81696.05,12,6,0.15,11,76,not_applicable,0,2,0
TXN_9533,CUST_1810,39907.85,UPI,customer_abandoned,165974.41,8,0,0.56,0,70,not_applicable,0,2,0
TXN_9534,CUST_2383,46641.77,NetBanking,card_expired,125168.52,28,8,0.8,12,1,inactive,0,0,1
TXN_9535,CUST_1990,22570.95,NetBanking,bank_declined,174318.87,15,0,0.34,15,32,not_applicable,1,1,0
TXN_9536,CUST_1284,32917.97,NetBanking,authentication_failed,31291.45,29,4,0.77,21,77,not_applicable,1,3,0
TXN_9537,CUST_2823,36422.91,Card,authentication_failed,198202.7,3,6,0.96,0,6,inactive,1,4,0
TXN_9538,CUST_1591,26772.42,UPI,customer_abandoned,135290.09,13,5,0.73,21,71,inactive,0,0,1
TXN_9539,CUST_1713,5208.07,Card,authentication_failed,119814.77,11,0,0.01,13,31,inactive,1,0,1
TXN_9540,CUST_2299,24534.17,Wallet,network_error,52295.65,16,5,0.39,7,3,inactive,1,2,0
TXN_9541,CUST_1793,46366.92,Wallet,bank_declined,24130.76,20,8,0.78,21,8,not_applicable,1,1,1
TXN_9542,CUST_2722,29316.59,Card,customer_abandoned,156110.97,9,3,0.22,6,40,active,1,0,1
TXN_9543,CUST_2781,16035.7,UPI,card_expired,19807.96,28,7,0.11,8,65,not_applicable,0,3,0
TXN_9544,CUST_1292,30783.5,Wallet,customer_abandoned,22060.21,25,8,0.57,11,22,active,1,3,0
TXN_9545,CUST_2363,45204.44,Wallet,insufficient_funds,125648.94,10,3,0.99,4,82,active,1,2,1
TXN_9546,CUST_1822,35236.89,NetBanking,network_error,6269.54,6,8,0.73,4,47,inactive,0,1,1
TXN_9547,CUST_2583,30604.26,Wallet,customer_abandoned,62598.08,12,1,0.16,22,79,inactive,1,4,1
TXN_9548,CUST_1191,45240.56,Card,authentication_failed,37532.91,18,1,0.92,0,16,not_applicable,0,4,0
TXN_9549,CUST_2022,36809.53,NetBanking,insufficient_funds,191929.59,5,8,0.15,18,74,active,1,2,0
TXN_9550,CUST_2320,16939.13,UPI,insufficient_funds,78307.07,23,3,0.75,2,78,active,1,3,1
TXN_9551,CUST_2139,48437.48,Card,bank_declined,37910.42,16,4,0.54,4,23,active,1,2,1
TXN_9552,CUST_1258,45950.92,UPI,network_error,3113.23,15,4,0.99,16,49,active,0,2,1
TXN_9553,CUST_2537,31314.43,Wallet,card_expired,72650.46,15,8,0.85,2,11,not_applicable,1,4,0
TXN_9554,CUST_1108,33174.27,Wallet,card_expired,130132.04,27,7,0.36,7,22,not_applicable,1,2,0
TXN_9555,CUST_2725,40404.54,Wallet,network_error,58653.47,18,7,0.85,8,71,inactive,0,4,0
TXN_9556,CUST_1738,17749.83,Card,card_expired,119255.18,16,6,0.65,2,76,not_applicable,0,3,0
TXN_9557,CUST_1301,41134.67,Wallet,insufficient_funds,32791.23,12,5,0.94,15,55,not_applicable,0,4,0
TXN_9558,CUST_2857,43036.47,Wallet,network_error,44875.44,4,8,0.03,5,39,active,1,4,0
TXN_9559,CUST_2492,16300.85,Wallet,authentication_failed,196907.94,29,0,0.1,8,21,not_applicable,1,4,0
TXN_9560,CUST_2396,2346.39,Card,bank_declined,44157.87,25,8,0.58,12,56,not_applicable,0,2,0
TXN_9561,CUST_1249,17568.78,NetBanking,bank_declined,18669.83,29,1,0.23,20,46,inactive,0,3,0
TXN_9562,CUST_1893,37308.78,Card,network_error,156209.33,18,6,0.78,14,22,not_applicable,0,2,0
TXN_9563,CUST_1994,44223.47,Wallet,bank_declined,100063.14,10,5,0.41,2,33,inactive,1,4,1
TXN_9564,CUST_2203,30600.14,Card,insufficient_funds,59585.33,8,3,0.56,1,76,not_applicable,1,1,1
TXN_9565,CUST_1324,42488.56,UPI,authentication_failed,56974.66,18,3,0.95,3,82,inactive,0,0,0
TXN_9566,CUST_1669,11635.23,Wallet,bank_declined,179222.83,8,8,0.88,6,29,not_applicable,0,3,0
TXN_9567,CUST_2022,33517.49,UPI,authentication_failed,61750.86,3,7,0.67,9,22,inactive,0,4,0
TXN_9568,CUST_2757,24989.08,Wallet,authentication_failed,83468.15,14,5,0.92,21,52,inactive,1,0,1
TXN_9569,CUST_2705,3205.59,Wallet,customer_abandoned,184646.77,11,2,0.08,9,86,active,1,2,1
TXN_9570,CUST_2058,38152.45,Wallet,insufficient_funds,155630.36,30,3,0.73,20,72,active,1,3,1
TXN_9571,CUST_1532,6735.01,NetBanking,insufficient_funds,187307.08,1,4,0.08,9,8,not_applicable,1,0,0
TXN_9572,CUST_1019,41798.73,Wallet,insufficient_funds,128611.88,6,0,0.35,15,83,not_applicable,1,1,0
TXN_9573,CUST_2548,44220.1,Wallet,card_expired,197719.01,26,4,0.05,16,51,active,1,3,1
TXN_9574,CUST_1655,13139.05,Wallet,authentication_failed,166644.98,25,3,0.35,9,3,not_applicable,1,4,1
TXN_9575,CUST_1805,27022.22,Card,authentication_failed,108763.15,22,4,0.86,2,25,inactive,0,3,0
TXN_9576,CUST_2068,42295.42,Wallet,insufficient_funds,73321.94,7,3,0.17,1,11,inactive,0,0,0
TXN_9577,CUST_2037,24967.95,Card,network_error,96198.26,20,0,0.81,13,88,active,1,4,1
TXN_9578,CUST_1342,44433.36,UPI,network_error,103322.91,19,7,0.22,13,34,not_applicable,1,3,0
TXN_9579,CUST_1041,43431.3,NetBanking,network_error,12178.39,25,4,0.12,5,0,inactive,0,0,1
TXN_9580,CUST_2091,21244.34,UPI,insufficient_funds,106990.51,30,0,0.02,2,67,not_applicable,0,3,0
TXN_9581,CUST_2924,19748.6,UPI,customer_abandoned,154955.39,12,2,0.83,1,15,active,0,3,0
TXN_9582,CUST_2705,23727.43,Wallet,insufficient_funds,44013.57,23,0,0.85,18,6,inactive,0,1,1
TXN_9583,CUST_1306,17878.97,Wallet,customer_abandoned,183286.3,20,6,0.98,7,90,inactive,1,3,1
TXN_9584,CUST_1632,49911.91,NetBanking,insufficient_funds,173912.86,20,4,0.7,1,90,inactive,1,1,1
TXN_9585,CUST_2319,47652.56,NetBanking,authentication_failed,175448.74,4,2,0.24,0,21,active,0,4,0
TXN_9586,CUST_2316,3595.78,NetBanking,card_expired,190708.46,0,7,0.57,13,33,not_applicable,0,2,0
TXN_9587,CUST_2162,14690.73,Card,card_expired,196150.62,11,6,0.62,3,82,not_applicable,0,3,0
TXN_9588,CUST_1081,25042.29,UPI,bank_declined,20611.46,14,7,0.08,9,39,active,1,3,0
TXN_9589,CUST_1311,25649.0,UPI,bank_declined,72471.49,22,5,0.57,23,72,not_applicable,1,4,0
TXN_9590,CUST_2680,47205.16,NetBanking,network_error,59448.63,20,1,0.07,13,81,not_applicable,0,3,1
TXN_9591,CUST_2973,4864.15,UPI,network_error,36542.3,21,5,0.42,12,70,active,1,4,1
TXN_9592,CUST_2733,13690.18,UPI,bank_declined,87749.4,21,1,0.93,11,42,not_applicable,0,0,1
TXN_9593,CUST_2300,39756.52,NetBanking,bank_declined,32405.56,27,7,0.18,0,1,inactive,0,0,0
TXN_9594,CUST_1993,11781.7,Card,customer_abandoned,180702.59,7,7,0.05,10,74,active,0,1,0
TXN_9595,CUST_2079,30251.05,Wallet,customer_abandoned,14139.16,2,3,0.73,3,66,not_applicable,0,4,0
TXN_9596,CUST_1694,36181.36,NetBanking,network_error,165558.07,1,1,0.32,13,3,active,1,0,1
TXN_9597,CUST_2353,13111.96,NetBanking,authentication_failed,41101.18,9,2,0.0,11,88,active,1,1,1
TXN_9598,CUST_2785,22102.33,NetBanking,card_expired,3600.88,14,0,0.01,19,38,active,0,3,0
TXN_9599,CUST_1732,795.49,NetBanking,customer_abandoned,75528.41,21,4,0.06,8,0,not_applicable,0,4,0
TXN_9600,CUST_2191,33502.13,NetBanking,authentication_failed,181461.42,19,2,0.41,20,84,not_applicable,0,0,1
TXN_9601,CUST_2320,1560.35,NetBanking,bank_declined,155760.32,27,6,0.06,6,1,not_applicable,0,4,1
TXN_9602,CUST_2426,44130.08,Wallet,network_error,157408.79,4,5,0.82,3,69,not_applicable,0,1,1
TXN_9603,CUST_2148,13317.76,NetBanking,card_expired,129002.97,9,1,0.44,1,22,inactive,0,4,0
TXN_9604,CUST_2117,23893.6,Wallet,bank_declined,130586.4,18,3,0.01,11,37,inactive,1,0,0
TXN_9605,CUST_1916,32661.34,NetBanking,bank_declined,32463.41,9,5,0.43,6,68,not_applicable,0,1,1
TXN_9606,CUST_1493,44221.04,NetBanking,insufficient_funds,82753.46,18,1,0.35,14,4,not_applicable,1,3,0
TXN_9607,CUST_2755,1855.94,NetBanking,card_expired,60195.09,16,2,0.94,13,63,not_applicable,0,4,1
TXN_9608,CUST_1325,40644.72,Wallet,bank_declined,70814.14,18,8,0.14,14,48,not_applicable,0,3,0
TXN_9609,CUST_2177,32360.6,UPI,insufficient_funds,85490.14,26,5,0.69,3,88,active,0,2,0
TXN_9610,CUST_1894,39174.78,Card,authentication_failed,100957.32,26,3,0.79,6,80,not_applicable,1,1,1
TXN_9611,CUST_1542,34052.18,NetBanking,authentication_failed,47891.16,15,2,0.27,7,49,active,1,1,1
TXN_9612,CUST_2075,9700.37,NetBanking,customer_abandoned,198409.64,22,8,0.42,9,82,not_applicable,0,0,1
TXN_9613,CUST_2681,8228.69,NetBanking,bank_declined,41607.71,15,5,0.56,16,58,active,1,4,0
TXN_9614,CUST_2077,32231.37,UPI,bank_declined,84987.27,1,7,0.81,9,40,active,0,2,1
TXN_9615,CUST_1364,28660.22,NetBanking,network_error,64893.57,26,1,0.7,16,56,not_applicable,0,0,1
TXN_9616,CUST_2338,19910.35,UPI,insufficient_funds,55930.39,24,3,0.61,0,6,active,1,1,0
TXN_9617,CUST_2756,6718.89,Wallet,bank_declined,160024.21,3,7,0.54,20,22,not_applicable,1,1,0
TXN_9618,CUST_1263,48088.04,NetBanking,authentication_failed,121569.08,9,8,0.83,15,89,not_applicable,0,3,0
TXN_9619,CUST_2870,12567.68,UPI,customer_abandoned,139203.56,21,0,0.92,4,77,not_applicable,1,2,0
TXN_9620,CUST_2321,9998.34,NetBanking,customer_abandoned,64060.93,17,2,0.52,16,9,inactive,1,0,0
TXN_9621,CUST_1953,9771.32,Card,network_error,46772.46,0,1,0.76,17,72,active,0,4,0
TXN_9622,CUST_2142,41976.52,Wallet,card_expired,186653.03,3,7,0.31,21,16,not_applicable,0,3,0
TXN_9623,CUST_1004,33333.99,Wallet,authentication_failed,191596.31,12,6,0.27,17,64,inactive,1,4,0
TXN_9624,CUST_2009,35244.24,NetBanking,authentication_failed,185753.74,7,1,0.82,14,24,active,0,1,0
TXN_9625,CUST_1059,19426.73,Wallet,card_expired,143835.7,8,8,0.8,0,59,active,1,2,1
TXN_9626,CUST_1444,33872.86,NetBanking,authentication_failed,10379.12,21,5,0.66,12,73,active,0,4,0
TXN_9627,CUST_2981,48082.31,Wallet,customer_abandoned,121830.79,29,4,0.61,22,31,inactive,0,0,0
TXN_9628,CUST_2977,4770.03,NetBanking,insufficient_funds,55986.94,5,4,0.66,1,74,active,1,0,1
TXN_9629,CUST_2145,17372.89,Card,customer_abandoned,178636.34,27,4,0.58,11,7,active,1,1,1
TXN_9630,CUST_1763,15612.04,UPI,authentication_failed,16135.62,5,6,0.56,18,22,inactive,0,3,0
TXN_9631,CUST_1139,42870.05,Wallet,bank_declined,115885.49,2,5,0.06,8,11,not_applicable,0,1,0
TXN_9632,CUST_2910,30855.25,Wallet,insufficient_funds,67764.17,1,2,0.51,2,27,inactive,0,1,1
TXN_9633,CUST_2234,17566.79,Card,card_expired,67838.7,4,3,0.82,18,87,not_applicable,1,2,1
TXN_9634,CUST_2986,3990.12,NetBanking,bank_declined,37008.05,3,2,0.95,4,59,inactive,0,3,1
TXN_9635,CUST_2664,11318.12,Wallet,network_error,111146.87,0,7,0.14,22,51,inactive,1,1,1
TXN_9636,CUST_2560,9346.76,UPI,network_error,10908.29,1,7,0.82,15,13,active,1,4,0
TXN_9637,CUST_2252,5515.27,Card,customer_abandoned,166946.89,7,3,0.76,2,22,not_applicable,1,0,0
TXN_9638,CUST_1181,45571.31,Wallet,customer_abandoned,98355.99,21,0,0.13,11,34,active,0,0,1
TXN_9639,CUST_2797,15990.21,UPI,customer_abandoned,18279.34,5,6,0.54,4,45,inactive,1,4,0
TXN_9640,CUST_2986,22243.79,NetBanking,network_error,36513.6,12,7,0.37,9,49,not_applicable,1,2,0
TXN_9641,CUST_1049,17613.09,NetBanking,network_error,68926.64,10,1,0.99,18,34,active,1,1,1
TXN_9642,CUST_1688,25741.7,NetBanking,authentication_failed,116295.75,4,5,0.62,21,1,not_applicable,1,0,0
TXN_9643,CUST_1162,4105.2,NetBanking,bank_declined,130188.68,25,4,0.36,14,88,inactive,0,2,1
TXN_9644,CUST_1866,14945.91,NetBanking,card_expired,26926.4,8,2,0.92,10,38,not_applicable,0,1,1
TXN_9645,CUST_2556,7270.19,UPI,customer_abandoned,125607.59,7,2,0.52,13,0,active,1,2,1
TXN_9646,CUST_2586,21853.81,UPI,bank_declined,93966.69,14,6,0.78,22,81,not_applicable,1,1,1
TXN_9647,CUST_2901,19886.81,Card,bank_declined,191607.25,5,0,0.19,3,66,not_applicable,1,3,0
TXN_9648,CUST_2770,9659.19,UPI,insufficient_funds,5078.6,1,7,0.27,13,25,active,0,4,0
TXN_9649,CUST_2833,7818.79,Wallet,network_error,73173.73,27,5,0.02,7,46,not_applicable,0,4,1
TXN_9650,CUST_2703,39799.89,NetBanking,network_error,82871.35,19,1,0.98,21,56,active,0,2,1
TXN_9651,CUST_2065,37211.72,Wallet,authentication_failed,39267.78,17,2,0.84,20,30,not_applicable,1,2,0
TXN_9652,CUST_1247,11891.88,NetBanking,insufficient_funds,137606.39,0,3,0.75,8,51,inactive,1,1,1
TXN_9653,CUST_1100,23802.95,UPI,bank_declined,20410.28,17,0,0.17,16,11,active,1,1,1
TXN_9654,CUST_2737,28052.26,Wallet,customer_abandoned,125427.32,8,6,0.92,0,5,active,0,0,1
TXN_9655,CUST_1748,13104.51,Wallet,network_error,12835.24,7,1,0.88,23,8,active,1,4,1
TXN_9656,CUST_1758,36892.37,NetBanking,network_error,3915.22,22,3,0.49,19,87,active,0,1,1
TXN_9657,CUST_1512,1613.53,UPI,insufficient_funds,155358.89,25,4,0.51,15,51,inactive,1,2,1
TXN_9658,CUST_2122,40309.34,NetBanking,network_error,89937.77,2,5,0.0,19,13,active,0,2,0
TXN_9659,CUST_1655,12858.57,Card,authentication_failed,166284.53,29,7,0.82,20,13,inactive,0,0,0
TXN_9660,CUST_1560,23752.73,Card,customer_abandoned,8999.6,29,1,0.35,2,24,not_applicable,1,2,0
TXN_9661,CUST_1014,11929.77,Card,insufficient_funds,24308.46,20,0,0.51,23,52,not_applicable,0,3,0
TXN_9662,CUST_1462,33823.86,NetBanking,customer_abandoned,152068.41,11,7,0.7,3,61,inactive,1,1,0
TXN_9663,CUST_2767,11223.03,UPI,network_error,114383.58,12,4,0.36,1,10,inactive,0,2,0
TXN_9664,CUST_2154,22069.95,NetBanking,card_expired,191983.07,30,4,0.77,11,34,inactive,1,1,0
TXN_9665,CUST_2093,24629.03,UPI,authentication_failed,89232.25,26,3,0.53,15,19,inactive,1,3,0
TXN_9666,CUST_1218,45235.05,Wallet,customer_abandoned,159071.8,17,8,0.8,6,63,not_applicable,1,0,1
TXN_9667,CUST_1216,3647.34,NetBanking,authentication_failed,136932.39,29,1,0.37,21,5,active,1,0,0
TXN_9668,CUST_2536,39038.89,Card,network_error,29920.3,27,4,0.6,22,51,inactive,1,3,0
TXN_9669,CUST_1138,28450.07,UPI,bank_declined,103294.39,4,7,0.23,5,24,not_applicable,1,2,0
TXN_9670,CUST_1635,38423.61,Card,bank_declined,4719.27,9,7,0.78,15,71,not_applicable,0,0,0
TXN_9671,CUST_1653,46817.51,Card,network_error,199466.99,26,0,0.66,15,37,not_applicable,1,4,1
TXN_9672,CUST_2463,23806.79,Card,bank_declined,41638.87,16,8,0.1,6,73,inactive,1,3,0
TXN_9673,CUST_2226,40294.21,UPI,customer_abandoned,53091.54,21,6,0.42,12,41,not_applicable,0,2,0
TXN_9674,CUST_1617,45404.1,NetBanking,bank_declined,28587.61,0,3,0.24,5,90,active,0,1,0
TXN_9675,CUST_1538,2072.83,UPI,bank_declined,131567.01,26,2,0.64,15,33,active,1,4,0
TXN_9676,CUST_2155,23461.42,UPI,bank_declined,171128.67,25,6,0.16,10,38,inactive,0,3,0
TXN_9677,CUST_2932,25666.29,Card,network_error,82539.34,22,2,0.57,0,33,active,1,4,0
TXN_9678,CUST_2650,45863.39,Card,authentication_failed,46773.65,22,4,0.3,5,34,active,1,0,1
TXN_9679,CUST_1593,46396.74,UPI,insufficient_funds,80174.96,12,0,0.45,12,63,active,1,3,0
TXN_9680,CUST_1258,25697.38,NetBanking,insufficient_funds,24831.34,16,2,0.44,17,27,active,0,0,1
TXN_9681,CUST_2379,35988.53,Card,network_error,129425.02,6,3,0.12,16,41,active,0,2,1
TXN_9682,CUST_2011,36704.88,UPI,card_expired,176157.85,22,6,0.05,21,63,active,0,4,0
TXN_9683,CUST_1343,32205.89,NetBanking,network_error,110061.18,28,1,0.16,11,57,inactive,0,0,1
TXN_9684,CUST_2952,48726.92,Wallet,bank_declined,126549.14,7,6,0.45,7,77,inactive,1,4,0
TXN_9685,CUST_1087,10719.84,Card,network_error,83450.96,3,8,0.53,8,30,not_applicable,1,4,0
TXN_9686,CUST_1339,46056.53,Card,authentication_failed,59240.95,16,3,0.06,6,52,not_applicable,0,4,1
TXN_9687,CUST_1688,10931.68,Wallet,insufficient_funds,76426.57,15,8,0.53,6,1,active,0,0,0
TXN_9688,CUST_2288,26809.9,NetBanking,network_error,90100.92,9,4,0.58,2,41,not_applicable,1,4,1
TXN_9689,CUST_2187,40915.44,Wallet,bank_declined,34624.66,16,2,0.8,21,69,inactive,1,4,0
TXN_9690,CUST_2509,34565.64,Card,customer_abandoned,131789.46,21,3,0.44,3,69,not_applicable,0,4,0
TXN_9691,CUST_1037,36904.99,Card,insufficient_funds,25441.23,10,7,0.26,7,81,active,0,4,0
TXN_9692,CUST_2956,42076.47,Card,customer_abandoned,136320.52,13,1,0.45,23,48,not_applicable,0,1,0
TXN_9693,CUST_2030,35867.39,Wallet,authentication_failed,182805.02,9,7,0.08,7,11,active,0,4,0
TXN_9694,CUST_2034,35366.72,Card,insufficient_funds,42291.14,27,4,0.33,16,14,inactive,0,0,1
TXN_9695,CUST_1387,39736.85,Card,network_error,99221.66,5,8,0.49,17,87,not_applicable,1,3,0
TXN_9696,CUST_2610,11506.6,UPI,insufficient_funds,184691.24,11,8,0.32,23,77,inactive,1,0,1
TXN_9697,CUST_2165,7524.11,Wallet,bank_declined,87414.44,5,6,0.9,20,30,not_applicable,0,1,1
TXN_9698,CUST_2373,18151.42,Wallet,network_error,31644.12,19,8,0.31,1,26,active,1,1,1
TXN_9699,CUST_2152,32260.99,Wallet,network_error,99735.19,12,2,0.77,18,2,not_applicable,0,1,1
TXN_9700,CUST_1935,12640.31,NetBanking,insufficient_funds,157066.88,26,2,0.85,17,26,not_applicable,0,3,1
TXN_9701,CUST_1706,46390.62,Wallet,network_error,156806.68,6,5,0.6,1,87,not_applicable,0,1,1
TXN_9702,CUST_2420,30057.89,UPI,customer_abandoned,104717.03,8,7,0.36,21,86,not_applicable,0,0,1
TXN_9703,CUST_1194,6224.09,Card,bank_declined,95227.04,18,0,0.54,14,35,not_applicable,0,2,1
TXN_9704,CUST_1202,32629.3,Card,customer_abandoned,101653.33,26,3,0.26,11,53,inactive,0,0,0
TXN_9705,CUST_1970,32910.51,UPI,customer_abandoned,171779.37,18,0,0.28,3,34,not_applicable,1,1,0
TXN_9706,CUST_2500,35737.27,NetBanking,customer_abandoned,77297.63,29,2,0.81,14,22,active,0,4,1
TXN_9707,CUST_2168,29786.5,NetBanking,authentication_failed,123100.13,21,0,0.53,19,3,not_applicable,0,2,1
TXN_9708,CUST_2628,8444.62,UPI,network_error,137271.51,26,4,0.34,21,69,not_applicable,1,1,1
TXN_9709,CUST_1260,16722.16,UPI,network_error,95313.3,17,6,0.62,15,31,inactive,1,1,0
TXN_9710,CUST_2283,24223.41,NetBanking,insufficient_funds,65321.54,24,5,0.49,5,31,inactive,0,0,1
TXN_9711,CUST_2789,17400.37,Card,authentication_failed,83442.13,20,0,0.56,2,50,not_applicable,1,2,0
TXN_9712,CUST_2816,10533.32,UPI,bank_declined,28938.06,2,7,0.35,8,62,inactive,0,1,0
TXN_9713,CUST_2373,29215.78,NetBanking,card_expired,36005.96,21,6,0.38,12,80,inactive,1,3,0
TXN_9714,CUST_2273,31556.46,NetBanking,customer_abandoned,170218.79,13,5,0.63,20,0,active,0,2,1
TXN_9715,CUST_1039,33487.28,NetBanking,network_error,6968.14,16,0,0.12,22,13,inactive,0,3,1
TXN_9716,CUST_2628,5000.04,Wallet,bank_declined,52836.26,1,6,0.53,1,31,active,1,2,0
TXN_9717,CUST_2795,46762.3,NetBanking,network_error,170997.1,19,3,0.97,22,79,not_applicable,1,1,1
TXN_9718,CUST_2816,42584.98,Card,card_expired,160943.08,18,1,0.9,19,33,not_applicable,1,3,1
TXN_9719,CUST_2844,39415.66,Wallet,card_expired,11206.09,20,4,0.08,6,31,not_applicable,1,0,1
TXN_9720,CUST_1356,45747.96,Card,network_error,13172.7,7,0,0.1,13,15,not_applicable,0,3,1
TXN_9721,CUST_2464,5458.89,Wallet,customer_abandoned,174081.5,1,6,0.79,3,78,not_applicable,1,4,0
TXN_9722,CUST_2490,1190.19,UPI,customer_abandoned,107343.29,2,8,1.0,14,86,active,1,3,1
TXN_9723,CUST_2340,15570.27,Card,bank_declined,77875.54,20,1,0.39,1,42,inactive,1,3,1
TXN_9724,CUST_2565,17122.52,Card,bank_declined,30411.62,4,7,0.75,8,16,active,1,4,0
TXN_9725,CUST_2846,3931.26,NetBanking,card_expired,158220.4,20,7,0.59,3,58,not_applicable,0,1,0
TXN_9726,CUST_1899,33699.82,NetBanking,network_error,101568.17,25,4,0.65,17,53,inactive,0,2,0
TXN_9727,CUST_2694,30714.37,Card,network_error,132260.5,8,8,0.61,18,29,inactive,0,3,0
TXN_9728,CUST_1644,8681.42,UPI,authentication_failed,67799.85,16,7,0.69,22,1,active,0,2,0
TXN_9729,CUST_1220,20365.84,Card,authentication_failed,152094.59,3,6,0.01,1,21,inactive,0,1,0
TXN_9730,CUST_1536,24512.4,NetBanking,insufficient_funds,75975.75,27,1,0.34,0,21,active,0,0,1
TXN_9731,CUST_1458,16779.18,Card,insufficient_funds,78892.28,13,0,0.44,20,73,active,0,4,0
TXN_9732,CUST_2791,22733.19,Card,network_error,159460.58,0,7,0.64,5,53,active,0,1,1
TXN_9733,CUST_2156,13930.94,Card,card_expired,16770.59,21,0,0.95,0,19,active,0,4,0
TXN_9734,CUST_2423,4331.33,NetBanking,card_expired,115241.13,3,2,0.96,8,1,active,1,1,0
TXN_9735,CUST_1267,24641.43,NetBanking,insufficient_funds,48979.49,15,4,0.28,23,67,inactive,0,0,0
TXN_9736,CUST_1821,39050.71,NetBanking,authentication_failed,106209.97,21,8,0.12,16,20,inactive,1,3,1
TXN_9737,CUST_2247,42253.66,UPI,customer_abandoned,28967.22,27,2,0.06,18,1,not_applicable,0,3,0
TXN_9738,CUST_1821,14278.72,UPI,bank_declined,57366.69,28,5,0.09,1,86,not_applicable,0,0,1
TXN_9739,CUST_2714,41525.31,Card,network_error,23653.08,23,2,0.88,14,70,active,1,1,1
TXN_9740,CUST_2771,16339.51,NetBanking,card_expired,174378.86,18,8,0.6,6,89,inactive,1,2,1
TXN_9741,CUST_1462,23516.47,Wallet,bank_declined,100629.56,1,1,0.29,23,23,inactive,1,4,0
TXN_9742,CUST_1073,28430.83,NetBanking,network_error,189464.79,9,3,0.6,4,82,active,1,2,1
TXN_9743,CUST_2958,449.11,Card,insufficient_funds,170346.58,4,4,0.36,16,30,not_applicable,0,3,0
TXN_9744,CUST_2246,40056.48,UPI,network_error,189127.5,20,5,0.75,9,43,inactive,0,2,1
TXN_9745,CUST_2375,19629.78,NetBanking,bank_declined,152120.31,3,3,0.91,4,29,inactive,1,0,0
TXN_9746,CUST_1853,25626.89,Card,bank_declined,164682.44,5,3,0.05,1,84,not_applicable,0,4,0
TXN_9747,CUST_2370,18638.52,Wallet,card_expired,195129.25,21,3,0.0,22,81,inactive,1,2,1
TXN_9748,CUST_1296,46527.57,UPI,bank_declined,62028.97,11,2,0.23,8,18,not_applicable,0,2,0
TXN_9749,CUST_1340,37292.41,Wallet,customer_abandoned,94963.4,15,3,0.95,16,82,not_applicable,0,3,0
TXN_9750,CUST_2572,45679.45,Wallet,customer_abandoned,151346.11,3,3,0.37,3,80,not_applicable,1,3,1
TXN_9751,CUST_1467,6746.79,NetBanking,bank_declined,27065.52,22,0,0.93,0,21,active,0,1,1
TXN_9752,CUST_2797,303.57,Wallet,network_error,78417.07,17,8,0.1,13,74,inactive,0,1,0
TXN_9753,CUST_1977,46142.41,UPI,bank_declined,97002.85,15,0,0.43,22,20,inactive,0,0,1
TXN_9754,CUST_2578,11387.11,Card,authentication_failed,60295.21,27,2,0.1,1,6,active,0,1,1
TXN_9755,CUST_2203,30623.41,UPI,insufficient_funds,186114.52,3,0,0.74,17,6,active,0,4,0
TXN_9756,CUST_2814,15469.15,Card,insufficient_funds,177770.37,24,0,0.95,6,69,not_applicable,1,4,0
TXN_9757,CUST_1215,2036.27,NetBanking,insufficient_funds,121265.78,28,4,0.64,3,59,not_applicable,0,3,0
TXN_9758,CUST_1751,49621.37,NetBanking,insufficient_funds,58946.3,25,1,0.22,12,22,not_applicable,1,1,1
TXN_9759,CUST_2217,16225.05,NetBanking,customer_abandoned,184881.86,28,5,0.44,11,28,not_applicable,1,0,0
TXN_9760,CUST_2168,31330.52,Wallet,authentication_failed,17141.82,2,5,0.76,21,38,active,0,0,1
TXN_9761,CUST_1736,23753.89,Card,card_expired,191183.89,22,8,0.58,7,60,active,1,4,0
TXN_9762,CUST_2874,46224.81,Wallet,bank_declined,133602.72,9,4,0.43,19,51,active,0,2,1
TXN_9763,CUST_2728,36442.14,Card,bank_declined,193008.34,29,6,0.47,12,7,inactive,1,1,0
TXN_9764,CUST_2226,26011.05,NetBanking,authentication_failed,145959.0,8,2,0.0,5,3,not_applicable,0,0,1
TXN_9765,CUST_1218,44329.51,NetBanking,card_expired,108718.29,25,1,0.12,1,8,inactive,0,4,1
TXN_9766,CUST_1904,6978.5,UPI,customer_abandoned,102001.88,13,7,0.09,20,5,inactive,0,0,0
TXN_9767,CUST_1328,15971.66,NetBanking,insufficient_funds,166367.29,30,3,0.8,11,4,not_applicable,0,2,0
TXN_9768,CUST_1546,12949.41,Card,card_expired,13298.42,7,5,0.44,15,36,active,1,0,0
TXN_9769,CUST_2960,9007.14,UPI,card_expired,119862.73,29,4,0.59,5,87,not_applicable,0,2,1
TXN_9770,CUST_1171,22200.95,NetBanking,network_error,106513.52,23,3,0.27,18,73,active,1,1,0
TXN_9771,CUST_1950,8138.82,UPI,customer_abandoned,51526.46,11,5,0.16,15,19,not_applicable,1,3,0
TXN_9772,CUST_2126,43961.06,NetBanking,customer_abandoned,56293.97,26,1,0.72,16,13,inactive,0,4,0
TXN_9773,CUST_1383,31830.09,Wallet,insufficient_funds,185707.06,25,3,0.84,12,18,inactive,0,2,1
TXN_9774,CUST_2358,42275.61,UPI,authentication_failed,90912.88,2,7,0.35,21,80,active,1,4,0
TXN_9775,CUST_1469,47515.37,Card,authentication_failed,19732.96,11,4,0.77,8,3,inactive,1,2,1
TXN_9776,CUST_2595,19068.79,Wallet,card_expired,174890.78,21,2,0.55,2,70,active,1,0,1
TXN_9777,CUST_1020,25451.62,Wallet,customer_abandoned,158138.74,27,2,0.53,13,70,inactive,0,0,1
TXN_9778,CUST_2143,22307.55,NetBanking,bank_declined,184944.73,27,7,0.66,13,4,not_applicable,1,3,0
TXN_9779,CUST_2231,39318.23,Wallet,customer_abandoned,19047.99,27,2,0.58,16,52,inactive,1,1,1
TXN_9780,CUST_1474,7044.04,Card,customer_abandoned,41339.2,19,8,0.78,23,77,not_applicable,1,1,1
TXN_9781,CUST_1655,15689.69,UPI,bank_declined,57689.79,18,6,0.05,22,20,inactive,0,2,0
TXN_9782,CUST_2482,38319.9,NetBanking,authentication_failed,5408.37,0,3,0.11,22,14,inactive,0,4,0
TXN_9783,CUST_2529,29719.69,NetBanking,card_expired,143334.28,2,3,0.23,2,27,inactive,0,0,1
TXN_9784,CUST_1619,24045.57,NetBanking,customer_abandoned,122450.09,15,5,0.09,2,57,inactive,0,0,0
TXN_9785,CUST_2242,38690.56,Card,customer_abandoned,45557.78,13,2,0.09,2,75,inactive,0,0,0
TXN_9786,CUST_1611,27442.03,NetBanking,network_error,121970.89,5,6,0.62,20,47,inactive,0,2,0
TXN_9787,CUST_2884,24739.32,Wallet,customer_abandoned,184908.95,12,0,0.53,3,72,not_applicable,1,3,0
TXN_9788,CUST_2838,13421.77,UPI,insufficient_funds,174347.55,13,0,0.02,17,14,active,1,2,1
TXN_9789,CUST_2365,19254.13,NetBanking,card_expired,121176.93,11,4,0.36,20,69,inactive,0,2,0
TXN_9790,CUST_1085,1114.54,NetBanking,bank_declined,81772.0,3,1,0.83,1,81,not_applicable,0,1,1
TXN_9791,CUST_1030,2732.27,Wallet,customer_abandoned,99808.29,3,5,0.98,9,61,active,0,2,0
TXN_9792,CUST_1948,3595.82,Wallet,insufficient_funds,119428.2,7,7,0.25,3,26,active,0,4,0
TXN_9793,CUST_1632,41542.31,Card,customer_abandoned,40570.89,14,1,0.72,1,7,active,1,3,1
TXN_9794,CUST_1882,45257.39,UPI,network_error,194619.44,6,2,0.48,17,89,not_applicable,1,4,0
TXN_9795,CUST_2072,37317.54,UPI,bank_declined,64416.15,18,4,0.23,22,85,inactive,1,0,0
TXN_9796,CUST_1807,21687.51,NetBanking,bank_declined,1316.57,20,1,0.84,10,22,inactive,0,3,0
TXN_9797,CUST_2417,8511.07,NetBanking,customer_abandoned,6997.8,1,0,0.29,3,48,not_applicable,0,2,1
TXN_9798,CUST_1403,46681.21,Wallet,bank_declined,62889.69,8,3,0.84,2,48,active,0,0,1
TXN_9799,CUST_1053,32751.8,Card,insufficient_funds,67554.33,0,4,0.52,21,44,not_applicable,0,0,0
TXN_9800,CUST_2078,3149.61,Card,card_expired,28736.26,10,0,0.29,19,48,not_applicable,0,0,0
TXN_9801,CUST_1179,48287.04,NetBanking,authentication_failed,165705.01,12,3,0.23,22,65,inactive,1,3,0
TXN_9802,CUST_2109,22045.16,NetBanking,bank_declined,78007.68,8,1,0.04,21,19,active,0,3,0
TXN_9803,CUST_2566,3733.32,UPI,network_error,160581.82,4,2,0.69,20,14,inactive,1,1,1
TXN_9804,CUST_2853,32392.11,Wallet,customer_abandoned,47374.36,0,3,0.27,4,1,active,0,4,0
TXN_9805,CUST_1044,39870.88,Card,authentication_failed,42927.58,27,1,0.56,10,39,active,1,4,0
TXN_9806,CUST_1637,14323.37,Card,authentication_failed,47860.78,7,8,0.65,3,14,active,0,0,0
TXN_9807,CUST_1686,36092.83,Wallet,insufficient_funds,44768.74,28,1,0.01,5,87,inactive,1,1,0
TXN_9808,CUST_2439,5831.21,Card,network_error,50014.74,0,2,0.31,10,53,inactive,0,1,0
TXN_9809,CUST_2428,31332.0,Card,authentication_failed,37668.82,3,7,0.6,3,21,active,0,0,1
TXN_9810,CUST_2801,19505.97,NetBanking,bank_declined,49944.63,28,4,0.68,0,79,active,1,1,1
TXN_9811,CUST_2843,3987.82,Wallet,customer_abandoned,133669.25,16,8,0.49,13,73,active,1,4,1
TXN_9812,CUST_1113,9616.81,Card,insufficient_funds,52385.07,12,6,0.54,11,50,not_applicable,0,0,0
TXN_9813,CUST_2489,19379.63,UPI,customer_abandoned,149460.63,20,0,0.56,7,65,not_applicable,1,2,0
TXN_9814,CUST_2313,7747.42,NetBanking,network_error,146068.67,25,7,0.46,12,10,active,1,1,1
TXN_9815,CUST_2139,11801.13,Card,card_expired,6125.52,6,4,0.46,8,30,active,1,3,0
TXN_9816,CUST_1184,49373.73,NetBanking,card_expired,173832.32,15,2,0.83,23,1,inactive,0,1,1
TXN_9817,CUST_2235,40373.67,NetBanking,bank_declined,54107.06,25,1,0.56,9,72,active,1,0,1
TXN_9818,CUST_2318,8649.96,UPI,insufficient_funds,15450.07,4,8,0.56,8,18,inactive,1,0,0
TXN_9819,CUST_2973,35928.35,Wallet,card_expired,184372.23,28,3,0.16,4,81,inactive,1,1,1
TXN_9820,CUST_1752,36964.85,UPI,card_expired,58081.09,14,7,0.92,4,60,inactive,0,2,0
TXN_9821,CUST_1740,5277.34,NetBanking,authentication_failed,6452.55,0,8,0.98,9,84,not_applicable,0,0,1
TXN_9822,CUST_1030,21172.05,Card,bank_declined,11062.1,9,6,0.62,19,34,active,0,3,0
TXN_9823,CUST_1577,46842.48,Card,insufficient_funds,159137.72,19,7,0.65,20,51,not_applicable,0,1,0
TXN_9824,CUST_1959,35093.3,UPI,insufficient_funds,58544.49,20,2,0.04,4,51,not_applicable,1,0,1
TXN_9825,CUST_2934,24485.36,UPI,network_error,152838.19,5,4,0.87,9,18,active,1,1,1
TXN_9826,CUST_2836,22528.7,UPI,card_expired,94609.68,1,6,0.32,23,43,inactive,0,1,0
TXN_9827,CUST_2146,26152.85,Wallet,bank_declined,182877.2,22,3,0.65,6,85,inactive,0,4,0
TXN_9828,CUST_2581,8323.95,UPI,insufficient_funds,75104.48,6,6,0.35,1,39,not_applicable,1,3,0
TXN_9829,CUST_1529,9261.19,Card,insufficient_funds,195666.31,8,2,0.15,10,33,not_applicable,0,3,0
TXN_9830,CUST_1203,752.15,UPI,bank_declined,81985.25,10,7,0.31,12,74,active,0,4,0
TXN_9831,CUST_1872,24954.06,Card,bank_declined,120474.63,27,8,0.58,22,38,inactive,0,3,0
TXN_9832,CUST_2403,42242.93,Card,insufficient_funds,177456.71,15,6,0.74,19,81,not_applicable,1,4,0
TXN_9833,CUST_1115,48068.49,NetBanking,card_expired,189532.22,1,4,0.71,8,28,active,1,2,1
TXN_9834,CUST_2731,12605.86,UPI,network_error,151513.88,7,5,0.88,19,6,inactive,0,0,0
TXN_9835,CUST_2278,31490.72,Wallet,bank_declined,39407.94,1,7,0.36,7,30,not_applicable,1,1,1
TXN_9836,CUST_1668,943.25,UPI,insufficient_funds,128611.59,24,0,0.77,18,25,not_applicable,0,0,1
TXN_9837,CUST_2066,3900.77,Wallet,customer_abandoned,164004.76,16,3,0.14,21,74,not_applicable,1,4,0
TXN_9838,CUST_1134,35391.98,NetBanking,customer_abandoned,163580.21,12,3,0.86,12,48,not_applicable,1,1,1
TXN_9839,CUST_2194,23846.0,UPI,customer_abandoned,169815.14,17,0,0.56,1,74,active,0,3,1
TXN_9840,CUST_1479,21755.27,Card,insufficient_funds,75189.98,16,5,0.48,3,34,not_applicable,0,4,0
TXN_9841,CUST_2002,17242.97,Card,bank_declined,198739.2,28,8,0.34,12,4,inactive,0,3,0
TXN_9842,CUST_2546,17760.81,Wallet,bank_declined,118565.49,9,5,0.91,0,62,not_applicable,1,3,1
TXN_9843,CUST_2030,42127.83,Wallet,authentication_failed,171942.71,0,4,0.92,15,63,not_applicable,0,0,0
TXN_9844,CUST_1177,22972.46,Card,authentication_failed,77654.34,25,8,0.38,11,73,inactive,1,0,1
TXN_9845,CUST_2184,20149.97,UPI,card_expired,123649.73,19,2,0.38,2,15,inactive,0,2,1
TXN_9846,CUST_2189,17718.55,NetBanking,network_error,160947.65,12,6,0.6,3,33,not_applicable,1,4,1
TXN_9847,CUST_2683,41649.55,Wallet,customer_abandoned,97670.34,18,3,0.24,16,74,active,1,4,1
TXN_9848,CUST_1546,36359.64,UPI,card_expired,93371.02,21,3,0.23,23,47,active,1,2,1
TXN_9849,CUST_2293,12766.08,UPI,customer_abandoned,188059.67,21,0,0.63,11,37,inactive,0,0,1
TXN_9850,CUST_1633,10864.96,Card,insufficient_funds,143627.93,9,3,0.71,2,88,inactive,1,2,1
TXN_9851,CUST_1234,30753.62,NetBanking,insufficient_funds,121169.93,6,6,0.36,21,33,active,0,4,1
TXN_9852,CUST_2107,24016.0,UPI,network_error,5045.25,16,7,0.35,17,81,active,0,1,1
TXN_9853,CUST_1777,18232.85,Card,insufficient_funds,122044.23,0,0,0.02,7,85,not_applicable,1,4,1
TXN_9854,CUST_2258,30554.43,NetBanking,network_error,59779.0,4,1,0.31,10,47,active,1,1,1
TXN_9855,CUST_1215,12479.78,Card,network_error,1864.04,22,2,0.03,6,90,active,0,3,1
TXN_9856,CUST_1289,6298.66,Wallet,insufficient_funds,5450.37,30,7,0.86,13,11,active,1,1,1
TXN_9857,CUST_1102,25205.82,NetBanking,bank_declined,36702.41,2,5,0.05,12,69,not_applicable,0,0,1
TXN_9858,CUST_2634,6335.35,Wallet,card_expired,6117.66,15,4,0.59,18,88,not_applicable,1,0,1
TXN_9859,CUST_2631,21870.67,UPI,customer_abandoned,58478.37,16,8,0.32,18,22,inactive,1,1,0
TXN_9860,CUST_2826,48220.87,Card,customer_abandoned,103875.66,20,6,0.57,14,32,active,1,2,1
TXN_9861,CUST_1839,39896.34,UPI,insufficient_funds,121973.91,25,2,0.76,23,22,not_applicable,1,3,1
TXN_9862,CUST_1050,18626.63,Card,bank_declined,164803.65,18,3,0.87,11,47,active,1,0,1
TXN_9863,CUST_1972,27178.74,Wallet,insufficient_funds,137044.84,15,8,0.08,15,50,inactive,0,3,1
TXN_9864,CUST_2488,26053.48,UPI,authentication_failed,129446.03,11,2,0.18,1,75,not_applicable,1,3,0
TXN_9865,CUST_2430,6137.96,Card,bank_declined,53535.75,15,7,0.49,14,32,active,1,2,0
TXN_9866,CUST_2546,26732.8,Wallet,card_expired,49648.26,20,3,0.04,9,87,inactive,0,4,0
TXN_9867,CUST_1074,21065.98,UPI,card_expired,196886.42,17,0,0.78,5,74,active,1,1,0
TXN_9868,CUST_2696,710.53,NetBanking,card_expired,155781.27,24,0,0.19,14,33,not_applicable,0,0,0
TXN_9869,CUST_1687,22426.34,NetBanking,authentication_failed,114749.17,14,2,0.13,1,44,inactive,1,1,0
TXN_9870,CUST_1350,1943.54,Wallet,insufficient_funds,9158.87,19,2,0.66,23,53,not_applicable,0,3,1
TXN_9871,CUST_1761,38891.91,UPI,customer_abandoned,94362.0,1,6,0.06,14,0,not_applicable,0,1,0
TXN_9872,CUST_2823,7978.82,UPI,network_error,195186.29,18,7,0.4,7,25,not_applicable,0,4,1
TXN_9873,CUST_1989,35286.61,UPI,customer_abandoned,121480.3,30,7,0.95,4,25,inactive,0,4,0
TXN_9874,CUST_2521,22798.99,UPI,bank_declined,173079.87,28,1,0.55,6,55,not_applicable,0,4,0
TXN_9875,CUST_2021,10524.93,UPI,customer_abandoned,150823.32,0,0,0.01,5,26,not_applicable,1,3,1
TXN_9876,CUST_2709,1019.06,UPI,bank_declined,126566.82,7,1,0.6,6,37,inactive,1,0,1
TXN_9877,CUST_1834,23769.72,Card,authentication_failed,170633.64,16,8,0.66,7,22,not_applicable,1,0,1
TXN_9878,CUST_1083,5864.54,NetBanking,network_error,10929.83,10,4,0.03,22,78,not_applicable,0,0,1
TXN_9879,CUST_1154,33383.69,UPI,authentication_failed,99310.33,17,1,0.75,13,55,not_applicable,0,4,0
TXN_9880,CUST_2166,18411.46,UPI,customer_abandoned,177811.01,3,2,0.94,16,14,inactive,1,0,0
TXN_9881,CUST_1545,40933.42,Card,authentication_failed,137958.94,21,4,0.91,1,13,active,1,2,1
TXN_9882,CUST_1059,47701.42,Card,card_expired,5932.88,29,5,0.92,19,54,not_applicable,0,0,0
TXN_9883,CUST_2801,5678.71,Wallet,insufficient_funds,43767.34,10,5,0.85,6,2,not_applicable,1,1,1
TXN_9884,CUST_2495,49142.6,Wallet,network_error,24388.69,2,8,0.41,13,74,not_applicable,1,4,0
TXN_9885,CUST_2799,25855.16,Card,insufficient_funds,127054.13,3,7,0.66,15,54,active,1,0,0
TXN_9886,CUST_2252,4539.13,NetBanking,customer_abandoned,7977.7,19,2,0.86,22,61,not_applicable,1,2,1
TXN_9887,CUST_1503,18416.47,Wallet,authentication_failed,90623.88,11,6,0.85,19,53,not_applicable,0,3,0
TXN_9888,CUST_2653,6019.05,UPI,customer_abandoned,137347.46,12,2,0.96,17,2,inactive,0,3,1
TXN_9889,CUST_2263,13130.06,NetBanking,authentication_failed,104453.02,17,3,0.97,1,30,active,1,0,1
TXN_9890,CUST_1055,18738.03,Card,network_error,77301.69,12,6,0.97,1,4,active,1,2,1
TXN_9891,CUST_1123,34389.93,Card,authentication_failed,47178.81,27,4,0.56,21,56,active,0,3,0
TXN_9892,CUST_2057,12086.06,Wallet,card_expired,179214.9,24,1,0.38,14,31,inactive,1,1,1
TXN_9893,CUST_1510,46592.85,UPI,insufficient_funds,40271.93,29,1,0.75,22,3,not_applicable,1,2,1
TXN_9894,CUST_2710,46032.17,Wallet,bank_declined,166577.38,21,1,0.71,7,3,active,0,0,1
TXN_9895,CUST_2724,24828.89,Wallet,card_expired,188954.66,0,8,0.02,2,48,active,1,4,0
TXN_9896,CUST_1234,12665.34,UPI,insufficient_funds,37818.37,24,5,0.23,0,17,inactive,0,2,0
TXN_9897,CUST_2325,49599.79,Wallet,network_error,174103.96,30,2,0.52,13,10,not_applicable,1,4,0
TXN_9898,CUST_2456,27874.11,NetBanking,card_expired,162504.21,28,6,0.84,3,89,active,1,1,1
TXN_9899,CUST_2848,23041.41,NetBanking,authentication_failed,127334.7,11,8,0.98,21,18,inactive,0,2,1
TXN_9900,CUST_2076,44891.99,Card,card_expired,169376.3,16,0,0.58,16,42,inactive,1,1,0
TXN_9901,CUST_2355,18933.34,Card,network_error,76477.42,5,3,0.78,18,10,inactive,0,1,1
TXN_9902,CUST_2521,15360.68,NetBanking,insufficient_funds,122105.92,4,4,0.42,17,84,not_applicable,1,2,1
TXN_9903,CUST_2601,47929.45,Card,bank_declined,101013.68,12,8,0.54,14,88,not_applicable,0,4,0
TXN_9904,CUST_2097,22917.52,UPI,network_error,38829.6,22,3,0.75,11,61,active,0,0,1
TXN_9905,CUST_2627,12324.56,NetBanking,bank_declined,166750.39,2,3,0.61,14,22,not_applicable,0,4,0
TXN_9906,CUST_1197,32636.75,Card,network_error,47488.3,2,6,0.27,9,29,active,1,4,1
TXN_9907,CUST_1684,46481.63,UPI,insufficient_funds,52119.65,25,6,0.93,16,33,active,0,3,1
TXN_9908,CUST_1069,5951.64,Card,customer_abandoned,12586.55,1,1,0.24,5,18,active,0,2,0
TXN_9909,CUST_2104,46384.66,NetBanking,network_error,49189.44,24,2,0.37,7,67,inactive,1,4,0
TXN_9910,CUST_2768,15173.5,NetBanking,authentication_failed,137189.26,18,3,0.43,20,52,not_applicable,0,1,0
TXN_9911,CUST_1341,36729.54,NetBanking,insufficient_funds,6380.73,18,1,0.29,6,47,not_applicable,1,4,0
TXN_9912,CUST_2596,22965.09,UPI,card_expired,136293.98,15,4,0.46,5,13,inactive,0,2,0
TXN_9913,CUST_2536,29829.38,Wallet,insufficient_funds,75281.06,18,5,0.93,4,15,active,1,3,0
TXN_9914,CUST_2635,29134.36,UPI,bank_declined,15266.49,19,8,0.49,18,72,active,1,0,1
TXN_9915,CUST_1226,24212.4,UPI,customer_abandoned,38508.15,9,4,0.7,23,62,not_applicable,1,0,1
TXN_9916,CUST_2439,47669.87,NetBanking,authentication_failed,39879.8,24,4,0.66,6,37,active,1,0,0
TXN_9917,CUST_1162,12469.53,Card,network_error,186925.08,29,8,0.39,3,77,inactive,1,3,1
TXN_9918,CUST_2646,48571.06,NetBanking,bank_declined,38427.9,22,5,0.83,5,28,inactive,1,4,0
TXN_9919,CUST_2232,11399.39,Wallet,card_expired,17741.17,18,5,0.16,11,0,inactive,1,1,1
TXN_9920,CUST_1574,22517.71,UPI,insufficient_funds,158397.9,0,8,0.33,15,82,active,1,2,1
TXN_9921,CUST_1021,2588.64,Card,card_expired,13524.25,19,3,0.7,9,52,inactive,0,4,1
TXN_9922,CUST_1922,39795.46,Card,bank_declined,98473.6,23,4,0.27,17,28,inactive,1,2,1
TXN_9923,CUST_2466,25521.63,NetBanking,network_error,95651.6,5,6,0.34,6,38,not_applicable,1,2,1
TXN_9924,CUST_2352,36467.85,UPI,insufficient_funds,140476.76,4,3,0.26,21,3,not_applicable,1,1,1
TXN_9925,CUST_2218,7523.85,Wallet,customer_abandoned,25198.77,14,8,0.79,5,69,inactive,1,0,0
TXN_9926,CUST_2173,38419.65,Card,authentication_failed,31339.99,10,0,0.91,8,5,inactive,0,0,1
TXN_9927,CUST_2165,43514.84,NetBanking,card_expired,71123.48,25,4,0.11,3,1,active,0,0,1
TXN_9928,CUST_1216,9154.26,Card,insufficient_funds,98643.27,23,1,0.95,2,31,active,1,1,1
TXN_9929,CUST_1505,30643.74,Wallet,authentication_failed,178452.45,9,6,0.63,13,53,not_applicable,1,3,0
TXN_9930,CUST_1411,49542.87,NetBanking,customer_abandoned,38295.31,16,1,0.52,11,87,active,0,1,0
TXN_9931,CUST_1344,132.38,UPI,authentication_failed,140706.61,0,4,0.27,6,89,not_applicable,1,0,0
TXN_9932,CUST_2865,13782.3,NetBanking,network_error,193396.47,18,0,0.89,8,30,inactive,1,2,1
TXN_9933,CUST_1526,5939.64,Wallet,authentication_failed,73466.37,8,4,0.59,4,82,active,0,0,1
TXN_9934,CUST_1840,48307.9,Wallet,insufficient_funds,150479.52,19,0,0.6,11,26,not_applicable,0,1,1
TXN_9935,CUST_1350,3794.02,Wallet,customer_abandoned,119609.35,2,5,0.54,3,80,not_applicable,1,0,1
TXN_9936,CUST_1067,16198.03,NetBanking,insufficient_funds,8898.48,21,4,0.42,8,54,inactive,1,1,0
TXN_9937,CUST_2088,39799.19,Card,card_expired,7720.66,16,4,0.87,1,8,inactive,1,4,0
TXN_9938,CUST_2758,18301.92,Wallet,authentication_failed,70001.17,1,5,0.6,20,63,not_applicable,0,2,0
TXN_9939,CUST_2037,32865.7,UPI,bank_declined,115154.65,30,4,0.14,3,55,active,0,4,0
TXN_9940,CUST_2233,42067.38,Card,network_error,132988.44,29,5,0.45,1,0,inactive,0,0,1
TXN_9941,CUST_1685,483.78,Card,authentication_failed,63065.59,20,0,0.05,21,1,inactive,0,3,0
TXN_9942,CUST_2975,41107.89,Wallet,customer_abandoned,57794.33,22,4,0.85,16,80,active,1,4,0
TXN_9943,CUST_2718,6350.59,UPI,card_expired,129267.82,21,3,0.15,1,30,not_applicable,0,3,1
TXN_9944,CUST_1732,7221.45,UPI,card_expired,79109.76,22,0,0.57,22,12,active,0,3,0
TXN_9945,CUST_1047,7750.09,NetBanking,bank_declined,64761.36,18,5,0.46,14,8,not_applicable,0,1,1
TXN_9946,CUST_1521,9444.93,UPI,insufficient_funds,70146.72,5,0,0.48,13,15,inactive,0,4,0
TXN_9947,CUST_2564,31324.81,NetBanking,card_expired,52063.88,13,1,0.77,1,53,inactive,0,3,1
TXN_9948,CUST_1811,4406.61,Wallet,network_error,125772.78,0,2,0.57,10,90,not_applicable,0,1,1
TXN_9949,CUST_1972,656.74,UPI,network_error,40939.61,15,3,0.41,5,50,not_applicable,1,3,1
TXN_9950,CUST_2094,28916.81,UPI,insufficient_funds,142752.65,25,5,0.86,23,16,not_applicable,1,0,1
TXN_9951,CUST_1838,34481.56,Wallet,card_expired,122079.93,2,8,0.99,11,47,active,1,3,0
TXN_9952,CUST_1938,13386.31,Wallet,customer_abandoned,26140.39,15,8,0.49,14,78,not_applicable,0,2,0
TXN_9953,CUST_2843,13580.32,NetBanking,insufficient_funds,97053.5,29,1,0.96,13,85,not_applicable,1,4,0
TXN_9954,CUST_2835,37212.64,UPI,insufficient_funds,78460.78,29,5,0.87,6,36,active,1,1,0
TXN_9955,CUST_2571,45518.85,NetBanking,card_expired,128364.98,13,6,0.2,21,74,inactive,1,3,0
TXN_9956,CUST_2057,45747.3,Wallet,authentication_failed,12053.68,25,0,0.3,1,59,not_applicable,0,4,0
TXN_9957,CUST_2650,1196.64,UPI,network_error,181475.54,26,0,0.29,8,14,active,1,4,1
TXN_9958,CUST_2772,49680.14,Wallet,bank_declined,62967.24,21,0,0.88,9,72,inactive,0,1,1
TXN_9959,CUST_2129,33189.98,Card,bank_declined,48976.94,3,0,0.5,7,8,active,0,2,1
TXN_9960,CUST_1729,47559.09,Wallet,customer_abandoned,13128.14,27,7,0.27,1,8,not_applicable,0,0,1
TXN_9961,CUST_2906,24053.79,Wallet,authentication_failed,120416.74,9,0,0.65,16,23,inactive,1,3,0
TXN_9962,CUST_1028,985.16,NetBanking,card_expired,187630.37,29,2,0.27,0,15,active,0,1,1
TXN_9963,CUST_2616,34136.45,Card,card_expired,48024.47,18,3,0.73,20,44,inactive,0,1,1
TXN_9964,CUST_1765,42844.83,Wallet,insufficient_funds,56429.59,7,3,0.2,17,33,inactive,1,1,1
TXN_9965,CUST_2282,16383.67,Wallet,authentication_failed,82961.86,2,2,0.79,3,76,inactive,1,3,0
TXN_9966,CUST_1475,22142.12,NetBanking,insufficient_funds,50728.21,10,4,0.76,18,48,active,1,3,1
TXN_9967,CUST_1126,46421.15,Wallet,customer_abandoned,30912.9,13,6,0.8,8,62,active,0,2,1
TXN_9968,CUST_1428,9381.71,NetBanking,customer_abandoned,81073.41,23,6,0.22,20,71,active,1,4,0
TXN_9969,CUST_1669,12033.85,NetBanking,authentication_failed,173612.3,14,5,0.11,3,87,inactive,1,4,1
TXN_9970,CUST_2071,349.42,UPI,insufficient_funds,131989.39,10,8,0.86,7,18,inactive,1,1,0
TXN_9971,CUST_1829,7284.88,UPI,network_error,139943.49,30,3,0.11,23,7,active,1,4,1
TXN_9972,CUST_2064,36623.13,Card,customer_abandoned,69848.67,2,0,0.31,19,43,not_applicable,0,3,0
TXN_9973,CUST_2134,3415.26,Card,customer_abandoned,23940.32,23,3,0.88,5,68,inactive,1,4,0
TXN_9974,CUST_1470,34674.01,NetBanking,bank_declined,153956.22,3,1,0.57,13,89,active,0,3,1
TXN_9975,CUST_1708,32648.26,UPI,bank_declined,91656.14,20,1,0.38,6,65,active,0,1,0
TXN_9976,CUST_1850,48599.71,Card,authentication_failed,130603.01,24,3,0.2,12,43,not_applicable,0,2,0
TXN_9977,CUST_2473,24877.22,Wallet,insufficient_funds,151836.04,10,2,0.67,1,38,not_applicable,0,2,1
TXN_9978,CUST_1297,34050.19,Wallet,customer_abandoned,5787.31,14,1,0.78,23,24,not_applicable,1,0,1
TXN_9979,CUST_1726,32854.82,Wallet,authentication_failed,23680.68,9,0,0.11,19,38,not_applicable,1,0,0
TXN_9980,CUST_2082,45520.62,Card,authentication_failed,121307.19,19,1,0.36,20,59,not_applicable,0,3,1
TXN_9981,CUST_2822,31341.5,Wallet,network_error,124396.02,3,5,0.49,8,45,not_applicable,0,3,0
TXN_9982,CUST_1215,12997.28,Wallet,insufficient_funds,22706.26,0,1,0.66,6,52,inactive,0,1,0
TXN_9983,CUST_1378,22563.32,UPI,insufficient_funds,71332.63,13,3,0.14,11,57,inactive,0,1,0
TXN_9984,CUST_1829,46677.62,NetBanking,customer_abandoned,17837.03,14,2,0.83,21,42,not_applicable,1,3,0
TXN_9985,CUST_2113,38709.42,NetBanking,card_expired,31080.27,25,1,0.13,22,21,active,1,1,0
TXN_9986,CUST_2568,44901.19,NetBanking,bank_declined,93716.52,26,1,0.87,8,31,active,0,4,0
TXN_9987,CUST_1512,9331.99,Card,network_error,66461.9,28,7,0.14,7,51,active,0,2,0
TXN_9988,CUST_2839,49264.01,UPI,bank_declined,109729.29,7,1,0.66,1,90,inactive,0,0,1
TXN_9989,CUST_2110,11290.53,UPI,bank_declined,67864.25,10,3,0.41,2,4,active,0,2,1
TXN_9990,CUST_2248,42539.58,UPI,bank_declined,51586.51,14,5,0.47,9,89,inactive,1,4,1
TXN_9991,CUST_1179,4460.51,Wallet,insufficient_funds,103065.8,30,3,0.14,11,72,inactive,0,4,0
TXN_9992,CUST_2986,38414.36,NetBanking,network_error,48152.53,26,1,0.85,15,19,not_applicable,1,3,1
TXN_9993,CUST_2685,9620.16,UPI,card_expired,93599.36,14,1,0.88,19,76,active,1,1,1
TXN_9994,CUST_2615,16445.82,NetBanking,insufficient_funds,130979.47,19,8,0.36,22,62,not_applicable,0,1,0
TXN_9995,CUST_1479,16666.75,Card,insufficient_funds,164370.92,13,5,0.97,11,84,not_applicable,1,3,0
TXN_9996,CUST_1142,28507.26,Card,bank_declined,21955.38,10,2,0.68,22,17,active,0,1,1
TXN_9997,CUST_2884,835.61,Wallet,authentication_failed,155599.09,13,1,0.07,21,62,inactive,0,0,0
TXN_9998,CUST_1178,47906.22,Card,authentication_failed,197064.18,1,8,0.16,11,43,not_applicable,0,3,0
TXN_9999,CUST_1372,28001.53,NetBanking,authentication_failed,91023.76,17,8,0.92,7,28,not_applicable,0,0,1
TXN_10000,CUST_2153,38249.89,Wallet,authentication_failed,54644.32,7,5,0.43,9,4,inactive,0,2,0
